Date,Payee,Category,Amount
2020-03-02,Chase Mortgage,Home:Mortgage,-5297.0
2020-03-02,Alimony,Home,-2200.0
2020-03-30,Alimony,Home,-2200.0
2020-04-01,Chase Mortgage,Home:Mortgage,-5297.0
2020-04-29,Alimony,Home,-2200.0
2020-05-01,Chase Mortgage,Home:Mortgage,-5297.0
2020-05-01,Chase Mortgage,Home:Mortgage,-5297.0
2020-05-28,Alimony,Home,-2200.0
2020-06-01,Chase Mortgage,Home:Mortgage,-5297.0
2020-06-29,Alimony,Home,-2200.0
2020-07-01,Chase Mortgage,Home:Mortgage,-5297.0
2020-07-29,Alimony,Home,-2200.0
2020-08-03,Chase Mortgage,Home:Mortgage,-5425.0
2020-08-28,Alimony,Home,-2200.0
2020-09-01,Chase Mortgage,Home:Mortgage,-5425.0
2020-09-29,Alimony,Home,-2200.0
2020-10-01,Chase Mortgage,Home:Mortgage,-5425.0
2020-10-28,Alimony,Home,-2200.0
2020-11-02,Chase Mortgage,Home:Mortgage,-5425.0
2020-11-27,Alimony,Home,-2200.0
2020-12-01,Chase Mortgage,Home:Mortgage,-5425.0
2020-12-29,Alimony,Home,-2200.0
2021-01-04,Chase Mortgage,Home:Mortgage,-5425.0
2021-01-28,Alimony,Home,-2200.0
2021-02-01,Chase Mortgage,Home:Mortgage,-5425.0
2021-02-25,Alimony,Home,-2200.0
2021-03-01,Chase Mortgage,Home:Mortgage,-5425.0
2021-03-30,Alimony,Home,-2200.0
2021-04-01,Chase Mortgage,Home:Mortgage,-5425.0
2021-04-28,Alimony,Home,-2200.0
2021-05-03,Chase Mortgage,Home:Mortgage,-5425.0
2021-05-27,Alimony,Home,-2200.0
2021-06-01,Chase Mortgage,Home:Mortgage,-5425.0
2021-06-29,Alimony,Home,-2200.0
2021-07-01,Chase Mortgage,Home:Mortgage,-5425.0
2021-07-28,Alimony,Home,-2200.0
2021-08-02,Chase Mortgage,Home:Mortgage,-5307.0
2021-08-30,Alimony,Home,-2200.0
2021-09-01,Chase Mortgage,Home:Mortgage,-5307.82
2021-09-01,Chase Mortgage,Home:Mortgage,-5307.0
2021-09-03,Nes Global Llc   Direct Dep                 Ppd Id: 9111111102,Uncategorized,6079.53
2021-09-03,Timber Consulting,Personal Income:Paycheck,6580.07
2021-09-03,American Gen Lif Ins Paymt                  Ppd Id: 4250598210,Uncategorized,-102.03
2021-09-15,Dentegra         Premium    466091015688    Web Id: 4942761537,Uncategorized,-21.79
2021-09-17,Online Payment 12406341794 To Kaiser Permanente 09/17,Uncategorized,-610.74
2021-09-17,Timber Consulting,Personal Income:Paycheck,6580.67
2021-09-27,Chase Mortgage,Home:Mortgage,-3445.44
2021-09-29,Alimony,Home,-2200.0
2021-10-01,Chase Mortgage,Home:Mortgage,-5307.82
2021-10-01,Timber Consulting,Personal Income:Paycheck,6580.07
2021-10-01,Chase Mortgage,Home:Mortgage,-5307.0
2021-10-05,American Gen Lif Ins Paymt                  Ppd Id: 4250598210,Uncategorized,-102.03
2021-10-13,Tax Prep,Uncategorized,-75.0
2021-10-15,Timber Consulting,Personal Income:Paycheck,6580.07
2021-10-15,Dentegra         Premium    466682142692    Web Id: 4942761537,Uncategorized,-21.79
2021-10-18,Online Payment 12609764925 To Kaiser Permanente 10/18,Uncategorized,-610.74
2021-10-21,Dania 4258239160 Wa                          10/20,Uncategorized,-2502.57
2021-10-25,Chase Mortgage,Home:Mortgage,-3470.86
2021-10-25,PCC Market,Groceries,-6.99
2021-10-28,Alimony,Home,-2200.0
2021-10-29,Timber Consulting,Personal Income:Paycheck,6580.07
2021-10-29,Amli Spring District,Home:Rent,-2890.32
2021-11-01,Chase Mortgage,Home:Mortgage,-5307.82
2021-11-01,Chase Mortgage,Home:Mortgage,-5307.0
2021-11-03,American Gen Lif Ins Paymt                  Ppd Id: 4250598210,Uncategorized,-102.03
2021-11-08,Atm Check Deposit 11/08 123 Bellevue Way Ne Bellevue Wa,Uncategorized,619.02
2021-11-12,Timber Consulting,Personal Income:Paycheck,6580.07
2021-11-15,Dentegra         Premium    466970491832    Web Id: 4942761537,Uncategorized,-21.79
2021-11-17,Online Payment 12823524131 To Kaiser Permanente 11/17,Uncategorized,-610.74
2021-11-22,ATM,Cash & ATM,-20.0
2021-11-26,Chase Mortgage,Home:Mortgage,-3609.09
2021-11-26,Timber Consulting,Personal Income:Paycheck,6580.07
2021-11-29,Alimony,Home,-2200.0
2021-12-01,Chase Mortgage,Home:Mortgage,-5307.0
2021-12-01,Chase Mortgage,Home:Mortgage,-5307.82
2021-12-02,Zelle Payment To Hi Rollerz Furniture Assembly Jpm873772132,Uncategorized,-70.0
2021-12-03,American Gen Lif Ins Paymt                  Ppd Id: 4250598210,Uncategorized,-102.03
2021-12-06,Amli Spring District,Home:Rent,-2594.03
2021-12-06,Zelle Payment To Luis Cleaning Jpm878397609,Uncategorized,-160.0
2021-12-10,Timber Consulting,Personal Income:Paycheck,6581.27
2021-12-17,Online Payment 13035272134 To Kaiser Permanente 12/17,Uncategorized,-610.74
2021-12-24,Timber Consulting,Personal Income:Paycheck,6580.07
2021-12-24,Chase Mortgage,Home:Mortgage,-2587.22
2021-12-29,Alimony,Home,-2200.0
2022-01-03,Amli Spring District,Home:Rent,-2593.2
2022-01-03,Chase Mortgage,Home:Mortgage,-5307.82
2022-01-05,American Gen Lif Ins Paymt                  Ppd Id: 4250598210,Uncategorized,-102.03
2022-01-07,Timber Consulting,Personal Income:Paycheck,6537.41
2022-01-18,Panda Express,Dining & Drinks:Restaurants,-12.88
2022-01-18,Earls,Dining & Drinks:Restaurants,-39.77
2022-01-18,Starbucks,Dining & Drinks:Restaurants,-4.13
2022-01-18,Paddy Coynes Irish Pub Bellevue Wa           01/18,Uncategorized,-58.76
2022-01-18,Online Payment 13251800924 To Kaiser Permanente 01/18,Uncategorized,-640.0
2022-01-18,Five Guys,Dining & Drinks:Restaurants,-24.96
2022-01-18,Panda Express,Dining & Drinks:Restaurants,-12.88
2022-01-19,Psi Services Llc Usd 818-847-6180 Ca         01/19,Uncategorized,-300.0
2022-01-19,Panda Express,Dining & Drinks:Restaurants,-13.1
2022-01-19,Starbucks,Dining & Drinks:Restaurants,-3.58
2022-01-20,Panda Express,Dining & Drinks:Restaurants,-2.58
2022-01-20,Chevron,Auto & Transport:Gas & Fuel,-47.92
2022-01-20,Panda Express,Dining & Drinks:Restaurants,-10.24
2022-01-21,QFC Foods,Groceries,-9.38
2022-01-21,PCC Market,Groceries,-10.18
2022-01-21,Timber Consulting,Personal Income:Paycheck,6536.81
2022-01-21,Belle Pastry,Dining & Drinks:Restaurants,-2.55
2022-01-21,Starbucks,Dining & Drinks:Restaurants,-3.8
2022-01-21,Panda Express,Dining & Drinks:Restaurants,-11.79
2022-01-24,Mod Pizza,Dining & Drinks:Restaurants,-25.21
2022-01-24,Haidilao Hot Pot Belle Bellevue Wa           01/23,Uncategorized,-133.61
2022-01-24,Panda Express,Dining & Drinks:Restaurants,-11.79
2022-01-24,Earls,Dining & Drinks:Restaurants,-25.0
2022-01-24,Panda Express,Dining & Drinks:Restaurants,-11.59
2022-01-24,Chipotle,Dining & Drinks:Restaurants,-18.94
2022-01-24,Chipotle,Dining & Drinks:Restaurants,-29.89
2022-01-25,PCC Market,Groceries,-2.69
2022-01-25,Panda Express,Dining & Drinks:Restaurants,-11.59
2022-01-25,Huel,Dining & Drinks:Restaurants,-98.5
2022-01-25,Chase Mortgage,Home:Mortgage,-1279.44
2022-01-25,Eqt*kfhp Of Wa. 800-2908900 Wa               01/24,Uncategorized,-30.0
2022-01-26,Premier Periodontics B 425-4552020 Wa        01/24,Uncategorized,-255.0
2022-01-26,Elizabeth Cleaning,Cleaning,-100.0
2022-01-26,Dentegra         Premium    466984402026    Web Id: 4942761537,Uncategorized,-65.37
2022-01-26,Panda Express,Dining & Drinks:Restaurants,-13.1
2022-01-27,Online Transfer From Chk ...5583 Transaction#: 13536269290,Uncategorized,6000.0
2022-01-27,PCC Market,Groceries,-6.99
2022-01-28,QFC Foods,Groceries,-3.91
2022-01-28,Linuxfoundation Httpswww.linu Ca             01/27,Uncategorized,-187.5
2022-01-28,Dr Dona Seely Bellevue Wa                    01/26,Uncategorized,-350.0
2022-01-28,Mayuri,Dining & Drinks:Restaurants,-14.3
2022-01-28,Chipotle,Dining & Drinks:Restaurants,-13.05
2022-01-31,Chase Mortgage,Home:Mortgage,-42.5
2022-01-31,Subway 56541 Bellevue Wa                     01/29,Uncategorized,-26.3
2022-01-31,Panda Express,Dining & Drinks:Restaurants,-11.79
2022-01-31,Nordstrom,Shopping,-2.75
2022-01-31,Chase Mortgage,Home:Mortgage,-2.5
2022-01-31,Panda Express,Dining & Drinks:Restaurants,-2.58
2022-01-31,Google Domain,Software ,-13.21
2022-01-31,Rose Market Bellevue Wa                      01/29,Uncategorized,-2.49
2022-01-31,Earls,Dining & Drinks:Restaurants,-34.5
2022-01-31,Panda Express,Dining & Drinks:Restaurants,-35.67
2022-01-31,Panda Express,Dining & Drinks:Restaurants,-9.22
2022-02-01,Online Transfer From Chk ...5583 Transaction#: 13573335303,Uncategorized,2256.03
2022-02-01,Chase Mortgage,Home:Mortgage,-5307.82
2022-02-01,Alimony,Home,-2200.0
2022-02-02,Mayuri,Dining & Drinks:Restaurants,-15.4
2022-02-02,UPS,Home,-2.7
2022-02-02,Mayuri,Dining & Drinks:Restaurants,-6.68
2022-02-03,Amli Spring District,Home:Rent,-2615.91
2022-02-03,American Gen Lif Ins Paymt                  Ppd Id: 4250598210,Uncategorized,-102.03
2022-02-03,Panda Express,Dining & Drinks:Restaurants,-11.79
2022-02-03,Google *gsuite Bluefi 650-253-0000 Ca        02/02,Software ,-0.21
2022-02-03,Starbucks,Dining & Drinks:Restaurants,-2.92
2022-02-04,Panda Express,Dining & Drinks:Restaurants,-11.79
2022-02-04,Starbucks,Dining & Drinks:Restaurants,-2.92
2022-02-04,Practice Materials London                    02/03,Uncategorized,-58.65
2022-02-04,Timber Consulting,Personal Income:Paycheck,6536.21
2022-02-04,QFC Foods,Groceries,-37.67
2022-02-07,Panda Express,Dining & Drinks:Restaurants,-11.59
2022-02-07,Chipotle,Dining & Drinks:Restaurants,-33.25
2022-02-07,Chipotle,Dining & Drinks:Restaurants,-18.06
2022-02-07,Shake Shack,Dining & Drinks:Restaurants,-37.24
2022-02-07,Panda Express,Dining & Drinks:Restaurants,-11.79
2022-02-07,Starbucks,Dining & Drinks:Restaurants,-2.92
2022-02-07,Starbucks,Dining & Drinks:Restaurants,-2.92
2022-02-08,Devops Institute Inc Httpsdevopsin Fl        02/07,Uncategorized,-245.0
2022-02-08,Chipotle,Dining & Drinks:Restaurants,-10.07
2022-02-09,Safeway,Groceries,-20.06
2022-02-09,Starbucks,Dining & Drinks:Restaurants,-2.92
2022-02-09,Safeway,Groceries,-8.14
2022-02-09,Sq *chaat House Bellevue Wa                  02/08,Uncategorized,-6.04
2022-02-09,Sq *chaat House Bellevue Wa                  02/08,Uncategorized,-11.82
2022-02-09,Panda Express,Dining & Drinks:Restaurants,-2.58
2022-02-09,Panda Express,Dining & Drinks:Restaurants,-9.22
2022-02-10,Panda Express,Dining & Drinks:Restaurants,-11.79
2022-02-10,Tax Prep,Uncategorized,-150.0
2022-02-11,Panda Express,Dining & Drinks:Restaurants,-11.79
2022-02-11,Gieco,Auto & Transport:Car Insurance,-83.05
2022-02-11,Elizabeth Cleaning,Cleaning,-80.0
2022-02-11,QFC Foods,Groceries,-11.38
2022-02-14,Chipotle,Dining & Drinks:Restaurants,-18.06
2022-02-14,Tst* Cactus - Bellevue Bellevue Wa           02/14,Uncategorized,-17.61
2022-02-14,Panda Express,Dining & Drinks:Restaurants,-23.78
2022-02-14,Five Guys,Dining & Drinks:Restaurants,-37.61
2022-02-14,Starbucks,Dining & Drinks:Restaurants,-2.92
2022-02-14,Panda Express,Dining & Drinks:Restaurants,-11.59
2022-02-14,QFC Foods,Groceries,-20.9
2022-02-14,Tavern Hall,Dining & Drinks,-65.71
2022-02-15,Starbucks,Dining & Drinks:Restaurants,-2.92
2022-02-15,Panda Express,Dining & Drinks:Restaurants,-12.88
2022-02-15,QFC Foods,Groceries,-1.79
2022-02-16,Century Theaters,Entertainment,-5.73
2022-02-16,Panda Express,Dining & Drinks:Restaurants,-11.59
2022-02-16,PSE,Utilities,-16.9
2022-02-16,Starbucks,Dining & Drinks:Restaurants,-2.92
2022-02-16,Century Theaters,Entertainment,-7.65
2022-02-16,Century Theaters,Entertainment,-11.84
2022-02-17,Panda Express,Dining & Drinks:Restaurants,-2.58
2022-02-17,Online Payment 13472778499 To Kaiser Permanente 02/17,Uncategorized,-640.0
2022-02-17,Starbucks,Dining & Drinks:Restaurants,-2.92
2022-02-17,Panda Express,Dining & Drinks:Restaurants,-9.22
2022-02-17,Atm Check Deposit 02/17 10550 Ne 8th St Bellevue Wa,Uncategorized,1358.9
2022-02-17,Chevron,Auto & Transport:Gas & Fuel,-48.85
2022-02-18,Timber Consulting,Personal Income:Paycheck,6777.49
2022-02-18,Panda Express,Dining & Drinks:Restaurants,-11.59
2022-02-18,Starbucks,Dining & Drinks:Restaurants,-2.92
2022-02-18,Belle Pastry,Dining & Drinks:Restaurants,-2.55
2022-02-22,Mayuri,Dining & Drinks:Restaurants,-15.4
2022-02-22,Udemy: Online Course Httpswww.udem Ca        02/19,Uncategorized,-77.06
2022-02-22,Huel,Dining & Drinks:Restaurants,-98.5
2022-02-22,Belle Pastry,Dining & Drinks:Restaurants,-6.39
2022-02-22,Elephant Car Wash - Bel Bellevue Wa          02/19,Uncategorized,-29.0
2022-02-22,Panda Express,Dining & Drinks:Restaurants,-12.88
2022-02-22,Panda Express,Dining & Drinks:Restaurants,-9.22
2022-02-22,Panda Express,Dining & Drinks:Restaurants,-11.59
2022-02-22,Belle Pastry,Dining & Drinks:Restaurants,-3.08
2022-02-22,Mayuri,Dining & Drinks:Restaurants,-2.19
2022-02-22,Mayuri,Dining & Drinks:Restaurants,-8.8
2022-02-22,PCC Market,Groceries,-7.49
2022-02-23,Mayuri,Dining & Drinks:Restaurants,-7.7
2022-02-23,Mayuri,Dining & Drinks:Restaurants,-3.84
2022-02-24,Chase Mortgage,Home:Mortgage,-1975.86
2022-02-25,Mayuri,Dining & Drinks:Restaurants,-15.4
2022-02-25,PCC Market,Groceries,-7.49
2022-02-25,QFC Foods,Groceries,-8.2
2022-02-25,Panda Express,Dining & Drinks:Restaurants,-11.59
2022-02-28,Starbucks,Dining & Drinks:Restaurants,-2.92
2022-02-28,Chipotle,Dining & Drinks:Restaurants,-18.94
2022-02-28,Shake Shack,Dining & Drinks:Restaurants,-37.24
2022-02-28,Elizabeth Cleaning,Cleaning,-80.0
2022-02-28,Mod Pizza,Dining & Drinks:Restaurants,-26.97
2022-02-28,Chipotle,Dining & Drinks:Restaurants,-18.06
2022-02-28,QFC Foods,Groceries,-12.1
2022-02-28,NY Times,Financial,-4.0
2022-02-28,Panda Express,Dining & Drinks:Restaurants,-11.59
2022-02-28,Alimony,Home,-2200.0
2022-02-28,Panda Express,Dining & Drinks:Restaurants,-11.59
2022-03-01,Panda Express,Dining & Drinks:Restaurants,-2.58
2022-03-01,Chase Mortgage,Home:Mortgage,-5307.82
2022-03-01,Amazon Kids+*1w6w84cx 888-802-3080 Wa        03/01,Uncategorized,-3.29
2022-03-01,Panda Express,Dining & Drinks:Restaurants,-10.24
2022-03-02,Google Domain,Software ,-6.4
2022-03-02,IRS,Uncategorized,5050.0
2022-03-02,Panda Express,Dining & Drinks:Restaurants,-11.59
2022-03-03,American Gen Lif Ins Paymt                  Ppd Id: 4250598210,Uncategorized,-102.03
2022-03-03,Amli Spring District,Home:Rent,-2680.18
2022-03-04,Panda Express,Dining & Drinks:Restaurants,-2.58
2022-03-04,Timber Consulting,Personal Income:Paycheck,6596.53
2022-03-04,QFC Foods,Groceries,-7.71
2022-03-04,Mayuri,Dining & Drinks:Restaurants,-15.4
2022-03-07,QFC Foods,Groceries,-3.58
2022-03-07,Chipotle,Dining & Drinks:Restaurants,-18.06
2022-03-07,T Mobile,Utilities:Phone,-154.23
2022-03-07,Five Guys,Dining & Drinks:Restaurants,-37.61
2022-03-07,Panda Express,Dining & Drinks:Restaurants,-11.79
2022-03-07,Panda Express,Dining & Drinks:Restaurants,-11.59
2022-03-07,PCC Market,Groceries,-6.99
2022-03-07,PCC Market,Groceries,-20.97
2022-03-07,Chipotle,Dining & Drinks:Restaurants,-18.94
2022-03-08,Insurance Renter Ins Renter 0972559         Web Id: 0000275677,Uncategorized,-104.0
2022-03-08,Chase Mortgage,Home:Mortgage,-149.16
2022-03-08,Panda Express,Dining & Drinks:Restaurants,-11.59
2022-03-09,Safeway,Groceries,-33.99
2022-03-09,Panda Express,Dining & Drinks:Restaurants,-12.88
2022-03-10,Panda Express,Dining & Drinks:Restaurants,-11.59
2022-03-11,PCC Market,Groceries,-7.49
2022-03-11,"Authenticid, Inc Payroll                    Ppd Id: P942875288",Uncategorized,3773.65
2022-03-14,Gieco,Auto & Transport:Car Insurance,-84.08
2022-03-14,Shake Shack,Dining & Drinks:Restaurants,-38.06
2022-03-14,Panda Express,Dining & Drinks:Restaurants,-23.78
2022-03-14,Chipotle,Dining & Drinks:Restaurants,-18.33
2022-03-14,YouTube,Software ,-13.2
2022-03-14,Nordstrom,Shopping,-4.13
2022-03-14,Panda Express,Dining & Drinks:Restaurants,-11.59
2022-03-14,Panda Express,Dining & Drinks:Restaurants,-11.59
2022-03-14,Panda Express,Dining & Drinks:Restaurants,-11.59
2022-03-15,Panda Express,Dining & Drinks:Restaurants,-10.24
2022-03-15,PCC Market,Groceries,-27.96
2022-03-15,Carillon Point Parking Kirkland Wa           03/14,Uncategorized,-6.0
2022-03-15,Panda Express,Dining & Drinks:Restaurants,-2.86
2022-03-15,Huel,Dining & Drinks:Restaurants,-98.5
2022-03-15,Chipotle,Dining & Drinks:Restaurants,-10.07
2022-03-16,Starbucks,Dining & Drinks:Restaurants,-3.14
2022-03-16,Panda Express,Dining & Drinks:Restaurants,-13.1
2022-03-17,Panda Express,Dining & Drinks:Restaurants,-12.88
2022-03-17,Nordstrom,Shopping,-2.75
2022-03-17,PSE,Utilities,-15.36
2022-03-17,Netflix,Entertainment,-17.05
2022-03-18,Bellevue Family Medicin Bellevue Wa          03/17,Uncategorized,-8.87
2022-03-18,Spring Deli & Mart Bellevue Wa               03/17,Uncategorized,-11.0
2022-03-18,Freshii - 2039 Bellevue Bellevue Wa          03/17,Uncategorized,-14.84
2022-03-18,Online Payment 13687208686 To Kaiser Permanente 03/18,Uncategorized,-640.0
2022-03-18,Nordstrom,Shopping,-20.72
2022-03-18,Panda Express,Dining & Drinks:Restaurants,-2.58
2022-03-18,Timber Consulting,Personal Income:Paycheck,6595.79
2022-03-21,PCC Market,Groceries,-18.37
2022-03-21,Chipotle,Dining & Drinks:Restaurants,-18.06
2022-03-21,Chipotle,Dining & Drinks:Restaurants,-28.68
2022-03-21,Elizabeth Cleaning,Cleaning,-80.0
2022-03-21,Panda Express,Dining & Drinks:Restaurants,-11.59
2022-03-21,Mod Pizza,Dining & Drinks:Restaurants,-39.14
2022-03-21,QFC Foods,Groceries,-3.58
2022-03-21,Panda Express,Dining & Drinks:Restaurants,-12.88
2022-03-21,T Mobile,Utilities:Phone,-75.0
2022-03-21,PCC Market,Groceries,-9.98
2022-03-22,Amazon,Shopping:Electronics,-16.5
2022-03-22,Safeway,Groceries,-25.87
2022-03-22,Soylent,Groceries,-32.3
2022-03-22,Panda Express,Dining & Drinks:Restaurants,-11.4
2022-03-22,Tst* Evergreens - Wa-01 Bellevue Wa          03/21,Uncategorized,-13.18
2022-03-23,Chevron,Auto & Transport:Gas & Fuel,-56.53
2022-03-23,Panda Express,Dining & Drinks:Restaurants,-11.59
2022-03-24,Panda Express,Dining & Drinks:Restaurants,-11.59
2022-03-25,"Authenticid, Inc Payroll                    Ppd Id: P942875288",Uncategorized,4330.69
2022-03-25,Panda Express,Dining & Drinks:Restaurants,-11.59
2022-03-25,PCC Market,Groceries,-7.49
2022-03-25,Atm Check Deposit 03/25 10550 Ne 8th St Bellevue Wa,Uncategorized,21.79
2022-03-25,NY Times,Financial,-4.0
2022-03-25,Nordstrom,Shopping,-2.75
2022-03-28,Panda Express,Dining & Drinks:Restaurants,-11.59
2022-03-28,Chipotle,Dining & Drinks:Restaurants,-29.89
2022-03-28,Tmobile*postpaid Tel 800-937-8997 Wa         03/25,Uncategorized,-235.0
2022-03-28,Bartell Drugs,Health:Pharmacy,-15.0
2022-03-28,Chipotle,Dining & Drinks:Restaurants,-28.68
2022-03-28,Panda Express,Dining & Drinks:Restaurants,-13.1
2022-03-28,Shake Shack,Dining & Drinks:Restaurants,-38.06
2022-03-28,QFC Foods,Groceries,-3.98
2022-03-29,PCC Market,Groceries,-7.49
2022-03-29,Panda Express,Dining & Drinks:Restaurants,-11.79
2022-03-30,Linkedin-677*8133076 Lnkd.in/bill Ca         03/29,Uncategorized,-264.11
2022-03-30,Google Domain,Software ,-6.61
2022-03-30,Panda Express,Dining & Drinks:Restaurants,-11.59
2022-03-31,Panda Express,Dining & Drinks:Restaurants,-10.24
2022-03-31,Amazon Kids+*168944d1 888-802-3080 Wa        03/31,Uncategorized,-3.29
2022-03-31,QFC Foods,Groceries,-13.95
2022-03-31,Panda Express,Dining & Drinks:Restaurants,-2.58
2022-03-31,Soylent,Groceries,-64.6
2022-04-01,Panda Express,Dining & Drinks:Restaurants,-11.79
2022-04-01,PCC Market,Groceries,-2.69
2022-04-01,QFC Foods,Groceries,-15.05
2022-04-01,Timber Consulting,Personal Income:Paycheck,6595.79
2022-04-01,Huel,Dining & Drinks:Restaurants,-183.0
2022-04-01,Chase Mortgage,Home:Mortgage,-5307.82
2022-04-04,Amli Spring District,Home:Rent,-2683.98
2022-04-04,Chipotle,Dining & Drinks:Restaurants,-18.94
2022-04-04,Panda Express,Dining & Drinks:Restaurants,-11.59
2022-04-04,Chipotle,Dining & Drinks:Restaurants,-29.4
2022-04-04,Mod Pizza,Dining & Drinks:Restaurants,-27.2
2022-04-04,Panda Express,Dining & Drinks:Restaurants,-11.59
2022-04-04,QFC Foods,Groceries,-3.98
2022-04-05,Panda Express,Dining & Drinks:Restaurants,-13.1
2022-04-05,Alimony,Home,-2200.0
2022-04-05,American Gen Lif Ins Paymt                  Ppd Id: 4250598210,Uncategorized,-102.03
2022-04-06,Panda Express,Dining & Drinks:Restaurants,-11.59
2022-04-07,Panda Express,Dining & Drinks:Restaurants,-11.59
2022-04-08,Idmetrics Inc.   Payroll                    Ppd Id: P942875288,Uncategorized,4330.69
2022-04-08,Panda Express,Dining & Drinks:Restaurants,-13.1
2022-04-11,Panda Express,Dining & Drinks:Restaurants,-9.22
2022-04-11,Elizabeth Cleaning,Cleaning,-80.0
2022-04-11,Panda Express,Dining & Drinks:Restaurants,-2.86
2022-04-11,Panda Express,Dining & Drinks:Restaurants,-11.59
2022-04-11,Nordstrom,Shopping,-2.75
2022-04-11,Panda Express,Dining & Drinks:Restaurants,-23.78
2022-04-11,Shake Shack,Dining & Drinks:Restaurants,-38.06
2022-04-11,QFC Foods,Groceries,-3.98
2022-04-11,Chipotle,Dining & Drinks:Restaurants,-19.71
2022-04-12,Gieco,Auto & Transport:Car Insurance,-79.86
2022-04-12,YouTube,Software ,-13.2
2022-04-12,Manning 203-626-1510 Httpswww.mann Ny        04/11,Uncategorized,-25.99
2022-04-12,Panda Express,Dining & Drinks:Restaurants,-11.79
2022-04-13,Panda Express,Dining & Drinks:Restaurants,-13.1
2022-04-14,Panda Express,Dining & Drinks:Restaurants,-11.79
2022-04-15,Timber Consulting,Personal Income:Paycheck,6595.79
2022-04-15,Soylent,Groceries,-64.6
2022-04-15,Panda Express,Dining & Drinks:Restaurants,-12.88
2022-04-15,PCC Market,Groceries,-7.49
2022-04-18,Belle Pastry,Dining & Drinks:Restaurants,-3.34
2022-04-18,Netflix,Entertainment,-17.05
2022-04-18,QFC Foods,Groceries,-3.98
2022-04-18,Chevron,Auto & Transport:Gas & Fuel,-4.39
2022-04-18,Chipotle,Dining & Drinks:Restaurants,-19.71
2022-04-18,PSE,Utilities,-15.36
2022-04-18,Five Guys,Dining & Drinks:Restaurants,-37.61
2022-04-18,Panda Express,Dining & Drinks:Restaurants,-11.59
2022-04-18,Chipotle,Dining & Drinks:Restaurants,-18.94
2022-04-19,Mayuri,Dining & Drinks:Restaurants,-16.5
2022-04-19,Panda Express,Dining & Drinks:Restaurants,-11.79
2022-04-20,Panda Express,Dining & Drinks:Restaurants,-11.79
2022-04-20,Nordstrom,Shopping,-3.58
2022-04-20,T Mobile,Utilities:Phone,-224.95
2022-04-21,Amazon,Shopping:Electronics,-16.5
2022-04-21,Panda Express,Dining & Drinks:Restaurants,-11.59
2022-04-22,PCC Market,Groceries,-7.29
2022-04-22,Idmetrics Inc.   Payroll                    Ppd Id: P942875288,Uncategorized,4330.69
2022-04-22,Panda Express,Dining & Drinks:Restaurants,-11.59
2022-04-22,Manning 203-626-1510 Httpswww.mann Ny        04/22,Uncategorized,-64.84
2022-04-25,NY Times,Financial,-4.0
2022-04-25,Panda Express,Dining & Drinks:Restaurants,-12.88
2022-04-25,Chipotle,Dining & Drinks:Restaurants,-19.71
2022-04-25,Barber Shop,Personal Care:Hair,-33.0
2022-04-25,Panda Express,Dining & Drinks:Restaurants,-11.79
2022-04-25,QFC Foods,Groceries,-3.98
2022-04-25,Elizabeth Cleaning,Cleaning,-80.0
2022-04-25,Chipotle,Dining & Drinks:Restaurants,-12.33
2022-04-25,Chevron,Auto & Transport:Gas & Fuel,-50.0
2022-04-25,Subway 56541 Bellevue Wa                     04/23,Uncategorized,-37.84
2022-04-26,Starbucks,Dining & Drinks:Restaurants,-4.35
2022-04-26,Atm Check Deposit 04/26 10550 Ne 8th St Bellevue Wa,Uncategorized,1281.56
2022-04-26,Freshii - 2039 Bellevue Bellevue Wa          04/25,Uncategorized,-15.72
2022-04-26,Panda Express,Dining & Drinks:Restaurants,-2.86
2022-04-26,What The Pho Xpress. L Bellevue Wa           04/26,Uncategorized,-14.85
2022-04-27,Med*cdi 800-634-4064 Mn                      04/27,Uncategorized,-19.1
2022-04-27,Starbucks,Dining & Drinks:Restaurants,-4.35
2022-04-27,Panda Express,Dining & Drinks:Restaurants,-2.58
2022-04-29,Timber Consulting,Personal Income:Paycheck,6595.78
2022-04-29,PCC Market,Groceries,-10.98
2022-04-29,Huel,Dining & Drinks:Restaurants,-183.0
2022-05-02,Amazon Kids+*1q1ff7jb 888-802-3080 Wa        04/30,Uncategorized,-3.29
2022-05-02,Google Domain,Software ,-6.61
2022-05-02,Panda Express,Dining & Drinks:Restaurants,-10.24
2022-05-02,Shake Shack,Dining & Drinks:Restaurants,-38.06
2022-05-02,QFC Foods,Groceries,-6.57
2022-05-02,Alimony,Home,-2200.0
2022-05-02,QFC Foods,Groceries,-7.18
2022-05-02,Quest Diagnostics 866-254-3859 Pa            04/30,Uncategorized,-7.0
2022-05-02,QFC Foods,Groceries,-27.15
2022-05-02,Chase Mortgage,Home:Mortgage,-5307.82
2022-05-02,Chipotle,Dining & Drinks:Restaurants,-10.02
2022-05-02,Soylent,Groceries,-64.6
2022-05-02,Chipotle,Dining & Drinks:Restaurants,-28.41
2022-05-03,Amli Spring District,Home:Rent,-2683.28
2022-05-03,Panda Express,Dining & Drinks:Restaurants,-12.88
2022-05-04,Best Buy #497 Bellevue Wa            509001  05/04,Uncategorized,-25.31
2022-05-04,Starbucks,Dining & Drinks:Restaurants,-4.35
2022-05-04,American Gen Lif Ins Paymt                  Ppd Id: 4250598210,Uncategorized,-102.03
2022-05-05,Tavern Hall,Dining & Drinks,-32.03
2022-05-06,Woods Coffee,Dining & Drinks:Restaurants,-10.06
2022-05-06,Id Metrics,Personal Income:Paycheck,4330.69
2022-05-06,Panda Express,Dining & Drinks:Restaurants,-11.59
2022-05-09,QFC Foods,Groceries,-3.98
2022-05-09,Chipotle,Dining & Drinks:Restaurants,-28.41
2022-05-09,QFC Foods,Groceries,-30.22
2022-05-09,QFC Foods,Groceries,-10.96
2022-05-09,Mod Pizza,Dining & Drinks:Restaurants,-39.14
2022-05-09,Chipotle,Dining & Drinks:Restaurants,-19.38
2022-05-09,Panda Express,Dining & Drinks:Restaurants,-14.53
2022-05-09,Panda Express,Dining & Drinks:Restaurants,-11.59
2022-05-10,Panda Express,Dining & Drinks:Restaurants,-11.59
2022-05-10,Panda Express,Dining & Drinks:Restaurants,-11.59
2022-05-11,Amazon Digital,Entertainment,-37.64
2022-05-11,Panda Express,Dining & Drinks:Restaurants,-11.59
2022-05-12,YouTube,Software ,-13.2
2022-05-12,Gieco,Auto & Transport:Car Insurance,-81.98
2022-05-13,Panda Express,Dining & Drinks:Restaurants,-11.79
2022-05-13,PCC Market,Groceries,-7.49
2022-05-13,Timber Consulting,Personal Income:Paycheck,6595.8
2022-05-13,Chipotle,Dining & Drinks:Restaurants,-9.69
2022-05-16,QFC Foods,Groceries,-12.08
2022-05-16,Soylent,Groceries,-64.6
2022-05-16,Shake Shack,Dining & Drinks:Restaurants,-38.06
2022-05-16,Netflix,Entertainment,-17.05
2022-05-16,QFC Foods,Groceries,-2.19
2022-05-16,QFC Foods,Groceries,-3.93
2022-05-16,Panda Express,Dining & Drinks:Restaurants,-11.59
2022-05-16,Chipotle,Dining & Drinks:Restaurants,-18.94
2022-05-16,Panda Express,Dining & Drinks:Restaurants,-11.79
2022-05-16,Chipotle,Dining & Drinks:Restaurants,-19.27
2022-05-17,Nordstrom,Shopping,-4.13
2022-05-17,Starbucks,Dining & Drinks:Restaurants,-4.35
2022-05-17,PCC Market,Groceries,-29.58
2022-05-17,PSE,Utilities,-15.96
2022-05-17,Panda Express,Dining & Drinks:Restaurants,-9.22
2022-05-18,Lady Yum Bell Square Bellevue Wa             05/17,Uncategorized,-10.0
2022-05-18,UPS,Home,-20.0
2022-05-18,Panda Express,Dining & Drinks:Restaurants,-10.24
2022-05-19,Nordstrom,Shopping,-3.69
2022-05-19,Panda Express,Dining & Drinks:Restaurants,-13.43
2022-05-19,North Face,Uncategorized,-164.05
2022-05-20,Id Metrics,Personal Income:Paycheck,4330.69
2022-05-20,PCC Market,Groceries,-7.49
2022-05-20,NY Times,Financial,-4.0
2022-05-20,T Mobile,Utilities:Phone,-156.17
2022-05-20,Panda Express,Dining & Drinks:Restaurants,-12.29
2022-05-23,QFC Foods,Groceries,-6.49
2022-05-23,Elizabeth Cleaning,Cleaning,-80.0
2022-05-23,Five Guys,Dining & Drinks:Restaurants,-33.73
2022-05-23,Panda Express,Dining & Drinks:Restaurants,-12.29
2022-05-23,Chipotle,Dining & Drinks:Restaurants,-19.71
2022-05-23,Panda Express,Dining & Drinks:Restaurants,-12.09
2022-05-23,Wa Vehicle Licensing 360-902-7470 Wa         05/22,Uncategorized,-274.24
2022-05-23,Chipotle,Dining & Drinks:Restaurants,-18.94
2022-05-23,Amazon,Shopping:Electronics,-16.5
2022-05-24,Chipotle,Dining & Drinks:Restaurants,-12.5
2022-05-24,Panda Express,Dining & Drinks:Restaurants,-9.71
2022-05-25,Manual Db-bkrg 05/25,Uncategorized,-50000.0
2022-05-25,Spears Inc Redmond Wa                        05/25,Uncategorized,-61.82
2022-05-25,Chipotle,Dining & Drinks:Restaurants,-10.07
2022-05-26,Chipotle,Dining & Drinks:Restaurants,-18.94
2022-05-26,Chipotle,Dining & Drinks:Restaurants,-13.32
2022-05-26,Bellevue Family Medici 425-4545311 Wa        05/25,Uncategorized,-31.32
2022-05-26,Spears Inc Redmond Wa                798611  05/26,Uncategorized,-3.29
2022-05-27,Timber Consulting,Personal Income:Paycheck,6597.81
2022-05-27,Chipotle,Dining & Drinks:Restaurants,-32.7
2022-05-27,QFC Foods,Groceries,-10.88
2022-05-31,Mod Pizza,Dining & Drinks:Restaurants,-39.14
2022-05-31,Chipotle,Dining & Drinks:Restaurants,-31.76
2022-05-31,Panda Express,Dining & Drinks:Restaurants,-25.87
2022-05-31,Google Domain,Software ,-6.61
2022-05-31,QFC Foods,Groceries,-6.65
2022-05-31,Chase Mortgage,Home:Mortgage,450.72
2022-05-31,Shake Shack,Dining & Drinks:Restaurants,-8.78
2022-05-31,Soylent,Groceries,-64.6
2022-05-31,Shake Shack,Dining & Drinks:Restaurants,-39.82
2022-05-31,Chipotle,Dining & Drinks:Restaurants,-18.94
2022-05-31,Amazon Kids,Shopping,-3.29
2022-05-31,Chipotle,Dining & Drinks:Restaurants,-9.78
2022-05-31,QFC Foods,Groceries,-6.49
2022-05-31,QFC Foods,Groceries,-7.99
2022-06-01,Huel,Dining & Drinks:Restaurants,-183.0
2022-06-01,Chase Mortgage,Home:Mortgage,-5307.82
2022-06-01,Chipotle,Dining & Drinks:Restaurants,-34.3
2022-06-01,Alimony,Home,-2200.0
2022-06-01,Potbelly,Dining & Drinks:Restaurants,-42.14
2022-06-01,Spring Deli & Mart Bellevue Wa               05/31,Uncategorized,-7.49
2022-06-02,Panda Express,Dining & Drinks:Restaurants,-12.09
2022-06-03,PCC Market,Groceries,-7.49
2022-06-03,AIG Life,Financial:Life Insurance,-102.03
2022-06-03,Amli Spring District,Home:Rent,-2678.49
2022-06-03,Panda Express,Dining & Drinks:Restaurants,-12.09
2022-06-03,Id Metrics,Personal Income:Paycheck,4330.69
2022-06-03,QFC Foods,Groceries,-22.61
2022-06-06,Panda Express,Dining & Drinks:Restaurants,-13.43
2022-06-06,Chipotle,Dining & Drinks:Restaurants,-9.69
2022-06-06,QFC Foods,Groceries,-7.57
2022-06-06,Shake Shack,Dining & Drinks:Restaurants,-28.04
2022-06-06,Panda Express,Dining & Drinks:Restaurants,-12.09
2022-06-06,Chipotle,Dining & Drinks:Restaurants,-12.5
2022-06-07,Panda Express,Dining & Drinks:Restaurants,-13.43
2022-06-08,Belle Pastry,Dining & Drinks:Restaurants,-3.47
2022-06-08,Century Theaters,Entertainment,-5.39
2022-06-08,Century Theaters,Entertainment,-11.84
2022-06-08,Century Theaters,Entertainment,-7.65
2022-06-08,Lady Yum Bell Square Bellevue Wa             06/07,Uncategorized,-10.0
2022-06-08,Panda Express,Dining & Drinks:Restaurants,-12.09
2022-06-08,Century Theaters,Entertainment,-5.89
2022-06-09,QFC Foods,Groceries,-37.76
2022-06-09,Panda Express,Dining & Drinks:Restaurants,-10.75
2022-06-10,Nordstrom,Shopping,-2.86
2022-06-10,Panda Express,Dining & Drinks:Restaurants,-12.09
2022-06-10,Timber Consulting,Personal Income:Paycheck,6596.46
2022-06-13,Chipotle,Dining & Drinks:Restaurants,-31.43
2022-06-13,Gieco,Auto & Transport:Car Insurance,-81.98
2022-06-13,Cheesecake Bellevue Bellevue Wa              06/11,Uncategorized,-18.46
2022-06-13,Five Guys,Dining & Drinks:Restaurants,-25.51
2022-06-13,Filson,Shopping,-434.9
2022-06-13,Chevron,Auto & Transport:Gas & Fuel,-62.14
2022-06-13,Chipotle,Dining & Drinks:Restaurants,-19.71
2022-06-13,YouTube,Software ,-13.2
2022-06-14,Panda Express,Dining & Drinks:Restaurants,-13.43
2022-06-15,Panda Express,Dining & Drinks:Restaurants,-12.09
2022-06-16,Netflix,Entertainment,-17.05
2022-06-16,PSE,Utilities,-15.61
2022-06-16,QFC Foods,Groceries,-8.9
2022-06-16,Panda Express,Dining & Drinks:Restaurants,-12.09
2022-06-17,Panda Express,Dining & Drinks:Restaurants,-12.09
2022-06-17,PCC Market,Groceries,-7.49
2022-06-17,Id Metrics,Personal Income:Paycheck,4331.25
2022-06-17,NY Times,Financial,-4.0
2022-06-21,T Mobile,Utilities:Phone,-170.0
2022-06-21,Chipotle,Dining & Drinks:Restaurants,-19.38
2022-06-21,Panda Express,Dining & Drinks:Restaurants,-12.09
2022-06-21,Amazon,Shopping:Electronics,-16.5
2022-06-21,Mayuri,Dining & Drinks:Restaurants,-15.05
2022-06-21,Panda Express,Dining & Drinks:Restaurants,-2.64
2022-06-21,Shake Shack,Dining & Drinks:Restaurants,-39.82
2022-06-21,Panda Express,Dining & Drinks:Restaurants,-8.63
2022-06-21,Elizabeth Cleaning,Cleaning,-80.0
2022-06-21,Panda Express,Dining & Drinks:Restaurants,-13.43
2022-06-21,Blue Ginger Bellevue Wa                      06/18,Uncategorized,-111.17
2022-06-22,QFC Foods,Groceries,-8.97
2022-06-22,Chipotle,Dining & Drinks:Restaurants,-12.72
2022-06-22,Bartell Drugs,Health:Pharmacy,-15.0
2022-06-23,Panda Express,Dining & Drinks:Restaurants,-12.09
2022-06-24,Timber Consulting,Personal Income:Paycheck,6595.79
2022-06-24,Panda Express,Dining & Drinks:Restaurants,-12.09
2022-06-24,PCC Market,Groceries,-12.9
2022-06-27,Chipotle,Dining & Drinks:Restaurants,-36.11
2022-06-27,Panda Express,Dining & Drinks:Restaurants,-13.43
2022-06-27,Chipotle,Dining & Drinks:Restaurants,-10.02
2022-06-27,Jersey Mikes,Dining & Drinks:Restaurants,-41.92
2022-06-27,Premier Periodontics M 206-2320683 Wa        06/24,Uncategorized,-99.0
2022-06-27,Panda Express,Dining & Drinks:Restaurants,-12.09
2022-06-28,Panda Express,Dining & Drinks:Restaurants,-13.43
2022-06-29,Uber,Auto & Transport,-18.98
2022-06-29,Safeway,Groceries,-15.98
2022-06-29,Alimony,Home,-2200.0
2022-06-29,Huel,Dining & Drinks:Restaurants,-183.0
2022-06-29,Uber,Auto & Transport,-10.96
2022-06-30,Amazon Kids,Shopping,-3.29
2022-06-30,Panda Express,Dining & Drinks:Restaurants,-2.38
2022-06-30,Uber,Auto & Transport,-14.92
2022-06-30,Uber,Auto & Transport,-11.9
2022-06-30,Google Domain,Software ,-6.61
2022-07-01,Panda Express,Dining & Drinks:Restaurants,-10.79
2022-07-01,PCC Market,Groceries,-9.92
2022-07-01,Id Metrics,Personal Income:Paycheck,4330.69
2022-07-01,Chase Mortgage,Home:Mortgage,-5307.82
2022-07-05,Applebees  Bel11211414 Bellevue Wa           07/02,Uncategorized,-65.18
2022-07-05,Chipotle,Dining & Drinks:Restaurants,-19.38
2022-07-05,Safeway,Groceries,-22.05
2022-07-05,Amli Spring District,Home:Rent,-2677.63
2022-07-05,Shake Shack,Dining & Drinks:Restaurants,-38.06
2022-07-05,Panda Express,Dining & Drinks:Restaurants,-12.09
2022-07-05,Panda Express,Dining & Drinks:Restaurants,-10.75
2022-07-05,Panda Express,Dining & Drinks:Restaurants,-13.43
2022-07-05,Med*cdi 800-634-4064 Mn                      07/02,Uncategorized,-8.6
2022-07-05,Safeway,Groceries,-13.86
2022-07-05,Wa Vehicle Licensing 360-902-7470 Wa         07/04,Uncategorized,-256.73
2022-07-05,Safeway,Groceries,-5.99
2022-07-06,Panda Express,Dining & Drinks:Restaurants,-2.64
2022-07-06,Panda Express,Dining & Drinks:Restaurants,-10.79
2022-07-06,AIG Life,Financial:Life Insurance,-102.03
2022-07-07,Panda Express,Dining & Drinks:Restaurants,-12.09
2022-07-08,Safeway,Groceries,-5.99
2022-07-08,Timber Consulting,Personal Income:Paycheck,6595.79
2022-07-08,PCC Market,Groceries,-4.73
2022-07-08,Panda Express,Dining & Drinks:Restaurants,-12.09
2022-07-11,Safeway,Groceries,-17.67
2022-07-11,Jersey Mikes,Dining & Drinks:Restaurants,-41.92
2022-07-11,Mayuri,Dining & Drinks:Restaurants,-7.48
2022-07-11,Chipotle,Dining & Drinks:Restaurants,-19.71
2022-07-11,QFC Foods,Groceries,-3.93
2022-07-11,Panda Express,Dining & Drinks:Restaurants,-13.43
2022-07-11,Chipotle,Dining & Drinks:Restaurants,-29.07
2022-07-11,Mod Pizza,Dining & Drinks:Restaurants,-11.93
2022-07-11,Panda Express,Dining & Drinks:Restaurants,-12.09
2022-07-12,YouTube,Software ,-13.2
2022-07-12,Panda Express,Dining & Drinks:Restaurants,-13.43
2022-07-12,Gieco,Auto & Transport:Car Insurance,-82.0
2022-07-13,Safeway,Groceries,-5.99
2022-07-14,Elizabeth Cleaning,Cleaning,-80.0
2022-07-14,Panda Express,Dining & Drinks:Restaurants,-13.65
2022-07-15,PCC Market,Groceries,-3.99
2022-07-15,NY Times,Financial,-4.0
2022-07-15,Id Metrics,Personal Income:Paycheck,4331.25
2022-07-15,Panda Express,Dining & Drinks:Restaurants,-12.29
2022-07-18,Chipotle,Dining & Drinks:Restaurants,-19.71
2022-07-18,Barber Shop,Personal Care:Hair,-40.0
2022-07-18,Panda Express,Dining & Drinks:Restaurants,-12.09
2022-07-18,PSE,Utilities,-17.0
2022-07-18,Netflix,Entertainment,-17.05
2022-07-18,Mayuri,Dining & Drinks:Restaurants,-9.98
2022-07-18,Arco#83650pmar Bellevue Wa                   07/16,Uncategorized,-57.19
2022-07-18,QFC Foods,Groceries,-7.15
2022-07-18,Starbucks,Dining & Drinks:Restaurants,-4.35
2022-07-18,Atm Check Deposit 07/18 10550 Ne 8th St Bellevue Wa,Uncategorized,20.0
2022-07-18,Panda Express,Dining & Drinks:Restaurants,-12.29
2022-07-18,Shake Shack,Dining & Drinks:Restaurants,-45.75
2022-07-18,Chipotle,Dining & Drinks:Restaurants,-18.94
2022-07-19,131 Kp Pfs Ivr 888-901-4636 Wa               07/18,Uncategorized,-5.0
2022-07-19,PearsonVue Testing,Education,-300.0
2022-07-19,Panda Express,Dining & Drinks:Restaurants,-12.09
2022-07-20,T Mobile,Utilities:Phone,-170.0
2022-07-20,Panda Express,Dining & Drinks:Restaurants,-12.09
2022-07-21,Panda Express,Dining & Drinks:Restaurants,-2.38
2022-07-21,Chipotle,Dining & Drinks:Restaurants,-10.29
2022-07-21,Amazon,Shopping:Electronics,-16.5
2022-07-22,Timber Consulting,Personal Income:Paycheck,7194.0
2022-07-22,PCC Market,Groceries,-7.49
2022-07-22,Panda Express,Dining & Drinks:Restaurants,-12.09
2022-07-25,Chipotle,Dining & Drinks:Restaurants,-19.71
2022-07-25,Mayuri,Dining & Drinks:Restaurants,-8.8
2022-07-25,Safeway,Groceries,-5.99
2022-07-25,Mod Pizza,Dining & Drinks:Restaurants,-39.14
2022-07-25,Bellevue Brewery,Dining & Drinks:Restaurants,-30.56
2022-07-25,Mayuri,Dining & Drinks:Restaurants,-3.62
2022-07-25,Panda Express,Dining & Drinks:Restaurants,-12.29
2022-07-25,Panda Express,Dining & Drinks:Restaurants,-12.09
2022-07-25,Chipotle,Dining & Drinks:Restaurants,-30.17
2022-07-26,Panda Express,Dining & Drinks:Restaurants,-9.71
2022-07-26,QFC Foods,Groceries,-2.3
2022-07-27,Panda Express,Dining & Drinks:Restaurants,-10.79
2022-07-27,Century Theaters,Entertainment,-12.88
2022-07-27,Century Theaters,Entertainment,-19.49
2022-07-28,Mayuri,Dining & Drinks:Restaurants,-3.49
2022-07-28,Chipotle,Dining & Drinks:Restaurants,-13.65
2022-07-29,Soylent,Groceries,-64.6
2022-07-29,QFC Foods,Groceries,-23.48
2022-07-29,Chipotle,Dining & Drinks:Restaurants,-13.65
2022-07-29,Id Metrics,Personal Income:Paycheck,4379.59
2022-08-01,Shake Shack,Dining & Drinks:Restaurants,-4.16
2022-08-01,Shake Shack,Dining & Drinks:Restaurants,-41.68
2022-08-01,Chase Mortgage,Home:Mortgage,-5580.2
2022-08-01,Chipotle,Dining & Drinks:Restaurants,-10.02
2022-08-01,Chipotle,Dining & Drinks:Restaurants,-13.32
2022-08-01,Amazon Kids,Shopping,-5.49
2022-08-01,Panda Express,Dining & Drinks:Restaurants,-13.43
2022-08-01,Alimony,Home,-2200.0
2022-08-01,Chipotle,Dining & Drinks:Restaurants,-18.94
2022-08-01,Affordable Washington 360-863-3784 Wa        07/29,Uncategorized,-50.0
2022-08-01,Google Domain,Software ,-6.61
2022-08-02,PearsonVue Testing,Education,-150.0
2022-08-02,Chipotle,Dining & Drinks:Restaurants,-13.65
2022-08-02,Bartell Drugs,Health:Pharmacy,-15.0
2022-08-03,Dickeys,Dining & Drinks:Restaurants,-14.29
2022-08-03,Panda Express,Dining & Drinks:Restaurants,-12.09
2022-08-03,AIG Life,Financial:Life Insurance,-102.03
2022-08-03,Amli Spring District,Home:Rent,-2677.61
2022-08-04,Panda Express,Dining & Drinks:Restaurants,-12.09
2022-08-05,Mayuri,Dining & Drinks:Restaurants,-13.2
2022-08-05,Timber Consulting,Personal Income:Paycheck,8785.59
2022-08-05,Panda Express,Dining & Drinks:Restaurants,-12.09
2022-08-05,Id Metrics,Personal Income:Paycheck,5679.81
2022-08-08,Mayuri,Dining & Drinks:Restaurants,-2.49
2022-08-08,Mayuri,Dining & Drinks:Restaurants,-13.2
2022-08-08,Century Theaters,Entertainment,-25.24
2022-08-08,Amzn Mktp Us*cp8he28 Amzn.com/bill Wa        08/08,Uncategorized,-26.41
2022-08-08,QFC Foods,Groceries,-13.78
2022-08-08,Bartell Drugs,Health:Pharmacy,-2.2
2022-08-08,Century Theaters,Entertainment,-13.71
2022-08-08,Belle Pastry,Dining & Drinks:Restaurants,-3.62
2022-08-08,Panda Express,Dining & Drinks:Restaurants,-13.43
2022-08-08,Chipotle,Dining & Drinks:Restaurants,-10.57
2022-08-08,Five Guys,Dining & Drinks:Restaurants,-31.77
2022-08-08,Panda Express,Dining & Drinks:Restaurants,-12.09
2022-08-09,Bartell Drugs,Health:Pharmacy,-15.47
2022-08-09,Panda Express,Dining & Drinks:Restaurants,-2.64
2022-08-09,Huel,Dining & Drinks:Restaurants,-158.0
2022-08-10,Mayuri,Dining & Drinks:Restaurants,-14.3
2022-08-11,Chipotle,Dining & Drinks:Restaurants,-13.98
2022-08-12,Gieco,Auto & Transport:Car Insurance,-65.5
2022-08-12,Chipotle,Dining & Drinks:Restaurants,-12.11
2022-08-12,NY Times,Financial,-4.0
2022-08-12,PCC Market,Groceries,-2.21
2022-08-12,YouTube,Software ,-13.2
2022-08-15,Chipotle,Dining & Drinks:Restaurants,-23.89
2022-08-15,Belle Pastry,Dining & Drinks:Restaurants,-2.4
2022-08-15,India Supermarket Bellevue Wa                08/14,Uncategorized,-8.49
2022-08-15,Panda Express,Dining & Drinks:Restaurants,-13.43
2022-08-15,Shake Shack,Dining & Drinks:Restaurants,-41.9
2022-08-15,Chipotle,Dining & Drinks:Restaurants,-20.7
2022-08-15,Panda Express,Dining & Drinks:Restaurants,-12.09
2022-08-15,WindRiver,Personal Income:Paycheck,6965.73
2022-08-16,Huel,Dining & Drinks:Restaurants,-188.0
2022-08-16,PSE,Utilities,-17.88
2022-08-16,Chipotle,Dining & Drinks:Restaurants,-13.98
2022-08-16,Wa Gastro Colon Prep 800-734-6855 Wa         08/15,Uncategorized,-46.0
2022-08-17,Huel,Dining & Drinks:Restaurants,188.0
2022-08-17,Netflix,Entertainment,-17.05
2022-08-17,Panda Express,Dining & Drinks:Restaurants,-12.09
2022-08-17,Elizabeth Cleaning,Cleaning,-80.0
2022-08-17,QFC Foods,Groceries,-4.99
2022-08-18,Panda Express,Dining & Drinks:Restaurants,-12.09
2022-08-18,Chipotle,Dining & Drinks:Restaurants,-13.27
2022-08-19,Chipotle,Dining & Drinks:Restaurants,-13.98
2022-08-19,PCC Market,Groceries,-12.76
2022-08-22,Chevron,Auto & Transport:Gas & Fuel,-56.2
2022-08-22,Chipotle,Dining & Drinks:Restaurants,-20.7
2022-08-22,Panda Express,Dining & Drinks:Restaurants,-13.43
2022-08-22,Safeway,Groceries,-3.84
2022-08-22,Jersey Mikes,Dining & Drinks:Restaurants,-41.92
2022-08-22,Chipotle,Dining & Drinks:Restaurants,-23.29
2022-08-22,T Mobile,Utilities:Phone,-170.0
2022-08-22,Panda Express,Dining & Drinks:Restaurants,-13.21
2022-08-22,Amazon,Shopping:Electronics,-16.5
2022-08-23,Chipotle,Dining & Drinks:Restaurants,-14.31
2022-08-24,Panda Express,Dining & Drinks:Restaurants,-12.09
2022-08-24,QFC Foods,Groceries,-21.44
2022-08-26,Id Metrics,Personal Income:Paycheck,10252.64
2022-08-26,Chipotle,Dining & Drinks:Restaurants,-13.98
2022-08-26,Uber,Auto & Transport,-6.98
2022-08-29,Panda Express,Dining & Drinks:Restaurants,-12.09
2022-08-29,QFC Foods,Groceries,-28.14
2022-08-29,Soylent,Groceries,-64.6
2022-08-29,Shake Shack,Dining & Drinks:Restaurants,-41.9
2022-08-29,Chipotle,Dining & Drinks:Restaurants,-23.09
2022-08-29,Mod Pizza,Dining & Drinks:Restaurants,-40.29
2022-08-29,Panda Express,Dining & Drinks:Restaurants,-27.3
2022-08-29,Chipotle,Dining & Drinks:Restaurants,-9.78
2022-08-30,Amazon Kids,Shopping,-5.49
2022-08-30,Google Domain,Software ,-6.61
2022-08-30,Five Guys,Dining & Drinks:Restaurants,-45.25
2022-08-31,QFC Foods,Groceries,-1.99
2022-08-31,WindRiver,Personal Income:Paycheck,6965.75
2022-08-31,Chipotle,Dining & Drinks:Restaurants,-34.52
2022-08-31,Alimony,Home,-2200.0
2022-08-31,Applebees  Bel11211414 Bellevue Wa           08/30,Uncategorized,-54.62
2022-09-01,Jersey Mikes,Dining & Drinks:Restaurants,-42.14
2022-09-01,Jersey Mikes,Dining & Drinks:Restaurants,-19.04
2022-09-01,Chase Mortgage,Home:Mortgage,-5580.2
2022-09-01,QFC Foods,Groceries,-12.48
2022-09-01,Jersey Mikes,Dining & Drinks:Restaurants,19.26
2022-09-02,Panda Express,Dining & Drinks:Restaurants,-36.99
2022-09-02,Chipotle,Dining & Drinks:Restaurants,-21.25
2022-09-06,Chipotle,Dining & Drinks:Restaurants,-21.25
2022-09-06,Chipotle,Dining & Drinks:Restaurants,-3.58
2022-09-06,Amli Spring District,Home:Rent,-2687.42
2022-09-06,Chipotle,Dining & Drinks:Restaurants,-30.06
2022-09-06,Chipotle,Dining & Drinks:Restaurants,-30.44
2022-09-06,Staples       00113357 Bellevue Wa           09/04,Uncategorized,-10.23
2022-09-06,Chipotle,Dining & Drinks:Restaurants,-20.04
2022-09-06,QFC Foods,Groceries,-8.46
2022-09-06,Jersey Mikes,Dining & Drinks:Restaurants,-41.36
2022-09-06,AIG Life,Financial:Life Insurance,-102.03
2022-09-06,Dickeys,Dining & Drinks:Restaurants,-29.71
2022-09-06,Shake Shack,Dining & Drinks:Restaurants,-41.9
2022-09-07,Panda Express,Dining & Drinks:Restaurants,-36.99
2022-09-07,Chipotle,Dining & Drinks:Restaurants,-3.25
2022-09-07,Chipotle,Dining & Drinks:Restaurants,-21.25
2022-09-07,Chevron,Auto & Transport:Gas & Fuel,-53.95
2022-09-07,Potbelly,Dining & Drinks:Restaurants,-37.08
2022-09-08,Chipotle,Dining & Drinks:Restaurants,-50.1
2022-09-08,UPS,Home,-1.04
2022-09-08,Bartell Drugs,Health:Pharmacy,-10.0
2022-09-08,Belle Pastry,Dining & Drinks:Restaurants,-3.62
2022-09-08,QFC Foods,Groceries,-14.69
2022-09-09,NY Times,Financial,-4.0
2022-09-09,Potbelly,Dining & Drinks:Restaurants,-10.89
2022-09-09,Panda Express,Dining & Drinks:Restaurants,-12.29
2022-09-12,Chipotle,Dining & Drinks:Restaurants,-10.57
2022-09-12,Panda Express,Dining & Drinks:Restaurants,-13.43
2022-09-12,Chipotle,Dining & Drinks:Restaurants,-14.31
2022-09-12,Chipotle,Dining & Drinks:Restaurants,-3.58
2022-09-12,Huel,Dining & Drinks:Restaurants,-188.0
2022-09-12,Gieco,Auto & Transport:Car Insurance,-65.53
2022-09-12,YouTube,Software ,-13.2
2022-09-12,Chipotle,Dining & Drinks:Restaurants,-21.25
2022-09-12,Shake Shack,Dining & Drinks:Restaurants,-28.04
2022-09-13,Chipotle,Dining & Drinks:Restaurants,-14.31
2022-09-13,Mayuri,Dining & Drinks:Restaurants,-5.99
2022-09-14,Mayuri,Dining & Drinks:Restaurants,-7.7
2022-09-14,Amazon,Shopping:Electronics,-5.77
2022-09-14,Chipotle,Dining & Drinks:Restaurants,-14.31
2022-09-15,WindRiver,Personal Income:Paycheck,6965.75
2022-09-15,Chipotle,Dining & Drinks:Restaurants,-13.98
2022-09-16,PSE,Utilities,-24.38
2022-09-16,Netflix,Entertainment,-17.05
2022-09-16,Chipotle,Dining & Drinks:Restaurants,-14.31
2022-09-16,PCC Market,Groceries,-7.49
2022-09-19,Panda Express,Dining & Drinks:Restaurants,-12.09
2022-09-19,Shake Shack,Dining & Drinks:Restaurants,-41.9
2022-09-19,Safeway,Groceries,-13.98
2022-09-19,Frg*fanatics.com 877-833-7397 Fl             09/18,Uncategorized,-48.41
2022-09-19,Chipotle,Dining & Drinks:Restaurants,-20.04
2022-09-19,Panda Express,Dining & Drinks:Restaurants,-13.43
2022-09-19,Starbucks,Dining & Drinks:Restaurants,-4.02
2022-09-19,Kindle,Education,46.24
2022-09-19,Kindle,Education,-46.24
2022-09-19,UPS,Home,-324.0
2022-09-19,Kindle,Education,-46.24
2022-09-19,Mayuri,Dining & Drinks:Restaurants,-6.59
2022-09-19,Chipotle,Dining & Drinks:Restaurants,-20.04
2022-09-20,PCC Market,Groceries,-7.98
2022-09-20,Chipotle,Dining & Drinks:Restaurants,-14.31
2022-09-20,T Mobile,Utilities:Phone,-170.0
2022-09-21,Mayuri,Dining & Drinks:Restaurants,-7.7
2022-09-21,Chipotle,Dining & Drinks:Restaurants,-14.31
2022-09-21,Bartell Drugs,Health:Pharmacy,-4.89
2022-09-21,Manual Db-bkrg 09/21,Uncategorized,-50000.0
2022-09-21,Amazon,Shopping:Electronics,-16.5
2022-09-22,Soylent,Groceries,-78.0
2022-09-22,Chipotle,Dining & Drinks:Restaurants,-14.31
2022-09-22,Century Theaters,Entertainment,-10.3
2022-09-23,Chipotle,Dining & Drinks:Restaurants,-10.73
2022-09-26,Starbucks,Dining & Drinks:Restaurants,-4.02
2022-09-26,Panda Express,Dining & Drinks:Restaurants,-12.09
2022-09-26,Auntie Anne's Wa 101 Bellevue Wa             09/23,Uncategorized,-4.99
2022-09-26,Panda Express,Dining & Drinks:Restaurants,-13.43
2022-09-26,Chipotle,Dining & Drinks:Restaurants,-23.89
2022-09-26,Mod Pizza,Dining & Drinks:Restaurants,-15.71
2022-09-26,Chipotle,Dining & Drinks:Restaurants,-10.57
2022-09-26,Jersey Mikes,Dining & Drinks:Restaurants,-41.92
2022-09-27,Elizabeth Cleaning,Cleaning,-90.0
2022-09-27,Wa Driver License Ren 360-902-7470 Wa        09/27,Uncategorized,-10.3
2022-09-27,Chipotle,Dining & Drinks:Restaurants,-13.98
2022-09-28,Chipotle,Dining & Drinks:Restaurants,-14.31
2022-09-29,Google Domain,Software ,-6.61
2022-09-29,Chipotle,Dining & Drinks:Restaurants,-14.31
2022-09-29,QFC Foods,Groceries,-11.68
2022-09-29,Alimony,Home,-2200.0
2022-09-30,WindRiver,Personal Income:Paycheck,6965.76
2022-09-30,Amazon Kids,Shopping,-5.49
2022-09-30,Stir,Entertainment,-65.99
2022-09-30,Panda Express,Dining & Drinks:Restaurants,-12.29
2022-10-03,Chipotle,Dining & Drinks:Restaurants,-10.57
2022-10-03,Chipotle,Dining & Drinks:Restaurants,-23.89
2022-10-03,Chipotle,Dining & Drinks:Restaurants,-3.58
2022-10-03,Safeway,Groceries,-10.95
2022-10-03,Chevron,Auto & Transport:Gas & Fuel,-64.31
2022-10-03,Century Theaters,Entertainment,-10.3
2022-10-03,Mod Pizza,Dining & Drinks:Restaurants,-26.68
2022-10-03,Amli Spring District,Home:Rent,-2683.02
2022-10-03,Chase Mortgage,Home:Mortgage,-5580.2
2022-10-03,Chipotle,Dining & Drinks:Restaurants,-10.73
2022-10-03,Belle Pastry,Dining & Drinks:Restaurants,-2.4
2022-10-03,Panda Express,Dining & Drinks:Restaurants,-13.21
2022-10-04,Chipotle,Dining & Drinks:Restaurants,-13.98
2022-10-05,Soylent,Groceries,-78.0
2022-10-05,Mayuri,Dining & Drinks:Restaurants,-7.7
2022-10-05,Huel,Dining & Drinks:Restaurants,-188.0
2022-10-05,Chipotle,Dining & Drinks:Restaurants,-13.98
2022-10-05,AIG Life,Financial:Life Insurance,-102.03
2022-10-06,Emirates,Uncategorized,-2402.0
2022-10-06,Chipotle,Dining & Drinks:Restaurants,-13.98
2022-10-07,Mayuri,Dining & Drinks:Restaurants,-15.4
2022-10-07,Chipotle,Dining & Drinks:Restaurants,-14.31
2022-10-07,NY Times,Financial,-4.0
2022-10-11,Belle Pastry,Dining & Drinks:Restaurants,-2.4
2022-10-11,Panda Express,Dining & Drinks:Restaurants,-13.43
2022-10-11,Mayuri,Dining & Drinks:Restaurants,-13.2
2022-10-11,Chipotle,Dining & Drinks:Restaurants,-21.25
2022-10-11,Kindle,Education,46.24
2022-10-11,Chipotle,Dining & Drinks:Restaurants,-3.25
2022-10-11,Panda Express,Dining & Drinks:Restaurants,-12.09
2022-10-11,Chipotle,Dining & Drinks:Restaurants,-20.04
2022-10-11,Shake Shack,Dining & Drinks:Restaurants,-50.97
2022-10-11,QFC Foods,Groceries,-11.0
2022-10-11,Chipotle,Dining & Drinks:Restaurants,-13.98
2022-10-12,Bartell Drugs,Health:Pharmacy,-10.0
2022-10-12,YouTube,Software ,-13.2
2022-10-12,Gieco,Auto & Transport:Car Insurance,-65.53
2022-10-12,Chipotle,Dining & Drinks:Restaurants,-13.98
2022-10-12,Kindle,Education,-46.24
2022-10-13,Panda Express,Dining & Drinks:Restaurants,-12.29
2022-10-14,Chipotle,Dining & Drinks:Restaurants,-13.98
2022-10-14,WindRiver,Personal Income:Paycheck,6965.74
2022-10-17,Netflix,Entertainment,-17.05
2022-10-17,Chipotle,Dining & Drinks:Restaurants,-13.98
2022-10-17,Panda Express,Dining & Drinks:Restaurants,-13.43
2022-10-17,Jersey Mikes,Dining & Drinks:Restaurants,-41.58
2022-10-17,PCC Market,Groceries,-4.99
2022-10-17,Belle Pastry,Dining & Drinks:Restaurants,-2.4
2022-10-17,Chipotle,Dining & Drinks:Restaurants,-20.04
2022-10-17,Panda Express,Dining & Drinks:Restaurants,-27.3
2022-10-18,Chipotle,Dining & Drinks:Restaurants,-13.98
2022-10-18,PSE,Utilities,-17.88
2022-10-19,Chipotle,Dining & Drinks:Restaurants,-13.98
2022-10-19,Zelle Payment To Golden E Jpm999hizj9y,Uncategorized,-98.5
2022-10-19,Soylent,Groceries,-78.0
2022-10-19,Bellevue Brewery,Dining & Drinks:Restaurants,-45.1
2022-10-20,T Mobile,Utilities:Phone,-170.0
2022-10-20,Chipotle,Dining & Drinks:Restaurants,-14.31
2022-10-21,Amazon,Shopping:Electronics,-16.5
2022-10-21,Mayuri,Dining & Drinks:Restaurants,-3.99
2022-10-21,Mayuri,Dining & Drinks:Restaurants,-6.59
2022-10-24,Chipotle,Dining & Drinks:Restaurants,-20.04
2022-10-24,Panda Express,Dining & Drinks:Restaurants,-12.29
2022-10-24,Panda Express,Dining & Drinks:Restaurants,-12.29
2022-10-24,Chipotle,Dining & Drinks:Restaurants,-10.02
2022-10-24,Mayuri,Dining & Drinks:Restaurants,-8.8
2022-10-24,Belle Pastry,Dining & Drinks:Restaurants,-2.4
2022-10-24,Bartell Drugs,Health:Pharmacy,-21.84
2022-10-24,Potbelly,Dining & Drinks:Restaurants,-49.72
2022-10-25,Chipotle,Dining & Drinks:Restaurants,-14.31
2022-10-26,Panda Express,Dining & Drinks:Restaurants,-12.09
2022-10-26,Safeway,Groceries,-6.08
2022-10-27,Mayuri,Dining & Drinks:Restaurants,-1.49
2022-10-27,Chipotle,Dining & Drinks:Restaurants,-13.98
2022-10-27,Belle Pastry,Dining & Drinks:Restaurants,-3.15
2022-10-28,Panda Express,Dining & Drinks:Restaurants,-12.09
2022-10-28,Mayuri,Dining & Drinks:Restaurants,-9.9
2022-10-28,QFC Foods,Groceries,-7.98
2022-10-28,Bellevue Brewery,Dining & Drinks:Restaurants,-34.46
2022-10-31,WindRiver,Personal Income:Paycheck,6965.74
2022-10-31,Google Domain,Software ,-6.61
2022-10-31,Shake Shack,Dining & Drinks:Restaurants,-44.39
2022-10-31,Panda Express,Dining & Drinks:Restaurants,-2.38
2022-10-31,Chevron,Auto & Transport:Gas & Fuel,-56.92
2022-10-31,Panda Express,Dining & Drinks:Restaurants,-13.43
2022-10-31,Chipotle,Dining & Drinks:Restaurants,-26.53
2022-10-31,Chipotle,Dining & Drinks:Restaurants,-20.04
2022-10-31,Chipotle,Dining & Drinks:Restaurants,-10.73
2022-10-31,Belle Pastry,Dining & Drinks:Restaurants,-3.15
2022-10-31,Amazon Kids,Shopping,-5.49
2022-11-01,Chase Mortgage,Home:Mortgage,-5580.2
2022-11-01,Chipotle,Dining & Drinks:Restaurants,-13.98
2022-11-01,Alimony,Home,-2200.0
2022-11-02,Mayuri,Dining & Drinks:Restaurants,-6.59
2022-11-02,Huel,Dining & Drinks:Restaurants,-188.0
2022-11-02,Panda Express,Dining & Drinks:Restaurants,-12.09
2022-11-03,Amli Spring District,Home:Rent,-2782.4
2022-11-03,Safeway,Groceries,-28.05
2022-11-03,Soylent,Groceries,-78.0
2022-11-03,Panda Express,Dining & Drinks:Restaurants,-12.29
2022-11-03,AIG Life,Financial:Life Insurance,-102.03
2022-11-04,Belle Pastry,Dining & Drinks:Restaurants,-3.15
2022-11-04,NY Times,Financial,-4.0
2022-11-04,QFC Foods,Groceries,-13.64
2022-11-04,Panda Express,Dining & Drinks:Restaurants,-2.38
2022-11-04,Chipotle,Dining & Drinks:Restaurants,-10.73
2022-11-07,Panda Express,Dining & Drinks:Restaurants,-12.09
2022-11-07,Chipotle,Dining & Drinks:Restaurants,-30.06
2022-11-07,Chipotle,Dining & Drinks:Restaurants,-23.29
2022-11-07,Mod Pizza,Dining & Drinks:Restaurants,-28.01
2022-11-07,PCC Market,Groceries,-4.99
2022-11-07,Panda Express,Dining & Drinks:Restaurants,-27.53
2022-11-07,PCC Market,Groceries,-21.67
2022-11-07,Shake Shack,Dining & Drinks:Restaurants,-40.7
2022-11-08,Chipotle,Dining & Drinks:Restaurants,-10.73
2022-11-09,Panda Express,Dining & Drinks:Restaurants,-13.43
2022-11-09,Bartell Drugs,Health:Pharmacy,-17.6
2022-11-10,Panda Express,Dining & Drinks:Restaurants,-2.38
2022-11-10,Chipotle,Dining & Drinks:Restaurants,-10.73
2022-11-10,Elizabeth Cleaning,Cleaning,-90.0
2022-11-10,Bellevue Brewery,Dining & Drinks:Restaurants,-37.86
2022-11-14,Shake Shack,Dining & Drinks:Restaurants,-45.1
2022-11-14,Kabab Palace Redmond Wa                      11/14,Uncategorized,-23.11
2022-11-14,Panda Express,Dining & Drinks:Restaurants,-2.38
2022-11-14,Chipotle,Dining & Drinks:Restaurants,-10.73
2022-11-14,Gieco,Auto & Transport:Car Insurance,-65.53
2022-11-14,Chipotle,Dining & Drinks:Restaurants,-20.04
2022-11-14,Panda Express,Dining & Drinks:Restaurants,-24.22
2022-11-14,YouTube,Software ,-13.2
2022-11-14,Panda Express,Dining & Drinks:Restaurants,-13.43
2022-11-14,Panda Express,Dining & Drinks:Restaurants,-13.43
2022-11-14,Chevron,Auto & Transport:Gas & Fuel,-58.34
2022-11-14,QFC Foods,Groceries,-20.06
2022-11-15,Panda Express,Dining & Drinks:Restaurants,-2.64
2022-11-15,WindRiver,Personal Income:Paycheck,3369.64
2022-11-16,Panda Express,Dining & Drinks:Restaurants,-2.38
2022-11-16,Netflix,Entertainment,-17.05
2022-11-17,Panda Express,Dining & Drinks:Restaurants,-2.64
2022-11-17,Flickr.com Flickr.com Ca                     11/17,Uncategorized,-146.42
2022-11-17,Mayuri,Dining & Drinks:Restaurants,-3.99
2022-11-17,PSE,Utilities,-19.61
2022-11-18,QFC Foods,Groceries,-14.84
2022-11-18,Soylent,Groceries,-78.0
2022-11-18,Mayuri,Dining & Drinks:Restaurants,-14.3
2022-11-18,Teradata,Personal Income:Paycheck,2822.04
2022-11-18,Athleticgreens Www.athleticg Nv              11/18,Uncategorized,-96.89
2022-11-18,QFC Foods,Groceries,-9.9
2022-11-18,Panda Express,Dining & Drinks:Restaurants,-2.64
2022-11-21,Jersey Mikes,Dining & Drinks:Restaurants,-38.29
2022-11-21,Kabab Palace Redmond Wa                      11/21,Uncategorized,-23.11
2022-11-21,Panda Express,Dining & Drinks:Restaurants,-2.64
2022-11-21,Applebees  Bel11211414 Bellevue Wa           11/20,Uncategorized,-38.41
2022-11-21,Barber Shop,Personal Care:Hair,-40.0
2022-11-21,QFC Foods,Groceries,-20.76
2022-11-21,Belle Pastry,Dining & Drinks:Restaurants,-2.4
2022-11-21,Panda Express,Dining & Drinks:Restaurants,-2.64
2022-11-21,Chipotle,Dining & Drinks:Restaurants,-27.14
2022-11-21,Amazon,Shopping:Electronics,-16.5
2022-11-21,T Mobile,Utilities:Phone,-170.0
2022-11-21,Bartell Drugs,Health:Pharmacy,-14.8
2022-11-22,Panda Express,Dining & Drinks:Restaurants,-2.64
2022-11-23,Panda Express,Dining & Drinks:Restaurants,-13.76
2022-11-23,Belle Pastry,Dining & Drinks:Restaurants,-2.4
2022-11-25,Panda Express,Dining & Drinks:Restaurants,-2.86
2022-11-25,Kabab Palace Redmond Wa                      11/25,Uncategorized,-30.01
2022-11-28,Chipotle,Dining & Drinks:Restaurants,-26.2
2022-11-28,Five Guys,Dining & Drinks:Restaurants,-45.6
2022-11-28,Panda Express,Dining & Drinks:Restaurants,-2.64
2022-11-28,Panda Express,Dining & Drinks:Restaurants,-2.64
2022-11-28,Chipotle,Dining & Drinks:Restaurants,-23.29
2022-11-28,QFC Foods,Groceries,-17.07
2022-11-29,Bellevue Brewery,Dining & Drinks:Restaurants,-23.42
2022-11-29,Panda Express,Dining & Drinks:Restaurants,-2.64
2022-11-29,Google Domain,Software ,-6.61
2022-11-30,WindRiver,Personal Income:Paycheck,3369.63
2022-11-30,Panda Express,Dining & Drinks:Restaurants,-11.12
2022-11-30,Huel,Dining & Drinks:Restaurants,-188.0
2022-11-30,Amazon Kids,Shopping,-5.49
2022-11-30,Panda Express,Dining & Drinks:Restaurants,-2.64
2022-12-01,Alimony,Home,-2200.0
2022-12-01,Panda Express,Dining & Drinks:Restaurants,-2.64
2022-12-01,Mayuri,Dining & Drinks:Restaurants,-6.98
2022-12-01,Chase Mortgage,Home:Mortgage,-5580.2
2022-12-02,Chipotle,Dining & Drinks:Restaurants,-23.29
2022-12-02,Panda Express,Dining & Drinks:Restaurants,-2.86
2022-12-02,Elizabeth Cleaning,Cleaning,-90.0
2022-12-02,Panda Express,Dining & Drinks:Restaurants,-11.12
2022-12-02,Mayuri,Dining & Drinks:Restaurants,-8.8
2022-12-02,Teradata,Personal Income:Paycheck,5283.77
2022-12-05,Mayuri,Dining & Drinks:Restaurants,-9.98
2022-12-05,PCC Market,Groceries,-15.87
2022-12-05,Panda Express,Dining & Drinks:Restaurants,-2.64
2022-12-05,Panda Express,Dining & Drinks:Restaurants,-2.64
2022-12-05,Safeway,Groceries,-2.79
2022-12-05,AIG Life,Financial:Life Insurance,-102.03
2022-12-05,Panda Express,Dining & Drinks:Restaurants,-2.64
2022-12-05,Chipotle,Dining & Drinks:Restaurants,-10.73
2022-12-05,NY Times,Financial,-4.0
2022-12-05,Amli Spring District,Home:Rent,-3012.06
2022-12-05,Economist,Work Expenses,-219.32
2022-12-06,Mayuri,Dining & Drinks:Restaurants,-17.6
2022-12-06,Panda Express,Dining & Drinks:Restaurants,-2.64
2022-12-07,PCC Market,Groceries,-23.05
2022-12-07,Panda Express,Dining & Drinks:Restaurants,-2.64
2022-12-08,Panda Express,Dining & Drinks:Restaurants,-2.42
2022-12-08,Wikipedia Gift 877-6009454 Ca                12/08,Uncategorized,-10.0
2022-12-08,PCC Market,Groceries,-6.49
2022-12-12,Chipotle,Dining & Drinks:Restaurants,-23.29
2022-12-12,PCC Market,Groceries,-2.99
2022-12-12,Gieco,Auto & Transport:Car Insurance,-65.53
2022-12-12,Panda Express,Dining & Drinks:Restaurants,-2.64
2022-12-12,Shake Shack,Dining & Drinks:Restaurants,-45.1
2022-12-12,PCC Market,Groceries,-10.98
2022-12-12,YouTube,Software ,-13.2
2022-12-12,Chipotle,Dining & Drinks:Restaurants,-20.04
2022-12-12,Panda Express,Dining & Drinks:Restaurants,-2.64
2022-12-12,QFC Foods,Groceries,-26.46
2022-12-13,Nordstrom,Shopping,-218.0
2022-12-13,Panda Express,Dining & Drinks:Restaurants,-2.64
2022-12-13,Shell Oil 57444027205 Redmond Wa             12/12,Uncategorized,-52.02
2022-12-13,PCC Market,Groceries,-7.49
2022-12-14,Sp Stag Provisions Stagprovision Tx          12/14,Uncategorized,-324.8
2022-12-14,Panda Express,Dining & Drinks:Restaurants,-2.86
2022-12-14,PCC Market,Groceries,-18.16
2022-12-15,WindRiver,Personal Income:Paycheck,5619.64
2022-12-15,Panda Express,Dining & Drinks:Restaurants,-2.64
2022-12-15,Michael Hyodo Johann Y 425-4541225 Wa        12/14,Uncategorized,-37.0
2022-12-16,Panda Express,Dining & Drinks:Restaurants,-2.64
2022-12-16,Elizabeth Cleaning,Cleaning,-90.0
2022-12-16,Teradata,Personal Income:Paycheck,22761.44
2022-12-16,PCC Market,Groceries,-5.99
2022-12-16,Netflix,Entertainment,-17.05
2022-12-16,Dickeys,Dining & Drinks:Restaurants,-18.71
2022-12-16,Woods Coffee,Dining & Drinks:Restaurants,-3.95
2022-12-19,Chipotle,Dining & Drinks:Restaurants,-30.06
2022-12-19,Bartell Drugs,Health:Pharmacy,-2.41
2022-12-19,PSE,Utilities,-18.02
2022-12-19,Nordstrom,Shopping,-141.01
2022-12-19,Chipotle,Dining & Drinks:Restaurants,-10.13
2022-12-19,Jersey Mikes,Dining & Drinks:Restaurants,-45.73
2022-12-19,Cnk*cinemark.com 1118 800-246-3627 Wa        12/18,Uncategorized,-18.91
2022-12-19,PCC Market,Groceries,-15.87
2022-12-19,PCC Market,Groceries,-10.98
2022-12-19,Pacsun #0061 Bellevue Wa                     12/16,Uncategorized,-66.09
2022-12-19,Starbucks,Dining & Drinks:Restaurants,-4.35
2022-12-19,Starbucks,Dining & Drinks:Restaurants,-4.02
2022-12-19,Elephant Car Wash - Be 425-4550223 Wa        12/16,Uncategorized,-29.0
2022-12-19,Bartell Drugs,Health:Pharmacy,-2.41
2022-12-20,T Mobile,Utilities:Phone,-170.0
2022-12-20,Panda Express,Dining & Drinks:Restaurants,-2.86
2022-12-21,Panda Express,Dining & Drinks:Restaurants,-2.86
2022-12-21,PCC Market,Groceries,-7.49
2022-12-21,Lastpass.com Lastpass.com Ma                 12/20,Uncategorized,-39.64
2022-12-21,Amazon,Shopping:Electronics,-16.5
2022-12-22,Lululemon Bellevue Bellevue Wa               12/21,Shopping,-264.32
2022-12-22,PCC Market,Groceries,-7.49
2022-12-22,Panda Express,Dining & Drinks:Restaurants,-2.86
2022-12-23,Lululemon Bellevue Bellevue Wa               12/22,Shopping,70.46
2022-12-23,ATM,Cash & ATM,-400.0
2022-12-23,PCC Market,Groceries,-46.9
2022-12-23,Panda Express,Dining & Drinks:Restaurants,-2.86
2022-12-27,Safeway,Groceries,-21.33
2022-12-27,Chipotle,Dining & Drinks:Restaurants,-10.02
2022-12-27,Shake Shack,Dining & Drinks:Restaurants,-45.1
2022-12-27,Uber,Auto & Transport,-48.99
2022-12-27,ATM,Cash & ATM,-600.0
2022-12-27,Potbelly,Dining & Drinks:Restaurants,-18.03
2022-12-28,Filson,Shopping,-88.63
2022-12-29,Google Domain,Software ,-6.61
2022-12-30,Amazon Kids,Shopping,-5.49
2022-12-30,NY Times,Financial,-4.0
2022-12-30,WindRiver,Personal Income:Paycheck,6965.74
2022-12-30,Teradata,Personal Income:Paycheck,5135.63
2023-01-03,Elizabeth Cleaning,Cleaning,-90.0
2023-01-03,Amli Spring District,Home:Rent,-3020.47
2023-01-03,Chase Mortgage,Home:Mortgage,-5580.2
2023-01-03,Alimony,Home,-2200.0
2023-01-05,AIG Life,Financial:Life Insurance,-102.03
2023-01-11,UPS,Home,-20.0
2023-01-11,Chipotle,Dining & Drinks:Restaurants,-36.22
2023-01-12,Panda Express,Dining & Drinks:Restaurants,-13.76
2023-01-12,Nordstrom,Shopping,-218.0
2023-01-12,Gieco,Auto & Transport:Car Insurance,-65.53
2023-01-12,YouTube,Software ,-13.2
2023-01-13,QFC Foods,Groceries,-8.0
2023-01-13,Teradata,Personal Income:Paycheck,5157.32
2023-01-13,Panda Express,Dining & Drinks:Restaurants,-13.76
2023-01-13,WindRiver,Personal Income:Paycheck,3382.52
2023-01-13,ATM,Cash & ATM,770.0
2023-01-17,Chipotle,Dining & Drinks:Restaurants,-25.05
2023-01-17,Athleticgreens Www.athleticg Nv              01/17,Uncategorized,-96.89
2023-01-17,Netflix,Entertainment,-17.05
2023-01-17,Mod Pizza,Dining & Drinks:Restaurants,-28.01
2023-01-17,Chipotle,Dining & Drinks:Restaurants,-20.04
2023-01-17,Chipotle,Dining & Drinks:Restaurants,-20.04
2023-01-17,Jersey Mikes,Dining & Drinks:Restaurants,-41.92
2023-01-17,QFC Foods,Groceries,-16.08
2023-01-17,PCC Market,Groceries,-28.96
2023-01-17,Shake Shack,Dining & Drinks:Restaurants,-45.1
2023-01-17,Panda Express,Dining & Drinks:Restaurants,-25.54
2023-01-18,Panda Express,Dining & Drinks:Restaurants,-2.64
2023-01-19,PSE,Utilities,-19.76
2023-01-19,Target,Groceries,-12.57
2023-01-19,Panda Express,Dining & Drinks:Restaurants,-2.64
2023-01-19,PCC Market,Groceries,-19.08
2023-01-20,Panda Express,Dining & Drinks:Restaurants,-2.64
2023-01-20,T Mobile,Utilities:Phone,-226.88
2023-01-23,PCC Market,Groceries,-8.68
2023-01-23,QFC Foods,Groceries,-8.08
2023-01-23,76 - Lkg Llc Bellevue Wa                     01/22,Uncategorized,-55.03
2023-01-23,Bartell Drugs,Health:Pharmacy,-5.39
2023-01-23,Mod Pizza,Dining & Drinks:Restaurants,-40.06
2023-01-23,Shake Shack,Dining & Drinks:Restaurants,-45.1
2023-01-23,Chipotle,Dining & Drinks:Restaurants,-23.29
2023-01-23,Chipotle,Dining & Drinks:Restaurants,-24.17
2023-01-23,Amazon,Shopping:Electronics,-16.5
2023-01-23,Panda Express,Dining & Drinks:Restaurants,-2.64
2023-01-23,Chipotle,Dining & Drinks:Restaurants,-10.13
2023-01-24,Tst* Bay Leaf Bar & Gri Bothell Wa           01/23,Uncategorized,-146.67
2023-01-25,PCC Market,Groceries,-7.49
2023-01-25,Comcast,Utilities,-25.0
2023-01-26,Bellevue Brewery,Dining & Drinks:Restaurants,-42.93
2023-01-26,Panda Express,Dining & Drinks:Restaurants,-2.64
2023-01-27,Teradata,Personal Income:Paycheck,5157.33
2023-01-27,QFC Foods,Groceries,-14.66
2023-01-27,PCC Market,Groceries,-7.49
2023-01-27,Panda Express,Dining & Drinks:Restaurants,-2.64
2023-01-27,NY Times,Financial,-4.0
2023-01-30,Google Domain,Software ,-6.61
2023-01-30,Chipotle,Dining & Drinks:Restaurants,-32.97
2023-01-30,Soylent,Groceries,-183.0
2023-01-30,Shake Shack,Dining & Drinks:Restaurants,-30.02
2023-01-30,PCC Market,Groceries,-8.38
2023-01-30,Chipotle,Dining & Drinks:Restaurants,-20.81
2023-01-30,Panda Express,Dining & Drinks:Restaurants,-13.76
2023-01-30,Amazon Kids,Shopping,-5.49
2023-01-30,Google Domain,Software ,-13.21
2023-01-31,QFC Foods,Groceries,-17.43
2023-01-31,WindRiver,Personal Income:Paycheck,3382.52
2023-01-31,Tst* Tipsy Cow Burger Woodinville Wa         01/30,Uncategorized,-67.1
2023-02-01,PCC Market,Groceries,-14.14
2023-02-01,Chase Mortgage,Home:Mortgage,-5580.2
2023-02-01,Panda Express,Dining & Drinks:Restaurants,-2.64
2023-02-01,Amc 2449 Woodinville 1 Woodinville Wa        01/30,Uncategorized,-30.01
2023-02-01,PCC Market,Groceries,-17.2
2023-02-02,Panda Express,Dining & Drinks:Restaurants,-2.64
2023-02-03,PCC Market,Groceries,-6.68
2023-02-03,Cmsvend*cv Everett Everett Wa                02/02,Uncategorized,-2.85
2023-02-03,QFC Foods,Groceries,-19.45
2023-02-03,Amli Spring District,Home:Rent,-3020.4
2023-02-03,"Parkwhiz, Inc. 8884727594 Il                 02/02",Uncategorized,-13.17
2023-02-03,Panda Express,Dining & Drinks:Restaurants,-2.64
2023-02-03,AIG Life,Financial:Life Insurance,-102.03
2023-02-06,Alimony,Home,-2200.0
2023-02-06,Panda Express,Dining & Drinks:Restaurants,-2.64
2023-02-06,Panda Express,Dining & Drinks:Restaurants,-40.96
2023-02-06,Shake Shack,Dining & Drinks:Restaurants,-30.02
2023-02-06,Kindle,Education,-40.73
2023-02-06,Google *peacock 855-836-3987 Ca              02/06,Software ,-5.49
2023-02-06,PCC Market,Groceries,-12.1
2023-02-06,Chipotle,Dining & Drinks:Restaurants,-20.26
2023-02-06,Starbucks,Dining & Drinks:Restaurants,-4.8
2023-02-07,Elizabeth Cleaning,Cleaning,-90.0
2023-02-07,Chipotle,Dining & Drinks:Restaurants,-10.13
2023-02-07,Tst* Great State Burger Bellevue Wa          02/07,Uncategorized,-4.41
2023-02-07,PCC Market,Groceries,-29.95
2023-02-07,Starbucks,Dining & Drinks:Restaurants,-4.02
2023-02-07,Custom Prescriptions Bellevue Wa             02/06,Uncategorized,-110.0
2023-02-08,Starbucks,Dining & Drinks:Restaurants,-4.02
2023-02-09,Bitcoin,Investments ,-10.0
2023-02-09,Panda Express,Dining & Drinks:Restaurants,-2.64
2023-02-09,Tax Prep,Taxes,-150.0
2023-02-10,Bitcoin,Investments ,-200.0
2023-02-10,Chipotle,Dining & Drinks:Restaurants,-10.13
2023-02-10,Teradata,Personal Income:Paycheck,5157.32
2023-02-10,Panda Express,Dining & Drinks:Restaurants,-2.64
2023-02-10,Bitcoin,Investments ,-100.0
2023-02-10,Bitcoin,Investments ,-200.0
2023-02-10,PCC Market,Groceries,-9.99
2023-02-13,Tavern Hall,Dining & Drinks,-116.58
2023-02-13,YouTube,Software ,-13.2
2023-02-13,Chevron,Auto & Transport:Gas & Fuel,-47.51
2023-02-13,Shake Shack,Dining & Drinks:Restaurants,-30.02
2023-02-13,Panda Express,Dining & Drinks:Restaurants,-2.64
2023-02-13,Panda Express,Dining & Drinks:Restaurants,-2.64
2023-02-13,Starbucks,Dining & Drinks:Restaurants,-4.02
2023-02-13,Bitcoin,Investments ,-900.0
2023-02-13,PCC Market,Groceries,-13.87
2023-02-13,Gieco,Auto & Transport:Car Insurance,-61.13
2023-02-13,Chipotle,Dining & Drinks:Restaurants,-20.81
2023-02-13,Panda Express,Dining & Drinks:Restaurants,-40.74
2023-02-13,Bitcoin,Investments ,-1000.0
2023-02-14,PCC Market,Groceries,-4.0
2023-02-15,Chipotle,Dining & Drinks:Restaurants,-10.13
2023-02-15,WindRiver,Personal Income:Paycheck,3382.52
2023-02-15,Panda Express,Dining & Drinks:Restaurants,-2.64
2023-02-16,Chipotle,Dining & Drinks:Restaurants,-10.13
2023-02-16,Panda Express,Dining & Drinks:Restaurants,-2.64
2023-02-16,Netflix,Entertainment,-17.05
2023-02-16,QFC Foods,Groceries,-12.08
2023-02-16,PSE,Utilities,-18.01
2023-02-16,Bellevue Brewery,Dining & Drinks:Restaurants,-11.06
2023-02-17,Panda Express,Dining & Drinks:Restaurants,-2.64
2023-02-17,Bitcoin,Investments ,-10000.0
2023-02-17,Chipotle,Dining & Drinks:Restaurants,-10.13
2023-02-17,Comcast,Utilities,-45.0
2023-02-21,Chipotle,Dining & Drinks:Restaurants,-20.04
2023-02-21,Bitcoin,Investments ,-5000.0
2023-02-21,Amazon,Shopping:Electronics,-16.5
2023-02-21,Audible,Uncategorized,-23.89
2023-02-21,QFC Foods,Groceries,-15.98
2023-02-21,PCC Market,Groceries,-19.76
2023-02-21,Filson,Shopping,-148.64
2023-02-21,Five Guys,Dining & Drinks:Restaurants,-48.06
2023-02-21,Chipotle,Dining & Drinks:Restaurants,-30.06
2023-02-21,Panda Express,Dining & Drinks:Restaurants,-2.64
2023-02-21,Woods Coffee,Dining & Drinks:Restaurants,-4.46
2023-02-21,Bitcoin,Investments ,-25000.0
2023-02-21,Panda Express,Dining & Drinks:Restaurants,-2.64
2023-02-21,Chipotle,Dining & Drinks:Restaurants,-10.13
2023-02-21,PCC Market,Groceries,-16.98
2023-02-21,T Mobile,Utilities:Phone,-170.0
2023-02-22,Chipotle,Dining & Drinks:Restaurants,-10.13
2023-02-22,Panda Express,Dining & Drinks:Restaurants,-2.64
2023-02-23,Chipotle,Dining & Drinks:Restaurants,-10.13
2023-02-24,Chipotle,Dining & Drinks:Restaurants,-10.13
2023-02-24,Woods Coffee,Dining & Drinks:Restaurants,-4.9
2023-02-24,QFC Foods,Groceries,-12.08
2023-02-24,Teradata,Personal Income:Paycheck,5157.33
2023-02-27,Shake Shack,Dining & Drinks:Restaurants,-30.02
2023-02-27,UPS,Home,-10.32
2023-02-27,Kindle,Education,-30.62
2023-02-27,Mayuri,Dining & Drinks:Restaurants,-4.99
2023-02-27,Five Guys,Dining & Drinks:Restaurants,-38.83
2023-02-27,Manual Cr-bkrg,Uncategorized,3000.0
2023-02-27,Mod Pizza,Dining & Drinks:Restaurants,-28.01
2023-02-27,PCC Market,Groceries,-19.68
2023-02-27,Chipotle,Dining & Drinks:Restaurants,-30.39
2023-02-27,Bitcoin,Investments ,-12000.0
2023-02-28,Chipotle,Dining & Drinks:Restaurants,-10.73
2023-02-28,WindRiver,Personal Income:Paycheck,3382.51
2023-02-28,WindRiver,Personal Income:Paycheck,17547.33
2023-02-28,Bartell Drugs,Health:Pharmacy,-12.76
2023-03-01,Panda Express,Dining & Drinks:Restaurants,-1.09
2023-03-01,Chase Mortgage,Home:Mortgage,-5580.2
2023-03-01,Bitcoin,Investments ,-10000.0
2023-03-01,Elizabeth Cleaning,Cleaning,-90.0
2023-03-01,Amazon Kids,Shopping,-5.49
2023-03-02,Chipotle,Dining & Drinks:Restaurants,-10.13
2023-03-02,PCC Market,Groceries,-26.85
2023-03-02,Panda Express,Dining & Drinks:Restaurants,-2.64
2023-03-02,Google Domain,Software ,-6.61
2023-03-03,Amli Spring District,Home:Rent,-3024.55
2023-03-03,Panda Express,Dining & Drinks:Restaurants,-2.64
2023-03-03,Athleticgreens Www.athleticg Nv              03/03,Uncategorized,-96.89
2023-03-03,Earls,Dining & Drinks:Restaurants,-34.85
2023-03-03,AIG Life,Financial:Life Insurance,-102.03
2023-03-03,Whole Foods,Groceries,-13.33
2023-03-06,Panda Express,Dining & Drinks:Restaurants,-2.64
2023-03-06,Five Guys,Dining & Drinks:Restaurants,-37.06
2023-03-06,Alimony,Home,-2200.0
2023-03-06,Chipotle,Dining & Drinks:Restaurants,-20.26
2023-03-06,Huel,Dining & Drinks:Restaurants,-101.0
2023-03-06,QFC Foods,Groceries,-21.98
2023-03-06,PCC Market,Groceries,-5.0
2023-03-06,PCC Market,Groceries,-7.99
2023-03-06,Google *peacock 855-836-3987 Ca              03/06,Software ,-5.49
2023-03-06,Panda Express,Dining & Drinks:Restaurants,-2.64
2023-03-06,Mayuri,Dining & Drinks:Restaurants,-2.99
2023-03-06,Shake Shack,Dining & Drinks:Restaurants,-30.02
2023-03-07,Whole Foods,Groceries,-11.19
2023-03-07,Whole Foods,Groceries,-13.33
2023-03-08,Panda Express,Dining & Drinks:Restaurants,-2.64
2023-03-08,Assurant         Ins.prem                   Ppd Id: 9590676017,Uncategorized,-104.0
2023-03-09,Chevron,Auto & Transport:Gas & Fuel,-54.0
2023-03-09,Lucid Software Inc. South Jordan Ut          03/09,Uncategorized,-105.03
2023-03-09,Panda Express,Dining & Drinks:Restaurants,-2.86
2023-03-10,Teradata,Personal Income:Paycheck,5157.32
2023-03-10,Chipotle,Dining & Drinks:Restaurants,-10.73
2023-03-10,Panda Express,Dining & Drinks:Restaurants,-2.64
2023-03-13,Panda Express,Dining & Drinks:Restaurants,-2.64
2023-03-13,Gieco,Auto & Transport:Car Insurance,-61.15
2023-03-13,Shake Shack,Dining & Drinks:Restaurants,-30.02
2023-03-13,Mayuri,Dining & Drinks:Restaurants,-4.99
2023-03-13,PCC Market,Groceries,-7.99
2023-03-13,Mayuri,Dining & Drinks:Restaurants,-4.99
2023-03-13,QFC Foods,Groceries,-59.87
2023-03-13,Chipotle,Dining & Drinks:Restaurants,-20.81
2023-03-13,Chipotle,Dining & Drinks:Restaurants,-20.81
2023-03-13,Panda Express,Dining & Drinks:Restaurants,-2.64
2023-03-13,YouTube,Software ,-13.2
2023-03-14,Chipotle,Dining & Drinks:Restaurants,-10.13
2023-03-14,Bartell Drugs,Health:Pharmacy,-17.88
2023-03-14,Panda Express,Dining & Drinks:Restaurants,-2.64
2023-03-15,Woods Coffee,Dining & Drinks:Restaurants,-4.9
2023-03-15,Safeway,Groceries,-27.93
2023-03-15,WindRiver,Personal Income:Paycheck,3382.53
2023-03-15,Panda Express,Dining & Drinks:Restaurants,-2.64
2023-03-15,Chipotle,Dining & Drinks:Restaurants,-33.31
2023-03-15,Soylent,Groceries,-183.0
2023-03-16,Netflix,Entertainment,-17.05
2023-03-16,Shake Shack,Dining & Drinks:Restaurants,-45.1
2023-03-16,Chipotle,Dining & Drinks:Restaurants,-13.38
2023-03-16,Soylent,Groceries,-175.0
2023-03-16,Chipotle,Dining & Drinks:Restaurants,-10.68
2023-03-17,Chipotle,Dining & Drinks:Restaurants,-34.24
2023-03-17,Vision Plus Bellevue Bellevue Wa             03/15,Uncategorized,-74.0
2023-03-17,PSE,Utilities,-22.65
2023-03-17,Comcast,Utilities,-70.0
2023-03-17,Panda Express,Dining & Drinks:Restaurants,-2.64
2023-03-20,Potbelly,Dining & Drinks:Restaurants,-33.77
2023-03-20,Chipotle,Dining & Drinks:Restaurants,-43.32
2023-03-20,QFC Foods,Groceries,-21.57
2023-03-20,Jersey Mikes,Dining & Drinks:Restaurants,-44.01
2023-03-20,Chipotle,Dining & Drinks:Restaurants,-33.31
2023-03-20,T Mobile,Utilities:Phone,-90.28
2023-03-20,Five Guys,Dining & Drinks:Restaurants,-37.06
2023-03-20,Mayuri,Dining & Drinks:Restaurants,-4.99
2023-03-20,Panda Express,Dining & Drinks:Restaurants,-41.84
2023-03-21,Chipotle,Dining & Drinks:Restaurants,-53.34
2023-03-21,QFC Foods,Groceries,-8.4
2023-03-21,QFC Foods,Groceries,-5.99
2023-03-21,Amazon,Shopping:Electronics,-16.5
2023-03-22,IRS,Taxes,17634.0
2023-03-22,Mod Pizza,Dining & Drinks:Restaurants,-42.72
2023-03-22,QFC Foods,Groceries,-12.42
2023-03-23,Chipotle,Dining & Drinks:Restaurants,-10.57
2023-03-23,Jersey Mikes,Dining & Drinks:Restaurants,-40.71
2023-03-24,Chipotle,Dining & Drinks:Restaurants,-43.32
2023-03-24,Chipotle,Dining & Drinks:Restaurants,-10.13
2023-03-24,Teradata,Personal Income:Paycheck,5157.32
2023-03-27,Mod Pizza,Dining & Drinks:Restaurants,-42.72
2023-03-27,Audible,Uncategorized,-16.46
2023-03-27,Chipotle,Dining & Drinks:Restaurants,-10.57
2023-03-27,Chipotle,Dining & Drinks:Restaurants,-10.13
2023-03-27,Bartell Drugs,Health:Pharmacy,-5.49
2023-03-27,Chipotle,Dining & Drinks:Restaurants,-45.14
2023-03-27,Chipotle,Dining & Drinks:Restaurants,-55.16
2023-03-27,QFC Foods,Groceries,-21.45
2023-03-27,Chevron,Auto & Transport:Gas & Fuel,-53.29
2023-03-27,Elizabeth Cleaning,Cleaning,-90.0
2023-03-28,Panda Express,Dining & Drinks:Restaurants,-2.64
2023-03-28,Manual Cr-bkrg,Uncategorized,128000.0
2023-03-29,QFC Foods,Groceries,-28.6
2023-03-29,Panda Express,Dining & Drinks:Restaurants,-2.64
2023-03-29,Bitcoin,Investments ,-25000.0
2023-03-30,Amazon Kids,Shopping,-5.49
2023-03-30,Google Domain,Software ,-6.61
2023-03-30,Linkedin 8127545056 855-6535653 Ca           03/29,Uncategorized,-264.11
2023-03-30,Panda Express,Dining & Drinks:Restaurants,-2.64
2023-03-31,WindRiver,Personal Income:Paycheck,3382.53
2023-03-31,Bitcoin,Investments ,-25000.0
2023-04-03,Chipotle,Dining & Drinks:Restaurants,-10.13
2023-04-03,Filson,Shopping,-302.78
2023-04-03,Mod Pizza,Dining & Drinks:Restaurants,-42.72
2023-04-03,Amli Spring District,Home:Rent,-3084.72
2023-04-03,Five Guys,Dining & Drinks:Restaurants,-50.46
2023-04-03,QFC Foods,Groceries,-12.58
2023-04-03,Chipotle,Dining & Drinks:Restaurants,-30.94
2023-04-03,QFC Foods,Groceries,-12.08
2023-04-03,Mod Pizza,Dining & Drinks:Restaurants,-29.78
2023-04-03,Stir,Entertainment,-65.99
2023-04-03,Chase Mortgage,Home:Mortgage,-5580.2
2023-04-04,Dickeys,Dining & Drinks:Restaurants,-19.26
2023-04-05,Elephant Car Wash - Be 425-4550223 Wa        04/03,Uncategorized,-29.0
2023-04-05,Panda Express,Dining & Drinks:Restaurants,-2.64
2023-04-06,Panda Express,Dining & Drinks:Restaurants,-2.64
2023-04-06,Google *peacock 855-836-3987 Ca              04/06,Software ,-5.49
2023-04-06,AIG Life,Financial:Life Insurance,-102.03
2023-04-06,Virginia Mason Medical 206-2236601 Wa        04/05,Uncategorized,-272.25
2023-04-06,Chatgpt,Work Expenses,-22.02
2023-04-07,Filson,Shopping,-605.55
2023-04-07,Teradata,Personal Income:Paycheck,5157.33
2023-04-07,Huel,Dining & Drinks:Restaurants,-101.0
2023-04-10,Chipotle,Dining & Drinks:Restaurants,-10.13
2023-04-10,Belle Pastry,Dining & Drinks:Restaurants,-3.15
2023-04-10,QFC Foods,Groceries,-19.07
2023-04-10,Mayuri,Dining & Drinks:Restaurants,-12.47
2023-04-10,Tst* Zeek's Pizza - Kir Bellevue Wa          04/08,Uncategorized,-26.17
2023-04-10,PCC Market,Groceries,-16.69
2023-04-10,Panda Express,Dining & Drinks:Restaurants,-2.64
2023-04-11,Panda Express,Dining & Drinks:Restaurants,-2.64
2023-04-11,Filson,Shopping,302.78
2023-04-12,Gieco,Auto & Transport:Car Insurance,-61.15
2023-04-12,Chipotle,Dining & Drinks:Restaurants,-10.02
2023-04-12,YouTube,Software ,-13.2
2023-04-13,Bellevue Brewery,Dining & Drinks:Restaurants,-23.42
2023-04-13,Panda Express,Dining & Drinks:Restaurants,-2.64
2023-04-14,Bartell Drugs,Health:Pharmacy,-2.41
2023-04-14,WindRiver,Personal Income:Paycheck,7212.2
2023-04-14,Panda Express,Dining & Drinks:Restaurants,-1.09
2023-04-14,QFC Foods,Groceries,-32.06
2023-04-14,Alimony,Home,-2200.0
2023-04-17,Mod Pizza,Dining & Drinks:Restaurants,-31.2
2023-04-17,Chipotle,Dining & Drinks:Restaurants,-51.2
2023-04-17,PSE,Utilities,-22.21
2023-04-17,Panda Express,Dining & Drinks:Restaurants,-1.09
2023-04-17,Netflix,Entertainment,-17.05
2023-04-17,Mayuri,Dining & Drinks:Restaurants,-4.99
2023-04-17,Filson,Shopping,-126.62
2023-04-17,Kindle,Education,-46.23
2023-04-17,Shake Shack,Dining & Drinks:Restaurants,-45.1
2023-04-17,Panda Express,Dining & Drinks:Restaurants,-28.63
2023-04-17,Nordstrom,Shopping,-2.97
2023-04-17,Comcast,Utilities,-70.0
2023-04-17,PCC Market,Groceries,-6.99
2023-04-17,Panda Express,Dining & Drinks:Restaurants,-2.64
2023-04-17,Starbucks,Dining & Drinks:Restaurants,-3.25
2023-04-18,Filson,Shopping,605.55
2023-04-18,Chipotle,Dining & Drinks:Restaurants,-10.73
2023-04-19,Chipotle,Dining & Drinks:Restaurants,-10.68
2023-04-19,Panda Express,Dining & Drinks:Restaurants,-2.64
2023-04-20,T Mobile,Utilities:Phone,-120.0
2023-04-20,Panda Express,Dining & Drinks:Restaurants,-2.64
2023-04-20,Chipotle,Dining & Drinks:Restaurants,-10.13
2023-04-21,Elizabeth Cleaning,Cleaning,-90.0
2023-04-21,Panda Express,Dining & Drinks:Restaurants,-2.42
2023-04-21,Teradata,Personal Income:Paycheck,5157.33
2023-04-21,NY Times,Financial,-2.0
2023-04-21,PCC Market,Groceries,-12.77
2023-04-21,Amazon,Shopping:Electronics,-16.5
2023-04-24,PCC Market,Groceries,-15.82
2023-04-24,Panda Express,Dining & Drinks:Restaurants,-2.64
2023-04-24,Wa Vehicle Licensing 360-902-7470 Wa         04/23,Uncategorized,-258.79
2023-04-24,Chipotle,Dining & Drinks:Restaurants,-20.81
2023-04-24,Chevron,Auto & Transport:Gas & Fuel,-54.54
2023-04-24,Chipotle,Dining & Drinks:Restaurants,-34.52
2023-04-24,Jersey Mikes,Dining & Drinks:Restaurants,-48.01
2023-04-24,Barber Shop,Personal Care:Hair,-44.0
2023-04-24,PCC Market,Groceries,-12.1
2023-04-24,ATM,Cash & ATM,-300.0
2023-04-25,Whole Foods,Groceries,-6.08
2023-04-25,Panda Express,Dining & Drinks:Restaurants,-1.09
2023-04-25,QFC Foods,Groceries,-12.97
2023-04-26,Chipotle,Dining & Drinks:Restaurants,-10.13
2023-04-26,Panda Express,Dining & Drinks:Restaurants,-2.64
2023-04-27,Audible,Uncategorized,-16.46
2023-04-27,Chipotle,Dining & Drinks:Restaurants,-10.73
2023-04-27,Panda Express,Dining & Drinks:Restaurants,-2.64
2023-04-28,WindRiver,Personal Income:Paycheck,7212.21
2023-04-28,QFC Foods,Groceries,-6.58
2023-04-28,Chipotle,Dining & Drinks:Restaurants,-10.13
2023-04-28,Panda Express,Dining & Drinks:Restaurants,-2.42
2023-04-28,PCC Market,Groceries,-9.99
2023-05-01,Google Domain,Software ,-6.61
2023-05-01,FredMeyer,Groceries,-8.79
2023-05-01,Panda Express,Dining & Drinks:Restaurants,-1.09
2023-05-01,Chipotle,Dining & Drinks:Restaurants,-30.39
2023-05-01,Five Guys,Dining & Drinks:Restaurants,-37.41
2023-05-01,Jersey Mikes,Dining & Drinks:Restaurants,-44.01
2023-05-01,Panda Express,Dining & Drinks:Restaurants,-2.64
2023-05-01,Mayuri,Dining & Drinks:Restaurants,-11.97
2023-05-01,Amazon Kids,Shopping,-5.49
2023-05-01,PCC Market,Groceries,-15.24
2023-05-01,Mod Pizza,Dining & Drinks:Restaurants,-31.2
2023-05-01,Chase Mortgage,Home:Mortgage,-5580.2
2023-05-02,Panda Express,Dining & Drinks:Restaurants,-1.09
2023-05-02,QFC Foods,Groceries,-2.52
2023-05-02,Chipotle,Dining & Drinks:Restaurants,-10.13
2023-05-03,Amli Spring District,Home:Rent,-3062.03
2023-05-03,Panda Express,Dining & Drinks:Restaurants,-2.64
2023-05-03,Chipotle,Dining & Drinks:Restaurants,-10.13
2023-05-04,AIG Life,Financial:Life Insurance,-102.03
2023-05-04,Panda Express,Dining & Drinks:Restaurants,-2.64
2023-05-05,Panda Express,Dining & Drinks:Restaurants,-2.64
2023-05-05,Pendleton North Bend North Bend Wa           05/04,Uncategorized,-32.66
2023-05-05,Coca Cola Bellevue Wa Bellevue Wa            05/04,Uncategorized,-2.5
2023-05-05,Chipotle,Dining & Drinks:Restaurants,-10.13
2023-05-05,Teradata,Personal Income:Paycheck,5157.32
2023-05-08,Chipotle,Dining & Drinks:Restaurants,-41.07
2023-05-08,Google *peacock 855-836-3987 Ca              05/06,Software ,-5.49
2023-05-08,Panda Express,Dining & Drinks:Restaurants,-2.64
2023-05-08,Mayuri,Dining & Drinks:Restaurants,-7.48
2023-05-08,Sp Plazasoftware London                      05/07,Uncategorized,-34.0
2023-05-08,Panda Express,Dining & Drinks:Restaurants,-2.64
2023-05-08,Chipotle,Dining & Drinks:Restaurants,-10.13
2023-05-08,Safeway,Groceries,-53.84
2023-05-08,Chipotle,Dining & Drinks:Restaurants,-34.52
2023-05-08,Five Guys,Dining & Drinks:Restaurants,-50.81
2023-05-08,Chatgpt,Work Expenses,-22.02
2023-05-08,QFC Foods,Groceries,-35.39
2023-05-09,Panda Express,Dining & Drinks:Restaurants,-1.09
2023-05-09,Tst* Beecher's Handmade Bellevue Wa          05/09,Uncategorized,-10.0
2023-05-10,Bartell Drugs,Health:Pharmacy,-2.41
2023-05-10,Chipotle,Dining & Drinks:Restaurants,-10.13
2023-05-10,Panda Express,Dining & Drinks:Restaurants,-2.64
2023-05-11,Panda Express,Dining & Drinks:Restaurants,-2.64
2023-05-11,Amazon,Shopping:Electronics,-61.74
2023-05-11,Chipotle,Dining & Drinks:Restaurants,-10.13
2023-05-12,Huel,Dining & Drinks:Restaurants,-101.0
2023-05-12,Gieco,Auto & Transport:Car Insurance,-61.15
2023-05-12,YouTube,Software ,-13.2
2023-05-15,WindRiver,Personal Income:Paycheck,7212.2
2023-05-15,QFC Foods,Groceries,-13.98
2023-05-15,Shake Shack,Dining & Drinks:Restaurants,-32.74
2023-05-15,Panda Express,Dining & Drinks:Restaurants,-1.09
2023-05-15,Chipotle,Dining & Drinks:Restaurants,-10.13
2023-05-15,Chipotle,Dining & Drinks:Restaurants,-40.52
2023-05-15,Chipotle,Dining & Drinks:Restaurants,-34.85
2023-05-15,AIG Life,Financial:Life Insurance,-46.75
2023-05-15,Chevron,Auto & Transport:Gas & Fuel,-54.67
2023-05-15,Panda Express,Dining & Drinks:Restaurants,-2.64
2023-05-16,Panda Express,Dining & Drinks:Restaurants,-1.09
2023-05-16,Netflix,Entertainment,-17.05
2023-05-17,Panda Express,Dining & Drinks:Restaurants,-1.09
2023-05-17,PSE,Utilities,-21.28
2023-05-17,Comcast,Utilities,-70.0
2023-05-18,Chipotle,Dining & Drinks:Restaurants,-10.13
2023-05-18,Bartell Drugs,Health:Pharmacy,-20.49
2023-05-19,QFC Foods,Groceries,-14.99
2023-05-19,Teradata,Personal Income:Paycheck,5157.33
2023-05-19,NY Times,Financial,-12.0
2023-05-19,PCC Market,Groceries,-4.99
2023-05-22,Potomac Debate Acade Potomacdebate Md        05/21,Uncategorized,-465.0
2023-05-22,Mod Pizza,Dining & Drinks:Restaurants,-31.2
2023-05-22,Chipotle,Dining & Drinks:Restaurants,-40.52
2023-05-22,QFC Foods,Groceries,-7.99
2023-05-22,Chipotle,Dining & Drinks:Restaurants,-33.31
2023-05-22,Shake Shack,Dining & Drinks:Restaurants,-46.2
2023-05-22,Chipotle,Dining & Drinks:Restaurants,-10.13
2023-05-22,T Mobile,Utilities:Phone,-120.0
2023-05-22,Amazon,Shopping:Electronics,-16.5
2023-05-23,Panda Express,Dining & Drinks:Restaurants,-2.64
2023-05-23,Chipotle,Dining & Drinks:Restaurants,-10.13
2023-05-26,Elizabeth Cleaning,Cleaning,-90.0
2023-05-26,QFC Foods,Groceries,-43.43
2023-05-30,Earls,Dining & Drinks:Restaurants,-205.92
2023-05-30,Wal-mart,Shopping,-4.8
2023-05-30,Chipotle,Dining & Drinks:Restaurants,-36.83
2023-05-30,Chase Mortgage,Investments ,450.72
2023-05-30,Amazon Kids,Shopping,-5.49
2023-05-30,Kanishka Cuisine Of Redmond Wa 05/29,Dining & Drinks:Restaurants,-43.29
2023-05-30,QFC Foods,Groceries,-3.99
2023-05-30,Safeway,Groceries,-9.09
2023-05-30,Google Domain,Software ,-6.61
2023-05-30,Belle Pastry,Dining & Drinks:Restaurants,-7.75
2023-05-30,Audible,Shopping:Books,-16.46
2023-05-30,Panda Express,Dining & Drinks:Restaurants,-2.64
2023-05-30,Five Guys,Dining & Drinks:Restaurants,-48.39
2023-05-30,Chipotle,Dining & Drinks:Restaurants,-30.39
2023-05-30,Bellevue Brewery,Dining & Drinks:Restaurants,-63.74
2023-05-30,Bartell Drugs,Health:Pharmacy,-2.41
2023-05-30,Panda Express,Dining & Drinks:Restaurants,-2.64
2023-05-31,Chipotle,Dining & Drinks:Restaurants,-10.13
2023-05-31,WindRiver,Personal Income:Paycheck,7212.19
2023-05-31,Soylent,Groceries,-175.0
2023-06-01,Bartell Drugs,Health:Pharmacy,-8.8
2023-06-01,Chase Mortgage,Home:Mortgage,-5580.2
2023-06-01,Chipotle,Dining & Drinks:Restaurants,-10.02
2023-06-01,Panda Express,Dining & Drinks:Restaurants,-2.64
2023-06-02,PCC Market,Groceries,-5.99
2023-06-02,Teradata,Personal Income:Paycheck,5157.32
2023-06-02,Chipotle,Dining & Drinks:Restaurants,-10.73
2023-06-05,Chipotle,Dining & Drinks:Restaurants,-10.02
2023-06-05,Chipotle,Dining & Drinks:Restaurants,-30.06
2023-06-05,QFC Foods,Groceries,-8.49
2023-06-05,Panda Express,Dining & Drinks:Restaurants,-2.64
2023-06-05,Chipotle,Dining & Drinks:Restaurants,-30.06
2023-06-05,Alimony,Home,-1020.0
2023-06-05,Panda Express,Dining & Drinks:Restaurants,-2.64
2023-06-05,Shake Shack,Dining & Drinks:Restaurants,-30.79
2023-06-05,Mod Pizza,Dining & Drinks:Restaurants,-31.2
2023-06-05,Amli Spring District,Home:Rent,-3067.7
2023-06-05,Chipotle,Dining & Drinks:Restaurants,-10.13
2023-06-06,Panda Express,Dining & Drinks:Restaurants,-2.64
2023-06-06,Chipotle,Dining & Drinks:Restaurants,-10.73
2023-06-06,AIG Life,Financial:Life Insurance,-102.03
2023-06-07,Chipotle,Dining & Drinks:Restaurants,-10.02
2023-06-07,Chatgpt,Work Expenses,-22.02
2023-06-07,Mayuri,Dining & Drinks:Restaurants,-2.99
2023-06-07,Panda Express,Dining & Drinks:Restaurants,-2.64
2023-06-08,Chipotle,Dining & Drinks:Restaurants,-10.02
2023-06-08,Panda Express,Dining & Drinks:Restaurants,-2.64
2023-06-08,Amazon,Shopping:Electronics,-15.25
2023-06-08,Mayuri,Dining & Drinks:Restaurants,-2.29
2023-06-09,Panda Express,Dining & Drinks:Restaurants,-2.64
2023-06-12,Chipotle,Dining & Drinks:Restaurants,-20.04
2023-06-12,Panda Express,Dining & Drinks:Restaurants,-2.64
2023-06-12,Panda Express,Dining & Drinks:Restaurants,-28.41
2023-06-12,Jersey Mike's,Dining & Drinks:Restaurants,-44.34
2023-06-12,Gieco,Auto & Transport:Car Insurance,-61.15
2023-06-12,Safeway,Groceries,-13.98
2023-06-12,QFC Foods,Groceries,-11.48
2023-06-12,Chevron,Auto & Transport:Gas & Fuel,-60.53
2023-06-12,Panda Express,Dining & Drinks:Restaurants,-2.64
2023-06-12,Mayuri,Dining & Drinks:Restaurants,-4.99
2023-06-12,YouTube,Software ,-13.2
2023-06-13,Chipotle,Dining & Drinks:Restaurants,-10.13
2023-06-13,Panda Express,Dining & Drinks:Restaurants,-2.64
2023-06-13,Spring Deli & Mart Bellevue Wa 06/12,Dining & Drinks:Restaurants,-4.05
2023-06-14,Mayuri,Dining & Drinks:Restaurants,-14.47
2023-06-15,Chipotle,Dining & Drinks:Restaurants,-10.73
2023-06-15,Panda Express,Dining & Drinks:Restaurants,-2.64
2023-06-15,WindRiver,Personal Income:Paycheck,7212.21
2023-06-15,AIG Life,Financial:Life Insurance,-54.99
2023-06-15,Bartell Drugs,Health:Pharmacy,-11.0
2023-06-16,Mayuri,Dining & Drinks:Restaurants,-4.49
2023-06-16,Teradata,Personal Income:Paycheck,5157.32
2023-06-16,PSE,Utilities,-23.82
2023-06-16,Huel,Dining & Drinks:Restaurants,-101.0
2023-06-16,Netflix,Entertainment,-17.05
2023-06-20,Chipotle,Dining & Drinks:Restaurants,-10.13
2023-06-20,Starbucks,Dining & Drinks:Restaurants,-4.35
2023-06-20,Panda Express,Dining & Drinks:Restaurants,-2.64
2023-06-20,Mod Pizza,Dining & Drinks:Restaurants,-30.96
2023-06-20,Panda Express,Dining & Drinks:Restaurants,-2.64
2023-06-20,QFC Foods,Groceries,-18.68
2023-06-20,Shake Shack,Dining & Drinks:Restaurants,-50.71
2023-06-20,Chevron,Auto & Transport:Gas & Fuel,-8.04
2023-06-20,T-mobile,Utilities:Phone,-120.0
2023-06-20,Chipotle,Dining & Drinks:Restaurants,-60.11
2023-06-20,Comcast,Utilities,-70.0
2023-06-20,Chipotle,Dining & Drinks:Restaurants,-23.29
2023-06-20,Barber Shop,Personal Care:Hair,-40.04
2023-06-20,PCC Market,Groceries,-9.99
2023-06-21,Ihop,Dining & Drinks:Restaurants,-27.41
2023-06-21,Chipotle,Dining & Drinks:Restaurants,-10.02
2023-06-21,Panera Bread,Dining & Drinks:Restaurants,-4.39
2023-06-21,Amazon,Shopping:Electronics,-16.5
2023-06-21,Panda Express,Dining & Drinks:Restaurants,-2.64
2023-06-22,Starbucks,Dining & Drinks:Restaurants,-4.02
2023-06-23,Safeway,Groceries,-5.99
2023-06-23,Chipotle,Dining & Drinks:Restaurants,-10.02
2023-06-23,Panda Express,Dining & Drinks:Restaurants,-2.64
2023-06-26,Chipotle,Dining & Drinks:Restaurants,-10.13
2023-06-26,Jersey Mike's,Dining & Drinks:Restaurants,-45.11
2023-06-26,Panda Express,Dining & Drinks:Restaurants,-2.64
2023-06-26,Starbucks,Dining & Drinks:Restaurants,-4.35
2023-06-26,Panda Express,Dining & Drinks:Restaurants,-2.64
2023-06-26,Chipotle,Dining & Drinks:Restaurants,-35.12
2023-06-26,QFC Foods,Groceries,-7.28
2023-06-26,Chipotle,Dining & Drinks:Restaurants,-20.59
2023-06-27,Panda Express,Dining & Drinks:Restaurants,-2.64
2023-06-27,Audible,Shopping:Books,-16.46
2023-06-27,Safeway,Groceries,-4.99
2023-06-27,Chipotle,Dining & Drinks:Restaurants,-10.02
2023-06-28,Panda Express,Dining & Drinks:Restaurants,-2.64
2023-06-28,Starbucks,Dining & Drinks:Restaurants,-4.35
2023-06-28,Chipotle,Dining & Drinks:Restaurants,-10.02
2023-06-28,Safeway,Groceries,-36.05
2023-06-29,Google Domain,Software ,-6.61
2023-06-29,Panda Express,Dining & Drinks:Restaurants,-2.64
2023-06-30,Panda Express,Dining & Drinks:Restaurants,-2.64
2023-06-30,Chipotle,Dining & Drinks:Restaurants,-10.02
2023-06-30,Teradata,Personal Income:Paycheck,5157.34
2023-06-30,Safeway,Groceries,-4.99
2023-06-30,WindRiver,Personal Income:Paycheck,7212.2
2023-06-30,Amazon Kids,Shopping,-5.49
2023-07-03,Bitcoin,Investments ,-16000.0
2023-07-03,Gourmet Gas,Auto & Transport:Gas & Fuel,-15.28
2023-07-03,Alimony,Home,-1920.0
2023-07-03,Chipotle,Dining & Drinks:Restaurants,-21.58
2023-07-03,Quiett Time Llc; Port Orchard Wa 07/02,Dining & Drinks:Restaurants,-4.0
2023-07-03,Chevron,Auto & Transport:Gas & Fuel,-47.77
2023-07-03,Chase Mortgage,Home:Mortgage,-5580.2
2023-07-03,Chipotle,Dining & Drinks:Restaurants,-23.84
2023-07-03,Shake Shack,Dining & Drinks:Restaurants,-35.3
2023-07-03,Amli Spring District,Home:Rent,-3086.46
2023-07-03,Panda Express,Dining & Drinks:Restaurants,-2.64
2023-07-05,Safeway,Groceries,-9.99
2023-07-05,Panda Express,Dining & Drinks:Restaurants,-2.64
2023-07-05,Brick House Xxx Bar & Port Orchard Wa 07/03,Dining & Drinks:Bars,-143.38
2023-07-05,Huel,Dining & Drinks:Restaurants,-99.09
2023-07-05,Chipotle,Dining & Drinks:Restaurants,-10.57
2023-07-05,Mayuri,Dining & Drinks:Restaurants,-14.25
2023-07-06,Panda Express,Dining & Drinks:Restaurants,-2.64
2023-07-06,QFC Foods,Groceries,-4.99
2023-07-06,Chipotle,Dining & Drinks:Restaurants,-10.57
2023-07-06,Chatgpt,Work Expenses,-22.02
2023-07-07,Psi Services Llc,Education,-70.5
2023-07-07,AIG Life,Financial:Life Insurance,-102.03
2023-07-07,Panda Express,Dining & Drinks:Restaurants,-2.64
2023-07-07,Mayuri,Dining & Drinks:Restaurants,-1.49
2023-07-10,Shake Shack,Dining & Drinks:Restaurants,-46.2
2023-07-10,Starbucks,Dining & Drinks:Restaurants,-4.35
2023-07-10,Chipotle,Dining & Drinks:Restaurants,-10.68
2023-07-10,Filson,Shopping,-82.58
2023-07-10,Panda Express,Dining & Drinks:Restaurants,-2.64
2023-07-10,Safeway,Groceries,-10.68
2023-07-10,QFC Foods,Groceries,-9.47
2023-07-10,Panda Express,Dining & Drinks:Restaurants,-2.64
2023-07-10,Starbucks,Dining & Drinks:Restaurants,-4.35
2023-07-10,Chipotle,Dining & Drinks:Restaurants,-40.08
2023-07-10,Mod Pizza,Dining & Drinks:Restaurants,-31.2
2023-07-10,Chipotle,Dining & Drinks:Restaurants,-34.52
2023-07-11,Chipotle,Dining & Drinks:Restaurants,-10.57
2023-07-11,Panda Express,Dining & Drinks:Restaurants,-2.64
2023-07-11,QFC Foods,Groceries,-9.68
2023-07-12,Gieco,Auto & Transport:Car Insurance,-61.17
2023-07-12,Chipotle,Dining & Drinks:Restaurants,-10.57
2023-07-12,YouTube,Software ,-13.2
2023-07-12,Panda Express,Dining & Drinks:Restaurants,-1.09
2023-07-13,Starbucks,Dining & Drinks:Restaurants,-4.35
2023-07-13,Chipotle,Dining & Drinks:Restaurants,-13.82
2023-07-14,Soylent,Groceries,-175.0
2023-07-14,Chipotle,Dining & Drinks:Restaurants,-10.57
2023-07-14,WindRiver,Personal Income:Paycheck,7152.48
2023-07-14,Teradata,Personal Income:Paycheck,5116.0
2023-07-14,Panda Express,Dining & Drinks:Restaurants,-2.64
2023-07-17,Panda Express,Dining & Drinks:Restaurants,-2.64
2023-07-17,Comcast,Utilities,-70.0
2023-07-17,Bitcoin,Investments ,-3000.0
2023-07-17,Chipotle,Dining & Drinks:Restaurants,-40.63
2023-07-17,Panda Express,Dining & Drinks:Restaurants,-2.64
2023-07-17,PCC Market,Groceries,-4.0
2023-07-17,Chipotle,Dining & Drinks:Restaurants,-10.73
2023-07-17,Elizabeth Cleaning,Cleaning,-90.0
2023-07-17,Chipotle,Dining & Drinks:Restaurants,-25.21
2023-07-17,Netflix,Entertainment,-17.05
2023-07-17,Five Guys,Dining & Drinks:Restaurants,-51.73
2023-07-18,Chipotle,Dining & Drinks:Restaurants,-12.28
2023-07-18,Panda Express,Dining & Drinks:Restaurants,-2.64
2023-07-18,PSE,Utilities,-23.8
2023-07-19,Chipotle,Dining & Drinks:Restaurants,-11.95
2023-07-19,Safeway,Groceries,-15.57
2023-07-19,Panda Express,Dining & Drinks:Restaurants,-2.64
2023-07-20,T-mobile,Utilities:Phone,-120.0
2023-07-20,Panda Express,Dining & Drinks:Restaurants,-2.64
2023-07-20,Chipotle,Dining & Drinks:Restaurants,-10.57
2023-07-21,Chipotle,Dining & Drinks:Restaurants,-30.61
2023-07-21,Psi Services Llc,Education,-70.5
2023-07-21,Century Theaters,Entertainment,-27.3
2023-07-21,Century Theaters,Entertainment,-22.36
2023-07-21,Amazon,Shopping:Electronics,-16.5
2023-07-21,Starbucks,Dining & Drinks:Restaurants,-4.35
2023-07-21,Chipotle,Dining & Drinks:Restaurants,-3.25
2023-07-21,Bartell Drugs,Health:Pharmacy,-4.4
2023-07-24,Bartell Drugs,Health:Pharmacy,-20.49
2023-07-24,Safeway,Groceries,-6.99
2023-07-24,Chipotle,Dining & Drinks:Restaurants,-3.58
2023-07-24,Chipotle,Dining & Drinks:Restaurants,-30.61
2023-07-24,Panda Express,Dining & Drinks:Restaurants,-2.64
2023-07-24,Mod Pizza,Dining & Drinks:Restaurants,-31.2
2023-07-24,QFC Foods,Groceries,-4.0
2023-07-24,Chipotle,Dining & Drinks:Restaurants,-10.57
2023-07-24,Chevron,Auto & Transport:Gas & Fuel,-60.04
2023-07-24,Five Guys,Dining & Drinks:Restaurants,-51.73
2023-07-25,Panda Express,Dining & Drinks:Restaurants,-2.64
2023-07-25,Chipotle,Dining & Drinks:Restaurants,-10.57
2023-07-26,Panda Express,Dining & Drinks:Restaurants,-2.64
2023-07-26,Chipotle,Dining & Drinks:Restaurants,-11.95
2023-07-27,Chipotle,Dining & Drinks:Restaurants,-10.57
2023-07-27,Panda Express,Dining & Drinks:Restaurants,-2.64
2023-07-27,Safeway,Groceries,-3.86
2023-07-27,QFC Foods,Groceries,-15.94
2023-07-27,Shortform,Shopping:Clothing,-197.0
2023-07-28,Panda Express,Dining & Drinks:Restaurants,-2.64
2023-07-28,Century Theaters,Entertainment,-14.42
2023-07-28,Chipotle,Dining & Drinks:Restaurants,-10.57
2023-07-28,Belle Pastry,Dining & Drinks:Restaurants,-3.15
2023-07-28,Century Theaters,Entertainment,-8.97
2023-07-28,QFC Foods,Groceries,-13.97
2023-07-28,Teradata,Personal Income:Paycheck,5114.75
2023-07-31,Panda Express,Dining & Drinks:Restaurants,-2.64
2023-07-31,Chipotle,Dining & Drinks:Restaurants,-23.29
2023-07-31,Starbucks,Dining & Drinks:Restaurants,-4.35
2023-07-31,Starbucks,Dining & Drinks:Restaurants,-4.35
2023-07-31,Bartell Drugs,Health:Pharmacy,-2.41
2023-07-31,Chipotle,Dining & Drinks:Restaurants,-30.61
2023-07-31,Bartell Drugs,Health:Pharmacy,-2.41
2023-07-31,Chipotle,Dining & Drinks:Restaurants,-10.57
2023-07-31,WindRiver,Personal Income:Paycheck,7694.76
2023-07-31,Amazon Kids,Shopping,-5.49
2023-07-31,Jersey Mike's,Dining & Drinks:Restaurants,-45.11
2023-07-31,Google Domain,Software ,-6.61
2023-07-31,Mod Pizza,Dining & Drinks:Restaurants,-27.1
2023-08-01,Chase Mortgage,Home:Mortgage,-5990.47
2023-08-01,Alimony,Home,-1920.0
2023-08-01,North Face,Shopping:Clothing,-384.25
2023-08-01,Chipotle,Dining & Drinks:Restaurants,-10.57
2023-08-02,Century Theaters,Entertainment,-27.3
2023-08-02,QFC Foods,Groceries,6.26
2023-08-02,Chipotle,Dining & Drinks:Restaurants,-22.96
2023-08-02,Century Theaters,Entertainment,-14.04
2023-08-02,QFC Foods,Groceries,-12.53
2023-08-02,Panda Express,Dining & Drinks:Restaurants,-2.64
2023-08-03,Amli Spring District,Home:Rent,-3048.7
2023-08-03,Chipotle,Dining & Drinks:Restaurants,-10.57
2023-08-03,Panda Express,Dining & Drinks:Restaurants,-2.64
2023-08-03,AIG Life,Financial:Life Insurance,-102.03
2023-08-04,Chipotle,Dining & Drinks:Restaurants,-10.57
2023-08-04,QFC Foods,Groceries,-3.63
2023-08-04,Panda Express,Dining & Drinks:Restaurants,-2.64
2023-08-07,Starbucks,Dining & Drinks:Restaurants,-4.35
2023-08-07,Chatgpt,Work Expenses,-22.02
2023-08-07,Bartell Drugs,Health:Pharmacy,-2.41
2023-08-07,Shake Shack,Dining & Drinks:Restaurants,-46.2
2023-08-07,Panda Express,Dining & Drinks:Restaurants,-49.38
2023-08-07,Chipotle,Dining & Drinks:Restaurants,-41.07
2023-08-07,Panda Express,Dining & Drinks:Restaurants,-2.64
2023-08-07,Belle Pastry,Dining & Drinks:Restaurants,-3.15
2023-08-08,Panda Express,Dining & Drinks:Restaurants,-2.64
2023-08-08,Chipotle,Dining & Drinks:Restaurants,-10.68
2023-08-09,Taco Del Mar,Dining & Drinks:Restaurants,-9.35
2023-08-09,Panda Express,Dining & Drinks:Restaurants,-2.64
2023-08-09,Chipotle,Dining & Drinks:Restaurants,-10.57
2023-08-10,Panda Express,Dining & Drinks:Restaurants,-2.64
2023-08-10,Elizabeth Cleaning,Cleaning,-90.0
2023-08-10,Chipotle,Dining & Drinks:Restaurants,-11.29
2023-08-10,QFC Foods,Groceries,-5.27
2023-08-10,Belle Pastry,Dining & Drinks:Restaurants,-3.15
2023-08-11,Chipotle,Dining & Drinks:Restaurants,-11.29
2023-08-11,Belle Pastry,Dining & Drinks:Restaurants,-3.9
2023-08-11,Panda Express,Dining & Drinks:Restaurants,-2.64
2023-08-11,Teradata,Personal Income:Paycheck,5112.19
2023-08-14,Chipotle,Dining & Drinks:Restaurants,-40.52
2023-08-14,YouTube,Software ,-13.2
2023-08-14,Jersey Mike's,Dining & Drinks:Restaurants,-45.33
2023-08-14,Panda Express,Dining & Drinks:Restaurants,-2.64
2023-08-14,Gieco,Auto & Transport:Car Insurance,-61.13
2023-08-14,Chipotle,Dining & Drinks:Restaurants,-23.29
2023-08-14,Safeway,Groceries,-17.82
2023-08-14,Filson,Shopping,-385.35
2023-08-14,Soylent,Groceries,-175.0
2023-08-14,Bartell Drugs,Health:Pharmacy,-2.41
2023-08-14,Mod Pizza,Dining & Drinks:Restaurants,-31.57
2023-08-14,Barber Shop,Personal Care:Hair,-50.0
2023-08-14,QFC Foods,Groceries,-8.58
2023-08-15,WindRiver,Personal Income:Paycheck,7854.19
2023-08-15,Panda Express,Dining & Drinks:Restaurants,-2.64
2023-08-15,Bitcoin,Investments ,-17000.0
2023-08-15,Belle Pastry,Dining & Drinks:Restaurants,-3.15
2023-08-16,PSE,Utilities,-30.45
2023-08-16,Chipotle,Dining & Drinks:Restaurants,-10.02
2023-08-16,Netflix,Entertainment,-17.05
2023-08-16,Panda Express,Dining & Drinks:Restaurants,-2.64
2023-08-17,Panda Express,Dining & Drinks:Restaurants,-2.64
2023-08-17,Comcast,Utilities,-70.0
2023-08-18,Chipotle,Dining & Drinks:Restaurants,-10.57
2023-08-18,QFC Foods,Groceries,-11.23
2023-08-18,Panda Express,Dining & Drinks:Restaurants,-2.64
2023-08-21,Chipotle,Dining & Drinks:Restaurants,-40.08
2023-08-21,QFC Foods,Groceries,-15.69
2023-08-21,Amazon,Shopping:Electronics,-16.5
2023-08-21,T-mobile,Utilities:Phone,-120.0
2023-08-21,PCC Market,Groceries,-1.99
2023-08-21,Panda Express,Dining & Drinks:Restaurants,-2.64
2023-08-21,Starbucks,Dining & Drinks:Restaurants,-4.35
2023-08-21,Five Guys,Dining & Drinks:Restaurants,-36.47
2023-08-21,QFC Foods,Groceries,-17.73
2023-08-21,Chipotle,Dining & Drinks:Restaurants,-23.29
2023-08-21,Panda Express,Dining & Drinks:Restaurants,-2.64
2023-08-22,Panda Express,Dining & Drinks:Restaurants,-2.64
2023-08-23,PCC Market,Groceries,-20.99
2023-08-23,Panda Express,Dining & Drinks:Restaurants,-2.64
2023-08-23,Target,Groceries,-27.34
2023-08-24,Chevron,Auto & Transport:Gas & Fuel,-60.7
2023-08-24,Panda Express,Dining & Drinks:Restaurants,-2.42
2023-08-25,QFC Foods,Groceries,-12.08
2023-08-25,Panda Express,Dining & Drinks:Restaurants,-1.09
2023-08-25,Panda Express,Dining & Drinks:Restaurants,-2.64
2023-08-25,Chipotle,Dining & Drinks:Restaurants,-10.73
2023-08-25,Teradata,Personal Income:Paycheck,5116.01
2023-08-28,Belle Pastry,Dining & Drinks:Restaurants,-3.15
2023-08-28,Elizabeth Cleaning,Cleaning,-90.0
2023-08-28,Bartell Drugs,Health:Pharmacy,-2.41
2023-08-28,Quicken,Shopping:Electronics,-31.66
2023-08-28,Chipotle,Dining & Drinks:Restaurants,-30.39
2023-08-28,Chipotle,Dining & Drinks:Restaurants,-23.29
2023-08-28,Shake Shack,Dining & Drinks:Restaurants,-55.89
2023-08-28,PCC Market,Groceries,-17.89
2023-08-29,Chipotle,Dining & Drinks:Restaurants,-10.73
2023-08-29,Bartell Drugs,Health:Pharmacy,-16.16
2023-08-29,"Quest Diagnostics, Inc.",Health:Doctor,-32.6
2023-08-29,Google Domain,Software ,-6.61
2023-08-30,Panda Express,Dining & Drinks:Restaurants,-2.64
2023-08-30,Chipotle,Dining & Drinks:Restaurants,-20.04
2023-08-30,Music Arts,Kids,-10.98
2023-08-30,Amazon,Shopping:Electronics,-5.49
2023-08-30,Safeway,Groceries,-15.98
2023-08-31,QFC Foods,Groceries,-10.28
2023-08-31,Psi Services Llc,Education,-70.5
2023-08-31,Chipotle,Dining & Drinks:Restaurants,-10.13
2023-08-31,Wind River,Personal Income:Paycheck,7854.19
2023-08-31,Starbucks,Dining & Drinks:Restaurants,-4.35
2023-08-31,Panda Express,Dining & Drinks:Restaurants,-2.64
2023-09-01,Chase Mortgage,Home:Mortgage,-5990.47
2023-09-01,Alimony,Home,-1920.0
2023-09-01,Five Guys,Dining & Drinks:Restaurants,-18.36
2023-09-01,Panda Express,Dining & Drinks:Restaurants,-2.42
2023-09-01,Potbelly,Dining & Drinks:Restaurants,-15.29
2023-09-01,Starbucks,Dining & Drinks:Restaurants,-4.35
2023-09-05,Chipotle,Dining & Drinks:Restaurants,-33.31
2023-09-05,Jersey Mikes,Dining & Drinks:Restaurants,-25.63
2023-09-05,Huel,Dining & Drinks:Restaurants,-133.77
2023-09-05,Chipotle,Dining & Drinks:Restaurants,-13.27
2023-09-05,Chipotle,Dining & Drinks:Restaurants,-13.71
2023-09-05,Chipotle,Dining & Drinks:Restaurants,-26.2
2023-09-05,Potbelly,Dining & Drinks:Restaurants,-18.14
2023-09-05,Starbucks,Dining & Drinks:Restaurants,-4.35
2023-09-05,Shake Shack,Dining & Drinks:Restaurants,-35.3
2023-09-05,Shake Shack,Dining & Drinks:Restaurants,-34.54
2023-09-05,Chatgpt,Work Expenses,-22.02
2023-09-05,Panda Express,Dining & Drinks:Restaurants,-1.09
2023-09-06,Panda Express,Dining & Drinks:Restaurants,-2.64
2023-09-06,Affordable Backflow,Home:Home Services,-55.0
2023-09-06,Belle Pastry,Dining & Drinks:Restaurants,-3.15
2023-09-06,AIG Life,Financial:Life Insurance,-102.03
2023-09-06,Kindle,Education,-38.69
2023-09-07,PCC Market,Groceries,-3.69
2023-09-07,Starbucks,Dining & Drinks:Restaurants,-4.35
2023-09-07,Chipotle,Dining & Drinks:Restaurants,-10.73
2023-09-07,Panda Express,Dining & Drinks:Restaurants,-2.64
2023-09-08,Teradata,Personal Income:Paycheck,5114.73
2023-09-08,Panda Express,Dining & Drinks:Restaurants,-2.64
2023-09-08,Belle Pastry,Dining & Drinks:Restaurants,-3.15
2023-09-11,Starbucks,Dining & Drinks:Restaurants,-4.35
2023-09-11,Soylent,Groceries,-175.0
2023-09-11,State Parks,Entertainment,-10.0
2023-09-11,Five Guys,Dining & Drinks:Restaurants,-49.27
2023-09-11,Chipotle,Dining & Drinks:Restaurants,-30.39
2023-09-11,Target,Groceries,-11.0
2023-09-11,Blazing Bagels,Dining & Drinks:Restaurants,-9.85
2023-09-11,Chipotle,Dining & Drinks:Restaurants,-23.29
2023-09-11,Panda Express,Dining & Drinks:Restaurants,-2.64
2023-09-12,Chipotle,Dining & Drinks:Restaurants,-10.02
2023-09-12,Kachava,Groceries,-118.82
2023-09-12,Panda Express,Dining & Drinks:Restaurants,-2.64
2023-09-12,Lululemon,Shopping:Clothing,-259.84
2023-09-12,YouTube,Software ,-15.4
2023-09-12,Geico,Auto & Transport:Car Insurance,-61.15
2023-09-13,GoodToGo,Auto & Transport,-43.21
2023-09-13,76,Auto & Transport:Gas & Fuel,-58.35
2023-09-13,Panda Express,Dining & Drinks:Restaurants,-2.64
2023-09-13,Bellevue Brewery,Dining & Drinks:Restaurants,-104.08
2023-09-14,Chipotle,Dining & Drinks:Restaurants,-11.95
2023-09-14,Panda Express,Dining & Drinks:Restaurants,-2.64
2023-09-15,Chipotle,Dining & Drinks:Restaurants,-10.02
2023-09-15,Family Meds,Health:Doctor,-25.0
2023-09-15,Kindle,Education,-11.0
2023-09-15,Panda Express,Dining & Drinks:Restaurants,-2.64
2023-09-15,Wind River,Personal Income:Paycheck,7854.19
2023-09-15,Starbucks,Dining & Drinks:Restaurants,-4.35
2023-09-16,Netflix,Entertainment,-17.05
2023-09-16,Comcast,Utilities,-70.0
2023-09-18,Belle Pastry,Dining & Drinks:Restaurants,-3.9
2023-09-18,PCC Market,Groceries,-11.87
2023-09-18,QFC Foods,Groceries,-8.99
2023-09-18,Target,Groceries,-1.98
2023-09-18,Starbucks,Dining & Drinks:Restaurants,-4.35
2023-09-18,Panda Express,Dining & Drinks:Restaurants,-2.64
2023-09-18,QFC Foods,Groceries,-5.0
2023-09-18,Chipotle,Dining & Drinks:Restaurants,-30.39
2023-09-18,Mod Pizza,Dining & Drinks:Restaurants,-28.7
2023-09-18,Shake Shack,Dining & Drinks:Restaurants,-46.2
2023-09-18,PSE,Utilities:Gas & Electric,-29.87
2023-09-18,QFC Foods,Groceries,7.65
2023-09-19,Panda Express,Dining & Drinks:Restaurants,-2.64
2023-09-19,Century Theaters,Entertainment,-11.33
2023-09-20,Elizabeth Cleaning,Cleaning,-90.0
2023-09-20,Chipotle,Dining & Drinks:Restaurants,-10.02
2023-09-20,T Mobile,Utilities:Phone,-120.0
2023-09-20,Panda Express,Dining & Drinks:Restaurants,-2.64
2023-09-21,Starbucks,Dining & Drinks:Restaurants,-4.35
2023-09-21,Amazon,Shopping:Electronics,-16.5
2023-09-21,UPS,Home,-324.0
2023-09-21,Panda Express,Dining & Drinks:Restaurants,-2.64
2023-09-22,Teradata,Personal Income:Paycheck,5114.73
2023-09-22,Starbucks,Dining & Drinks:Restaurants,-4.35
2023-09-22,Chipotle,Dining & Drinks:Restaurants,-10.02
2023-09-22,Panda Express,Dining & Drinks:Restaurants,-2.64
2023-09-25,Bartell Drugs,Health:Pharmacy,-20.49
2023-09-25,PCC Market,Groceries,-7.8
2023-09-25,Chipotle,Dining & Drinks:Restaurants,-20.26
2023-09-25,Shake Shack,Dining & Drinks:Restaurants,-30.79
2023-09-25,Panda Express,Dining & Drinks:Restaurants,-2.64
2023-09-25,Chipotle,Dining & Drinks:Restaurants,-33.31
2023-09-25,Belle Pastry,Dining & Drinks:Restaurants,-3.9
2023-09-25,Bellevue School District,Education:Tuition,-160.0
2023-09-25,Panda Express,Dining & Drinks:Restaurants,-2.64
2023-09-25,Elephant Car Wash,Auto & Transport,-29.0
2023-09-25,Belle Pastry,Dining & Drinks:Restaurants,-3.15
2023-09-26,Panda Express,Dining & Drinks:Restaurants,-2.64
2023-09-26,PCC Market,Groceries,-13.52
2023-09-27,Starbucks,Dining & Drinks:Restaurants,-4.35
2023-09-27,Panda Express,Dining & Drinks:Restaurants,-2.64
2023-09-27,Century Theaters,Entertainment,-8.7
2023-09-27,Century Theaters,Entertainment,-7.47
2023-09-28,Google Domain,Software ,-6.61
2023-09-28,Belle Pastry,Dining & Drinks:Restaurants,-3.15
2023-09-28,Safeway,Groceries,-8.54
2023-09-28,Panda Express,Dining & Drinks:Restaurants,-2.64
2023-09-28,Chipotle,Dining & Drinks:Restaurants,-11.95
2023-09-29,Panda Express,Dining & Drinks:Restaurants,-2.64
2023-09-29,QFC Foods,Groceries,-8.59
2023-09-29,Wind River,Personal Income:Paycheck,7767.24
2023-09-29,"Mirantis, Inc.",Software ,-274.15
2023-09-29,Chipotle,Dining & Drinks:Restaurants,-10.13
2023-10-02,Uber,Auto & Transport,-63.36
2023-10-02,Chipotle,Dining & Drinks:Restaurants,-30.39
2023-10-02,T Mobile,Utilities:Phone,-11.3
2023-10-02,Barber Shop,Personal Care:Hair,-44.0
2023-10-02,Panda Express,Dining & Drinks:Restaurants,-2.64
2023-10-02,Amazon,Shopping:Electronics,-5.49
2023-10-02,Jersey Mikes,Dining & Drinks:Restaurants,-35.75
2023-10-02,Uwajimaya,Groceries,-7.75
2023-10-02,Mod Pizza,Dining & Drinks:Restaurants,-31.81
2023-10-02,Uber,Auto & Transport,-39.91
2023-10-02,Chase Mortgage,Home:Mortgage,-5990.47
2023-10-02,Alimony,Home,-1920.0
2023-10-02,Total Wine And Bellevue Wa 10/01,Dining & Drinks:Bars,-60.66
2023-10-02,Chipotle,Dining & Drinks:Restaurants,-26.59
2023-10-02,Stir,Entertainment,-65.99
2023-10-03,Amli Spring District,Home:Rent,-3048.06
2023-10-03,Amazon,Shopping:Electronics,-23.94
2023-10-03,Soylent,Groceries,-175.0
2023-10-04,AIG Life,Financial:Life Insurance,-102.03
2023-10-04,Chipotle,Dining & Drinks:Restaurants,-10.73
2023-10-04,Starbucks,Dining & Drinks:Restaurants,-4.35
2023-10-05,Chatgpt,Work Expenses,-22.02
2023-10-05,PCC Market,Groceries,-8.09
2023-10-05,QFC Foods,Groceries,-10.98
2023-10-06,Chipotle,Dining & Drinks:Restaurants,-10.02
2023-10-06,Bartell Drugs,Health:Pharmacy,-2.41
2023-10-06,Teradata,Personal Income:Paycheck,5113.46
2023-10-06,Starbucks,Dining & Drinks:Restaurants,-4.35
2023-10-10,Bartell Drugs,Health:Pharmacy,-2.41
2023-10-10,Shake Shack,Dining & Drinks:Restaurants,-46.2
2023-10-10,Bartell Drugs,Health:Pharmacy,-2.41
2023-10-10,Belle Pastry,Dining & Drinks:Restaurants,-3.9
2023-10-10,Columbia Sportswear,Shopping:Clothing,-27.23
2023-10-10,Chipotle,Dining & Drinks:Restaurants,-20.26
2023-10-10,QFC Foods,Groceries,-20.91
2023-10-10,QFC Foods,Groceries,-6.78
2023-10-10,Chevron,Auto & Transport:Gas & Fuel,-59.15
2023-10-10,PCC Market,Groceries,-8.13
2023-10-10,Amazon,Shopping:Electronics,-12.06
2023-10-10,Chevron,Auto & Transport:Gas & Fuel,-4.22
2023-10-10,Bartell Drugs,Health:Pharmacy,-2.41
2023-10-10,Chipotle,Dining & Drinks:Restaurants,-10.02
2023-10-11,Elizabeth Cleaning,Cleaning,-90.0
2023-10-11,Bartell Drugs,Health:Pharmacy,-2.41
2023-10-11,Priceline - Vegas,Travel:Vegas Trip,-434.31
2023-10-11,Total Wine And Bellevue Wa 10/11,Dining & Drinks:Bars,-60.66
2023-10-11,Chipotle,Dining & Drinks:Restaurants,-10.02
2023-10-12,Bartell Drugs,Health:Pharmacy,-2.41
2023-10-12,YouTube,Software ,-15.4
2023-10-12,Kachava,Dining & Drinks:Restaurants,-132.02
2023-10-12,Alaska Air,Travel:Vegas Trip,-697.81
2023-10-12,Sp Jimmy Joy Usa Amsterdam 10/12,Dining & Drinks:Restaurants,-81.4
2023-10-12,Geico,Auto & Transport:Car Insurance,-61.15
2023-10-12,QFC Foods,Groceries,-0.73
2023-10-13,Wind River,Personal Income:Paycheck,7761.02
2023-10-13,North Face,Shopping:Clothing,-158.54
2023-10-13,Bartell Drugs,Health:Pharmacy,-2.41
2023-10-13,Starbucks,Dining & Drinks:Restaurants,-4.35
2023-10-13,QFC Foods,Groceries,-3.0
2023-10-16,Chipotle,Dining & Drinks:Restaurants,-30.06
2023-10-16,Five Guys,Dining & Drinks:Restaurants,-36.18
2023-10-16,Panda Express,Dining & Drinks:Restaurants,-41.62
2023-10-16,Chevron,Auto & Transport:Gas & Fuel,-7.94
2023-10-16,Netflix,Entertainment,-17.05
2023-10-16,Bartell Drugs,Health:Pharmacy,-2.41
2023-10-17,Comcast,Utilities,-70.0
2023-10-17,Bartell Drugs,Health:Pharmacy,-2.41
2023-10-18,PSE,Utilities:Gas & Electric,-27.82
2023-10-19,PCC Market,Groceries,-16.77
2023-10-20,UPS,Home,-17.01
2023-10-20,QFC Foods,Groceries,-22.47
2023-10-20,Teradata,Personal Income:Paycheck,5113.47
2023-10-20,T Mobile,Utilities:Phone,-120.0
2023-10-20,Tst* Thaal Bellevue Wa 10/19,Dining & Drinks:Restaurants,-33.77
2023-10-22,Vegas Tours,Travel:Vegas Trip,-147.88
2023-10-22,Vegas Tours,Travel:Vegas Trip,-245.88
2023-10-22,Vegas Tours,Travel:Vegas Trip,-123.88
2023-10-23,Jersey Mikes,Dining & Drinks:Restaurants,-44.01
2023-10-23,Shake Shack,Dining & Drinks:Restaurants,-31.46
2023-10-23,Chipotle,Dining & Drinks:Restaurants,-35.51
2023-10-23,Chipotle,Dining & Drinks:Restaurants,-30.88
2023-10-23,Chipotle,Dining & Drinks:Restaurants,-25.21
2023-10-23,Amazon,Shopping:Electronics,-16.5
2023-10-24,Chipotle,Dining & Drinks:Restaurants,-21.19
2023-10-26,Vegas Tours,Travel:Vegas Trip,-3.29
2023-10-26,Potbelly,Dining & Drinks:Restaurants,-31.14
2023-10-26,Blazing Bagels,Dining & Drinks:Restaurants,-30.93
2023-10-26,Vegas Tours,Travel:Vegas Trip,-6.99
2023-10-26,Chipotle,Dining & Drinks:Restaurants,-37.21
2023-10-27,Chick-Fil-A,Travel:Vegas Trip,-27.03
2023-10-27,Uber,Travel:Vegas Trip,-65.91
2023-10-27,Vegas Tours,Travel:Vegas Trip,-20.23
2023-10-27,Curb,Travel:Vegas Trip,-69.84
2023-10-29,Google Domain,Software ,-6.61
2023-10-30,Hoover Dam Cafe 10/27,Travel:Vegas Trip,-28.08
2023-10-30,Amazon,Shopping:Electronics,-17.22
2023-10-30,Amazon,Shopping:Electronics,-11.0
2023-10-30,Curb Lv Taxi Nellis Queens Ny 10/27,Travel:Vegas Trip,-27.8
2023-10-30,Vegas Tours,Travel:Vegas Trip,-4.01
2023-10-30,Shell,Auto & Transport:Gas & Fuel,-10.36
2023-10-30,Amazon,Shopping:Electronics,-5.49
2023-10-30,Vegas Tours,Travel:Vegas Trip,-30.31
2023-10-30,Bright Angel Gift Sho Grand Canyon Az 10/28,Travel:Vegas Trip,-10.69
2023-10-30,Curb,Travel:Vegas Trip,-36.09
2023-10-30,Mcdonald's 10/28,Travel:Vegas Trip,-14.82
2023-10-30,Vegas Tours,Travel:Vegas Trip,-4.58
2023-10-30,Vegas Tours,Travel:Vegas Trip,-23.0
2023-10-30,Vegas Tours,Travel:Vegas Trip,-24.12
2023-10-30,Vegas Tours,Travel:Vegas Trip,-4.32
2023-10-30,Vegas Tours,Travel:Vegas Trip,-23.0
2023-10-30,Uber,Travel:Vegas Trip,-58.92
2023-10-30,Curb Lv Taxi New Ca Queens Ny 10/28,Travel:Vegas Trip,-18.79
2023-10-30,Soylent,Groceries,-175.0
2023-10-30,QFC Foods,Groceries,-5.0
2023-10-30,Vegas Tours,Travel:Vegas Trip,-249.77
2023-10-31,Vegas Tours,Travel:Vegas Trip,-254.94
2023-10-31,Wind River,Personal Income:Paycheck,7761.03
2023-10-31,7-eleven 10/31,Dining & Drinks:Restaurants,-6.93
2023-11-01,Mortgage,Home:Mortgage,-5990.47
2023-11-02,Suit Supply,Shopping:Clothing,-1167.07
2023-11-02,Chevron,Auto & Transport:Gas & Fuel,-58.83
2023-11-02,Mi Tea,Dining & Drinks:Restaurants,-6.33
2023-11-02,PCC Market,Groceries,-16.31
2023-11-03,Chipotle,Dining & Drinks:Restaurants,-10.29
2023-11-03,Panda Express,Dining & Drinks:Restaurants,-2.64
2023-11-03,QFC Foods,Groceries,-8.56
2023-11-03,Teradata,Personal Income:Paycheck,5204.35
2023-11-03,Amli Spring District,Home:Rent,-3053.59
2023-11-03,AIG Life,Financial:Life Insurance,-102.03
2023-11-03,Chipotle,Dining & Drinks:Restaurants,-20.59
2023-11-03,"Quest Diagnostics, Inc.",Health:Doctor,-53.02
2023-11-05,Chatgpt,Work Expenses,-22.02
2023-11-06,QFC Foods,Groceries,-20.9
2023-11-06,Bitcoin,Investments ,-20000.0
2023-11-06,Shake Shack,Dining & Drinks:Restaurants,-31.46
2023-11-06,Uber,Auto & Transport,-14.99
2023-11-06,Panda Express,Dining & Drinks:Restaurants,-2.64
2023-11-06,Chipotle,Dining & Drinks:Restaurants,-30.88
2023-11-06,Macy's,Shopping:Clothing,-203.69
2023-11-06,Chipotle,Dining & Drinks:Restaurants,-31.38
2023-11-06,Panda Express,Dining & Drinks:Restaurants,-2.64
2023-11-06,Wwp Senske Lawn,Uncategorized,-176.16
2023-11-06,Uber,Auto & Transport,-18.92
2023-11-06,Uber,Auto & Transport,-11.96
2023-11-06,Starbucks,Dining & Drinks:Restaurants,-4.35
2023-11-06,Alimony,Home,-104.0
2023-11-06,Mod Pizza,Dining & Drinks:Restaurants,-31.81
2023-11-06,Elizabeth Cleaning,Cleaning,-120.0
2023-11-07,Amazon,Shopping:Electronics,-438.2
2023-11-07,Panda Express,Dining & Drinks:Restaurants,-2.64
2023-11-07,Lululemon,Shopping:Clothing,-129.92
2023-11-07,Chipotle,Dining & Drinks:Restaurants,-10.29
2023-11-08,Bellevue Brewery,Dining & Drinks:Restaurants,-78.06
2023-11-08,Starbucks,Dining & Drinks:Restaurants,-4.35
2023-11-08,Belle Pastry,Dining & Drinks:Restaurants,-20.7
2023-11-08,Panda Express,Dining & Drinks:Restaurants,-2.64
2023-11-08,Lululemon,Shopping:Clothing,129.92
2023-11-09,Bellevue Brewery,Dining & Drinks:Restaurants,-52.04
2023-11-09,Panda Express,Dining & Drinks:Restaurants,-2.64
2023-11-10,QFC Foods,Groceries,-3.78
2023-11-10,Panda Express,Dining & Drinks:Restaurants,-2.64
2023-11-11,YouTube,Software ,-15.4
2023-11-13,Panda Express,Dining & Drinks:Restaurants,-41.62
2023-11-13,Geico,Auto & Transport:Car Insurance,-61.15
2023-11-13,Chipotle,Dining & Drinks:Restaurants,-44.48
2023-11-13,Mayuri,Dining & Drinks:Restaurants,-11.01
2023-11-13,Mayuri,Dining & Drinks:Restaurants,-12.09
2023-11-13,Bellevue Brewery,Dining & Drinks:Restaurants,-167.84
2023-11-13,QFC Foods,Groceries,-60.36
2023-11-13,Huel,Dining & Drinks:Restaurants,-133.77
2023-11-13,Jersey Mikes,Dining & Drinks:Restaurants,-44.34
2023-11-13,Premier Periodontics B,Health:Dentist,-99.0
2023-11-14,Chipotle,Dining & Drinks:Restaurants,-10.29
2023-11-14,Panda Express,Dining & Drinks:Restaurants,-2.64
2023-11-15,Wind River,Personal Income:Paycheck,7761.03
2023-11-15,Panda Express,Dining & Drinks:Restaurants,-2.64
2023-11-15,Total Wine And Bellevue Wa 11/15,Dining & Drinks:Bars,-73.91
2023-11-15,"Premier Periodontics, Pllc Wa 11/13",Health:Dentist,-250.0
2023-11-15,Rootana.com,Uncategorized,-90.08
2023-11-15,Bellevue Brewery,Dining & Drinks:Restaurants,-40.32
2023-11-16,Chipotle,Dining & Drinks:Restaurants,-10.9
2023-11-16,Netflix,Entertainment,-17.05
2023-11-16,Panda Express,Dining & Drinks:Restaurants,-2.64
2023-11-17,Comcast,Utilities,-70.0
2023-11-17,Teradata,Personal Income:Paycheck,5611.45
2023-11-17,PCC Market,Groceries,-24.16
2023-11-17,Panda Express,Dining & Drinks:Restaurants,-2.64
2023-11-17,Indochino,Shopping:Clothing,-329.2
2023-11-17,Starbucks,Dining & Drinks:Restaurants,-4.35
2023-11-17,PSE,Utilities:Gas & Electric,-22.35
2023-11-20,Uber,Auto & Transport,-15.48
2023-11-20,Panda Express,Dining & Drinks:Restaurants,-2.64
2023-11-20,QFC Foods,Groceries,-5.7
2023-11-20,Uber,Auto & Transport,-15.99
2023-11-20,Mcdonald's 11/17,Dining & Drinks:Restaurants,-11.68
2023-11-20,Chipotle,Dining & Drinks:Restaurants,-41.18
2023-11-20,Soylent,Groceries,-175.0
2023-11-20,T Mobile,Utilities:Phone,-120.0
2023-11-20,Mod Pizza,Dining & Drinks:Restaurants,-31.81
2023-11-20,Chipotle,Dining & Drinks:Restaurants,-30.88
2023-11-20,Shake Shack,Dining & Drinks:Restaurants,-31.46
2023-11-21,Panda Express,Dining & Drinks:Restaurants,-2.64
2023-11-21,Macy's Wa 11/21,Shopping:Clothing,-330.3
2023-11-21,Amazon,Shopping:Electronics,-16.5
2023-11-21,Starbucks,Dining & Drinks:Restaurants,-4.35
2023-11-21,Barbour Inc,Home,-154.14
2023-11-22,Panda Express,Dining & Drinks:Restaurants,-2.64
2023-11-22,Chipotle,Dining & Drinks:Restaurants,-10.29
2023-11-22,Bellevue Plaza Anch Bellevue Wa 11/21,Groceries,-5.25
2023-11-24,Belle Pastry,Dining & Drinks:Restaurants,-3.15
2023-11-24,7-eleven 11/23,Dining & Drinks:Restaurants,-5.8
2023-11-24,QFC Foods,Groceries,-13.68
2023-11-24,Panda Express,Dining & Drinks:Restaurants,-2.64
2023-11-27,Amazon,Shopping:Electronics,-36.97
2023-11-27,Chevron,Auto & Transport:Gas & Fuel,-50.21
2023-11-27,QFC Foods,Groceries,-20.85
2023-11-27,Shake Shack,Dining & Drinks:Restaurants,-38.27
2023-11-27,Bellevue Rink Clover.com Wa 11/26,Dining & Drinks,-20.0
2023-11-27,PCC Market,Groceries,-13.57
2023-11-27,Panda Express,Dining & Drinks:Restaurants,-28.42
2023-11-27,Panda Express,Dining & Drinks:Restaurants,-2.64
2023-11-27,Chipotle,Dining & Drinks:Restaurants,-31.38
2023-11-27,Macy's Wa 11/27,Personal Income,330.3
2023-11-28,Google Domain,Software ,-6.61
2023-11-28,Panda Express,Dining & Drinks:Restaurants,-2.64
2023-11-28,Chipotle,Dining & Drinks:Restaurants,-10.29
2023-11-28,Bartell Drugs,Health:Pharmacy,-20.42
2023-11-28,Soylent,Groceries,-96.0
2023-11-29,Starbucks,Dining & Drinks:Restaurants,-4.35
2023-11-29,Panda Express,Dining & Drinks:Restaurants,-2.86
2023-11-29,Nordstrom,Shopping,-3.85
2023-11-30,Wind River,Personal Income:Paycheck,7761.03
2023-11-30,QFC Foods,Groceries,-2.51
2023-11-30,PCC Market,Groceries,-16.67
2023-11-30,Amazon,Shopping:Electronics,-5.49
2023-12-01,Panda Express,Dining & Drinks:Restaurants,-2.64
2023-12-01,Mortgage,Home:Mortgage,-5990.47
2023-12-01,PCC Market,Groceries,-24.9
2023-12-01,Teradata,Personal Income:Paycheck,5611.45
2023-12-01,Alimony,Home,-1510.0
2023-12-01,Kachava,Personal Income,132.02
2023-12-02,Amli Spring District,Home:Rent,-3058.72
2023-12-04,Chipotle,Dining & Drinks:Restaurants,-41.78
2023-12-04,Panda Express,Dining & Drinks:Restaurants,-2.64
2023-12-04,Ray-ban,Shopping:Clothing,-329.21
2023-12-04,Safeway,Groceries,-7.49
2023-12-04,Jersey Mikes,Dining & Drinks:Restaurants,-24.75
2023-12-04,The Economist Xxx-xxx-7685 Ny 12/04,Uncategorized,-302.78
2023-12-04,Starbucks,Dining & Drinks:Restaurants,-4.35
2023-12-04,PCC Market,Groceries,-8.38
2023-12-04,Shake Shack,Dining & Drinks:Restaurants,-31.46
2023-12-05,AIG Life,Financial:Life Insurance,-102.03
2023-12-05,PCC Market,Groceries,-16.11
2023-12-05,Total Wine And Bellevue Wa 12/05,Dining & Drinks:Bars,-147.83
2023-12-05,Panda Express,Dining & Drinks:Restaurants,-2.64
2023-12-05,Zia Lunch,Kids:Allowance,-252.4
2023-12-06,Chatgpt,Work Expenses,-22.02
2023-12-06,PCC Market,Groceries,-23.23
2023-12-06,Panda Express,Dining & Drinks:Restaurants,-2.64
2023-12-07,Sp Jimmy Joy Usa Amsterdam 12/07,Dining & Drinks:Restaurants,-81.4
2023-12-08,QFC Foods,Groceries,-21.33
2023-12-08,Excel Clothing Newtownards 12/08,Shopping:Clothing,-225.0
2023-12-08,Panda Express,Dining & Drinks:Restaurants,-2.64
2023-12-08,PCC Market,Groceries,-20.19
2023-12-11,PCC Market,Groceries,-6.98
2023-12-11,Chipotle,Dining & Drinks:Restaurants,-20.92
2023-12-11,Jersey Mikes,Dining & Drinks:Restaurants,-23.65
2023-12-11,Panda Express,Dining & Drinks:Restaurants,-2.64
2023-12-11,Bellevue Brewery,Dining & Drinks:Restaurants,-23.42
2023-12-11,Shake Shack,Dining & Drinks:Restaurants,-31.37
2023-12-11,Uber,Auto & Transport,-14.22
2023-12-11,PCC Market,Groceries,-5.79
2023-12-11,Panda Express,Dining & Drinks:Restaurants,-2.64
2023-12-11,Amazon,Shopping:Electronics,-16.5
2023-12-11,Chipotle,Dining & Drinks:Restaurants,-20.59
2023-12-11,PCC Market,Groceries,-22.7
2023-12-11,Uber,Auto & Transport,-14.99
2023-12-11,Uber,Auto & Transport,-14.93
2023-12-12,Gieco,Auto & Transport:Car Insurance,-61.15
2023-12-12,Elizabeth Cleaning,Cleaning,-90.0
2023-12-12,PCC Market,Groceries,-21.46
2023-12-12,YouTube,Software ,-15.4
2023-12-12,Panda Express,Dining & Drinks:Restaurants,-2.64
2023-12-13,PCC Market,Groceries,-25.74
2023-12-13,Panda Express,Dining & Drinks:Restaurants,-2.64
2023-12-14,Bartell Drugs,Health:Pharmacy,-2.41
2023-12-14,Chipotle,Dining & Drinks:Restaurants,-10.46
2023-12-14,Panda Express,Dining & Drinks:Restaurants,-2.64
2023-12-15,Wind River,Personal Income:Paycheck,7761.03
2023-12-15,Chipotle,Dining & Drinks:Restaurants,-10.46
2023-12-15,Bartell Drugs,Health:Pharmacy,-2.41
2023-12-15,QFC Foods,Groceries,-2.96
2023-12-15,PCC Market,Groceries,-6.73
2023-12-15,Teradata,Personal Income:Paycheck,5611.45
2023-12-16,Netflix,Entertainment,-17.05
2023-12-16,Comcast,Utilities,-70.0
2023-12-18,Audible,Shopping:Books,-16.46
2023-12-18,Lastpass . Com Lastpass . Com Ma 12 / 15,Shopping:Electronics,-39.64
2023-12-18,Chipotle,Dining & Drinks:Restaurants,-20.92
2023-12-18,Shake Shack,Dining & Drinks:Restaurants,-47.19
2023-12-18,Uber,Auto & Transport,-12.97
2023-12-18,Amazon,Shopping:Electronics,-29.67
2023-12-18,Arco,Auto & Transport:Gas & Fuel,-8.57
2023-12-18,PSE,Utilities:Gas & Electric,-22.15
2023-12-18,Soylent,Groceries,-175.0
2023-12-18,Panda Express,Dining & Drinks:Restaurants,-2.64
2023-12-18,Chick-Fil-A,Dining & Drinks:Restaurants,-50.85
2023-12-18,PCC Market,Groceries,-12.41
2023-12-18,QFC Foods,Groceries,-4.4
2023-12-18,Barber Shop,Personal Care:Hair,-44.0
2023-12-19,Panda Express,Dining & Drinks:Restaurants,-2.64
2023-12-19,PCC Market,Groceries,-15.84
2023-12-19,MudWater,Groceries,-32.0
2023-12-20,PCC Market,Groceries,-17.43
2023-12-20,T Mobile,Utilities:Phone,-120.0
2023-12-20,Panda Express,Dining & Drinks:Restaurants,-2.64
2023-12-21,Chipotle,Dining & Drinks:Restaurants,-11.07
2023-12-21,Nordstrom,Shopping,-29.18
2023-12-21,Amazon,Shopping:Electronics,-16.5
2023-12-21,Panda Express,Dining & Drinks:Restaurants,-2.64
2023-12-22,Arco,Auto & Transport:Gas & Fuel,-53.14
2023-12-22,Panda Express,Dining & Drinks:Restaurants,-2.64
2023-12-26,Amazon,Shopping:Electronics,-32.04
2023-12-26,Relaxing Station,Dining & Drinks:Restaurants,-51.0
2023-12-26,PCC Market,Groceries,-14.65
2023-12-26,Belle Pastry,Dining & Drinks:Restaurants,-3.15
2023-12-26,Chipotle,Dining & Drinks:Restaurants,-10.46
2023-12-26,Elizabeth Cleaning,Cleaning,-90.0
2023-12-26,Belle Pastry,Dining & Drinks:Restaurants,-3.15
2023-12-26,Mayuri,Dining & Drinks:Restaurants,-16.93
2023-12-26,Starbucks,Dining & Drinks:Restaurants,-3.96
2023-12-26,Whole Foods,Groceries,-17.69
2023-12-26,QFC Foods,Groceries,-6.98
2023-12-26,Starbucks,Dining & Drinks:Restaurants,-4.35
2023-12-27,Five Guys,Dining & Drinks:Restaurants,-36.18
2023-12-27,Panda Express,Dining & Drinks:Restaurants,-2.64
2023-12-27,QFC Foods,Groceries,-30.46
2023-12-28,Chipotle,Dining & Drinks:Restaurants,-26.92
2023-12-28,I ##hop,Dining & Drinks:Restaurants,-63.37
2023-12-28,Total Wine And Bellevue Wa 12 / 28,Dining & Drinks:Bars,-50.48
2023-12-28,Google Domain,Software ,-6.61
2023-12-28,Amazon,Shopping:Electronics,-22.01
2023-12-29,Wind River,Personal Income:Paycheck,7761.03
2023-12-29,Teradata,Personal Income:Paycheck,5611.46
2023-12-29,Chipotle,Dining & Drinks:Restaurants,-24.0
2023-12-29,Potbelly,Dining & Drinks:Restaurants,-33.44
2024-01-02,Chipotle,Dining & Drinks:Restaurants,-41.84
2024-01-02,Century Theaters,Entertainment,-43.26
2024-01-02,Five Guys,Dining & Drinks:Restaurants,-36.18
2024-01-02,Shake Shack,Dining & Drinks:Restaurants,-47.19
2024-01-02,Jersey Mikes,Dining & Drinks:Restaurants,-15.41
2024-01-02,PCC Market,Groceries,-18.49
2024-01-02,FredMeyer,Groceries,-11.86
2024-01-02,Amazon,Shopping:Electronics,-5.49
2024-01-02,Panda Express,Dining & Drinks:Restaurants,-29.29
2024-01-02,Chipotle,Dining & Drinks:Restaurants,-24.0
2024-01-02,PCC Market,Groceries,-11.22
2024-01-02,Chipotle,Dining & Drinks:Restaurants,-24.0
2024-01-02,QFC Foods,Groceries,-11.24
2024-01-02,Uber,Auto & Transport,-14.91
2024-01-02,ATM,Cash & ATM,-40.0
2024-01-02,Mod Pizza,Dining & Drinks:Restaurants,-28.7
2024-01-02,Mortgage,Home:Mortgage,-5990.47
2024-01-03,Filson,Shopping,-93.58
2024-01-03,Panda Express,Dining & Drinks:Restaurants,-2.64
2024-01-03,Alimony,Home,-1260.0
2024-01-03,Amli Spring District,Home:Rent,-3032.14
2024-01-03,Shell,Auto & Transport:Gas & Fuel,-8.79
2024-01-04,Honest,Dining & Drinks:Restaurants,-38.48
2024-01-04,Replit,Software ,-120.0
2024-01-05,AIG Life,Financial:Life Insurance,-102.03
2024-01-05,PCC Market,Groceries,-13.47
2024-01-05,Panda Express,Dining & Drinks:Restaurants,-2.64
2024-01-08,Whole Foods,Groceries,-22.17
2024-01-08,Ups Dining & Conf Svcs Wa 01/05,Health:Doctor,-5.29
2024-01-08,Ups Dining & Conf Svcs Wa 01/05,Health:Doctor,-0.66
2024-01-08,Shake Shack,Dining & Drinks:Restaurants,-31.46
2024-01-08,Target,Groceries,-16.56
2024-01-08,Mod Pizza,Dining & Drinks:Restaurants,-31.57
2024-01-08,Uber,Auto & Transport,-14.94
2024-01-08,Uber,Auto & Transport,-14.95
2024-01-08,Chatgpt,Work Expenses,-22.02
2024-01-08,Chipotle,Dining & Drinks:Restaurants,-20.92
2024-01-08,Panda Express,Dining & Drinks:Restaurants,-2.64
2024-01-08,QFC Foods,Groceries,-12.06
2024-01-08,Total Wine And Bellevue Wa 01/06,Dining & Drinks:Bars,-55.84
2024-01-08,Chevron,Auto & Transport:Gas & Fuel,-48.95
2024-01-09,Elizabeth Cleaning,Cleaning,-90.0
2024-01-11,Honest,Dining & Drinks:Restaurants,-12.1
2024-01-12,QFC Foods,Groceries,-1.67
2024-01-12,Panda Express,Dining & Drinks:Restaurants,-2.64
2024-01-12,PCC Market,Groceries,-22.03
2024-01-12,Teradata,Personal Income:Paycheck,5138.07
2024-01-12,Geico,Auto & Transport:Car Insurance,-61.17
2024-01-12,Wind River,Personal Income:Paycheck,3409.67
2024-01-12,YouTube,Software ,-15.4
2024-01-16,Uber,Auto & Transport,-14.99
2024-01-16,Panda Express,Dining & Drinks:Restaurants,-2.64
2024-01-16,Shake Shack,Dining & Drinks:Restaurants,-33.33
2024-01-16,Panda Express,Dining & Drinks:Restaurants,-2.64
2024-01-16,Chipotle,Dining & Drinks:Restaurants,-31.38
2024-01-16,Honest,Dining & Drinks:Restaurants,-9.9
2024-01-16,Uniqlo,Shopping:Clothing,-115.49
2024-01-16,Filson,Shopping,-214.7
2024-01-16,Netflix,Entertainment,-17.05
2024-01-16,Chipotle,Dining & Drinks:Restaurants,-13.71
2024-01-16,Panda Express,Dining & Drinks:Restaurants,-2.64
2024-01-16,Jersey Mikes,Dining & Drinks:Restaurants,-24.77
2024-01-16,Soylent,Groceries,-175.0
2024-01-16,Uber,Auto & Transport,-14.99
2024-01-17,Comcast,Utilities,-70.0
2024-01-17,Tst* Beecher's Handmade Bellevue Wa 01/17,Dining & Drinks:Restaurants,-9.89
2024-01-17,PCC Market,Groceries,-16.53
2024-01-17,Amazon,Shopping:Electronics,-4.58
2024-01-17,"Premier Periodontics, Pllc Wa 01 / 15",Health:Dentist,-303.0
2024-01-17,Panda Express,Dining & Drinks:Restaurants,-2.64
2024-01-17,MudWatee,Dining & Drinks:Restaurants,-40.0
2024-01-18,"Tile, Inc.",Home,-151.92
2024-01-18,Audible,Shopping:Books,-16.46
2024-01-18,Panda Express,Dining & Drinks:Restaurants,-2.64
2024-01-18,PSE,Utilities:Gas & Electric,-20.47
2024-01-18,Panda Express,Dining & Drinks:Restaurants,-11.67
2024-01-19,Panda Express,Dining & Drinks:Restaurants,-2.64
2024-01-19,QFC Foods,Groceries,-1.66
2024-01-19,Whole Foods,Groceries,-22.97
2024-01-22,Uber,Auto & Transport,-15.72
2024-01-22,Whole Foods,Groceries,-20.85
2024-01-22,Amazon,Shopping:Electronics,-16.5
2024-01-22,Chipotle,Dining & Drinks:Restaurants,-31.38
2024-01-22,Uber,Auto & Transport,-14.11
2024-01-22,Panda Express,Dining & Drinks:Restaurants,-2.64
2024-01-22,Jersey Mikes,Dining & Drinks:Restaurants,-23.67
2024-01-22,ATM,Cash & ATM,-20.0
2024-01-22,Panda Express,Dining & Drinks:Restaurants,-2.64
2024-01-22,Uniqlo Usa Llc Uniqlo _ U Bellevue Wa 01 / 12,Personal Income,87.97
2024-01-22,Starbucks,Dining & Drinks:Restaurants,-4.68
2024-01-22,PCC Market,Groceries,-9.5
2024-01-22,Chipotle,Dining & Drinks:Restaurants,-20.59
2024-01-22,Shake Shack,Dining & Drinks:Restaurants,-31.46
2024-01-22,ATM,Cash & ATM,-100.0
2024-01-22,T Mobile,Utilities:Phone,-120.0
2024-01-22,Huel,Dining & Drinks:Restaurants,-133.77
2024-01-23,Starbucks,Dining & Drinks:Restaurants,-4.68
2024-01-23,Chipotle,Dining & Drinks:Restaurants,-11.07
2024-01-23,Amazon,Shopping:Electronics,-20.81
2024-01-24,Whole Foods,Groceries,-22.7
2024-01-24,Panda Express,Dining & Drinks:Restaurants,-2.64
2024-01-24,FredMeyer,Groceries,-6.99
2024-01-25,Honest,Dining & Drinks:Restaurants,-14.3
2024-01-25,Panda Express,Dining & Drinks:Restaurants,-2.64
2024-01-26,Teradata,Personal Income:Paycheck,5138.06
2024-01-26,Whole Foods,Groceries,-4.29
2024-01-26,Panda Express,Dining & Drinks:Restaurants,-2.64
2024-01-26,Whole Foods,Groceries,-22.83
2024-01-28,Google Domain,Software ,-6.61
2024-01-29,Panda Express,Dining & Drinks:Restaurants,-2.64
2024-01-29,Panda Express,Dining & Drinks:Restaurants,-2.64
2024-01-29,Nordstrom,Shopping,-4.4
2024-01-29,Nordstrom,Shopping,-4.4
2024-01-29,Chipotle,Dining & Drinks:Restaurants,-20.59
2024-01-29,Barber Shop,Personal Care:Hair,-50.0
2024-01-29,Chipotle,Dining & Drinks:Restaurants,-24.61
2024-01-29,Total Wine And Bellevue Wa 01/27,Dining & Drinks:Bars,-57.12
2024-01-29,Blazing Bagels,Dining & Drinks:Restaurants,-18.11
2024-01-29,Honest,Dining & Drinks:Restaurants,-14.3
2024-01-29,Safeway,Groceries,-15.75
2024-01-29,Honest,Dining & Drinks:Restaurants,-9.9
2024-01-29,Broiler Bay,Dining & Drinks:Restaurants,-36.72
2024-01-30,Starbucks,Dining & Drinks:Restaurants,-4.68
2024-01-30,Panda Express,Dining & Drinks:Restaurants,-2.64
2024-01-30,Amazon Kids+*r02mw8r3,Shopping,-5.49
2024-01-30,Google Domain,Software ,-13.21
2024-01-31,Belle Pastry,Dining & Drinks:Restaurants,-3.15
2024-01-31,Wind River,Personal Income:Paycheck,3409.67
2024-01-31,Whole Foods,Groceries,-18.22
2024-01-31,Mayuri,Dining & Drinks:Restaurants,-1.1
2024-02-01,Alimony,Home,-1510.0
2024-02-01,Mortgage,Home:Mortgage,-5990.47
2024-02-01,Sp Jimmy Joy Usa Amsterdam 02/01,Dining & Drinks:Restaurants,-81.4
2024-02-01,Chevron,Auto & Transport:Gas & Fuel,-52.56
2024-02-01,Desi Tadka Indian Gri Xxx-xxxx5592 Il 02/01,Dining & Drinks:Restaurants,-29.69
2024-02-01,Amazon,Shopping:Electronics,-21.68
2024-02-01,Bartell Drugs,Health:Pharmacy,-13.74
2024-02-01,Elephant Car Wash,Auto & Transport:Service & Parts,-35.0
2024-02-02,Chipotle,Dining & Drinks:Restaurants,-12.39
2024-02-02,Replit Inc,Personal Income,120.0
2024-02-02,QFC Foods,Groceries,-30.06
2024-02-02,Panda Express,Dining & Drinks:Restaurants,-2.64
2024-02-03,AIG Life,Financial:Life Insurance,-102.03
2024-02-03,Amli Spring District,Home:Rent,-3033.63
2024-02-05,Elizabeth Cleaning,Cleaning,-90.0
2024-02-05,Uber,Auto & Transport,-14.02
2024-02-05,Starbucks,Dining & Drinks:Restaurants,-4.68
2024-02-05,Panda Express,Dining & Drinks:Restaurants,-2.64
2024-02-05,Panda Express,Dining & Drinks:Restaurants,-2.64
2024-02-05,Jersey Mikes,Dining & Drinks:Restaurants,-15.41
2024-02-05,Uber,Auto & Transport,-15.38
2024-02-05,Shake Shack,Dining & Drinks:Restaurants,-42.57
2024-02-05,Panda Express,Dining & Drinks:Restaurants,-2.64
2024-02-06,Chatgpt,Work Expenses,-22.02
2024-02-06,Panda Express,Dining & Drinks:Restaurants,-2.64
2024-02-06,Whole Foods,Groceries,-22.31
2024-02-07,Honest,Dining & Drinks:Restaurants,-6.58
2024-02-07,Chipotle,Dining & Drinks:Restaurants,-10.9
2024-02-07,Panda Express,Dining & Drinks:Restaurants,-2.64
2024-02-08,Panda Express,Dining & Drinks:Restaurants,-2.64
2024-02-08,Chipotle,Dining & Drinks:Restaurants,-10.9
2024-02-08,Honest,Dining & Drinks:Restaurants,-35.2
2024-02-08,Safeway,Groceries,-13.87
2024-02-09,Teradata,Personal Income:Paycheck,5138.08
2024-02-09,Panda Express,Dining & Drinks:Restaurants,-2.64
2024-02-12,Shake Shack,Dining & Drinks:Restaurants,-36.07
2024-02-12,Mayuri,Dining & Drinks:Restaurants,-10.47
2024-02-12,Panda Express,Dining & Drinks:Restaurants,-2.64
2024-02-12,Safeway,Groceries,-11.07
2024-02-12,Starbucks,Dining & Drinks:Restaurants,-4.68
2024-02-12,Tavern Hall,Dining & Drinks,-121.06
2024-02-12,Chipotle,Dining & Drinks:Restaurants,-20.59
2024-02-12,Panda Express,Dining & Drinks:Restaurants,-29.75
2024-02-12,YouTube,Software ,-15.4
2024-02-12,Geico,Auto & Transport:Car Insurance,-92.92
2024-02-12,Blazing Bagels,Dining & Drinks:Restaurants,-13.1
2024-02-13,Chipotle,Dining & Drinks:Restaurants,-11.07
2024-02-13,Panda Express,Dining & Drinks:Restaurants,-2.64
2024-02-14,Starbucks,Dining & Drinks:Restaurants,-4.68
2024-02-14,Panda Express,Dining & Drinks:Restaurants,-2.64
2024-02-14,Chipotle,Dining & Drinks:Restaurants,-12.22
2024-02-15,Total Wine And Bellevue Wa 02/15,Dining & Drinks:Bars,-60.31
2024-02-15,Starbucks,Dining & Drinks:Restaurants,-4.68
2024-02-15,Wind River,Personal Income:Paycheck,3409.67
2024-02-15,Panda Express,Dining & Drinks:Restaurants,-2.64
2024-02-15,PSE,Utilities:Gas & Electric,-23.41
2024-02-15,Bellevue Brewery,Dining & Drinks:Restaurants,-110.59
2024-02-16,Netflix,Entertainment,-17.05
2024-02-16,QFC Foods,Groceries,-10.59
2024-02-20,Starbucks,Dining & Drinks:Restaurants,-4.68
2024-02-20,Blazing Bagels,Dining & Drinks:Restaurants,-13.1
2024-02-20,Rositas Mexican,Dining & Drinks:Restaurants,-46.38
2024-02-20,Audible,Shopping:Books,-16.46
2024-02-20,Five Guys,Dining & Drinks:Restaurants,-38.05
2024-02-20,Tile Inc,Home,-33.02
2024-02-20,Panda Express,Dining & Drinks:Restaurants,-2.64
2024-02-20,Chipotle,Dining & Drinks:Restaurants,-31.98
2024-02-20,IRS,Taxes:Federal Tax,-19509.0
2024-02-20,Comcast,Utilities,-70.0
2024-02-20,T Mobile,Utilities:Phone,-120.0
2024-02-20,Elizabeth Cleaning,Cleaning,-90.0
2024-02-20,Panda Express,Dining & Drinks:Restaurants,-43.2
2024-02-21,PCC Market,Groceries,-8.22
2024-02-21,Amazon,Shopping:Electronics,-16.5
2024-02-21,Panda Express,Dining & Drinks:Restaurants,-2.64
2024-02-21,Chipotle,Dining & Drinks:Restaurants,-11.07
2024-02-22,Panda Express,Dining & Drinks:Restaurants,-2.64
2024-02-22,Starbucks,Dining & Drinks:Restaurants,-4.68
2024-02-22,Whole Foods,Groceries,-20.19
2024-02-23,Teradata,Personal Income:Paycheck,5138.07
2024-02-23,Panda Express,Dining & Drinks:Restaurants,-2.64
2024-02-23,Nordstrom,Shopping,-4.84
2024-02-26,Panda Express,Dining & Drinks:Restaurants,-2.64
2024-02-26,Starbucks,Dining & Drinks:Restaurants,-4.68
2024-02-26,Lil Jons Restaurant Bellevue Wa 02/24,Dining & Drinks:Restaurants,-23.9
2024-02-26,Panda Express,Dining & Drinks:Restaurants,-2.64
2024-02-26,Total Wine And Bellevue Wa 02/25,Dining & Drinks:Bars,-34.23
2024-02-26,Honest,Dining & Drinks:Restaurants,-14.3
2024-02-26,Honest,Dining & Drinks:Restaurants,-14.3
2024-02-26,Premier Periodontics B,Health:Dentist,-231.0
2024-02-27,Starbucks,Dining & Drinks:Restaurants,-4.68
2024-02-27,QFC Foods,Groceries,-30.71
2024-02-27,Panda Express,Dining & Drinks:Restaurants,-2.64
2024-02-27,Chevron,Auto & Transport:Gas & Fuel,-46.97
2024-02-27,Amazon,Shopping:Electronics,-28.68
2024-02-27,Chipotle,Dining & Drinks:Restaurants,-11.07
2024-02-28,Uber,Auto & Transport,-16.03
2024-02-28,Chipotle,Dining & Drinks:Restaurants,-41.18
2024-02-28,Starbucks,Dining & Drinks:Restaurants,-4.68
2024-02-28,Zia Lunch,Dining & Drinks,-252.4
2024-02-28,Panda Express,Dining & Drinks:Restaurants,-2.64
2024-02-29,Google Domain,Software ,-6.61
2024-02-29,WindRiver,Personal Income:Paycheck,3409.68
2024-02-29,QFC Foods,Groceries,-13.59
2024-02-29,Uber,Auto & Transport,-15.99
2024-02-29,Shake Shack,Dining & Drinks:Restaurants,-47.19
2024-02-29,Mod Pizza,Dining & Drinks:Restaurants,-16.16
2024-03-01,Starbucks,Dining & Drinks:Restaurants,-4.68
2024-03-01,Amazon,Shopping:Electronics,-5.49
2024-03-01,Chipotle,Dining & Drinks:Restaurants,-44.59
2024-03-01,Panda Express,Dining & Drinks:Restaurants,-2.64
2024-03-01,Uber,Auto & Transport,-14.99
2024-03-01,Mortgage,Home:Mortgage,-5990.47
2024-03-01,Alimony,Home,-1258.0
2024-03-01,Hmart,Groceries,-17.61
2024-03-02,Amli Spring District,Home:Rent,-3042.4
2024-03-04,Bartell Drugs,Health:Pharmacy,-13.74
2024-03-04,Huel,Dining & Drinks:Restaurants,-81.91
2024-03-04,Total Wine And Bellevue Wa 03/04,Dining & Drinks:Bars,-47.48
2024-03-04,Chevron,Auto & Transport:Gas & Fuel,-6.28
2024-03-04,Barber Shop,Personal Care:Hair,-49.0
2024-03-04,Lil Jons Restaurant Bellevue Wa 03/02,Dining & Drinks:Restaurants,-67.31
2024-03-04,Panda Express,Dining & Drinks:Restaurants,-29.75
2024-03-04,Chipotle,Dining & Drinks:Restaurants,-44.59
2024-03-04,Hmart - Bellevue Bellevue Wa 03/01,Groceries,-25.4
2024-03-05,AIG Life,Financial:Life Insurance,-102.03
2024-03-05,Ray-ban,Shopping:Clothing,-102.39
2024-03-05,Chipotle,Dining & Drinks:Restaurants,-12.99
2024-03-05,Panda Express,Dining & Drinks:Restaurants,-2.64
2024-03-06,Chatgpt,Work Expenses,-22.02
2024-03-06,Panda Express,Dining & Drinks:Restaurants,-2.64
2024-03-06,Whole Foods,Groceries,-15.18
2024-03-06,Amazon,Shopping:Electronics,-60.56
2024-03-07,Panda Express,Dining & Drinks:Restaurants,-2.64
2024-03-08,Chipotle,Dining & Drinks:Restaurants,-12.99
2024-03-08,Assurant Ins.prem Ppd Id:,Financial,-104.0
2024-03-08,Panda Express,Dining & Drinks:Restaurants,-2.64
2024-03-08,Teradata,Personal Income:Paycheck,17213.79
2024-03-08,QFC Foods,Groceries,-4.21
2024-03-11,Amazon,Shopping:Electronics,-59.43
2024-03-11,Lucid Software Inc.,Home,-105.03
2024-03-11,Tesmart Uk 03/08,Shopping:Electronics,-251.99
2024-03-11,Amazon,Shopping:Electronics,-220.19
2024-03-11,Nsd Debate Camp Www.nsdebatec Ne 03/10,Education:Tuition,-3599.69
2024-03-11,Panda Express,Dining & Drinks:Restaurants,-2.64
2024-03-11,Panda Express,Dining & Drinks:Restaurants,-56.64
2024-03-11,Amazon,Shopping:Electronics,-55.04
2024-03-11,Amazon,Shopping:Electronics,-7.48
2024-03-11,Five Guys,Dining & Drinks:Restaurants,-39.95
2024-03-11,Blazing Bagels,Dining & Drinks:Restaurants,-14.29
2024-03-11,Chipotle,Dining & Drinks:Restaurants,-30.88
2024-03-11,Music & Arts 4761 Bellevue Wa 03/09,Entertainment,-59.39
2024-03-11,Shell,Auto & Transport:Gas & Fuel,-6.99
2024-03-12,YouTube,Software ,-15.4
2024-03-12,Curry Point Bellevue Wa 03/11,Dining & Drinks:Restaurants,-22.57
2024-03-12,Gieco,Auto & Transport:Car Insurance,-92.96
2024-03-12,Elizabeth Cleaning,Cleaning,-90.0
2024-03-13,Panda Express,Dining & Drinks:Restaurants,-2.64
2024-03-13,Safeway,Groceries,-5.49
2024-03-13,Amazon,Shopping:Electronics,-19.81
2024-03-14,Honest Bellevue Wa 03/13,Dining & Drinks:Restaurants,-14.3
2024-03-14,Soylent,Groceries,-175.0
2024-03-14,Panda Express,Dining & Drinks:Restaurants,-2.64
2024-03-15,PSE,Utilities:Gas & Electric,-21.43
2024-03-15,WindRiver,Personal Income:Paycheck,3409.67
2024-03-15,Panda Express,Dining & Drinks:Restaurants,-2.64
2024-03-15,Amazon,Shopping:Electronics,-7.7
2024-03-15,Chipotle,Dining & Drinks:Restaurants,-10.29
2024-03-15,Amazon,Shopping:Electronics,-8.36
2024-03-15,Amazon,Shopping:Electronics,-9.68
2024-03-16,Netflix,Entertainment,-17.05
2024-03-16,Comcast,Utilities,-70.0
2024-03-18,Audible,Shopping:Books,-16.46
2024-03-18,Chevron,Auto & Transport:Gas & Fuel,-52.72
2024-03-18,Mod Pizza,Dining & Drinks:Restaurants,-28.92
2024-03-18,Chipotle,Dining & Drinks:Restaurants,-41.84
2024-03-18,Blazing Bagels,Dining & Drinks:Restaurants,-14.29
2024-03-18,Panda Express,Dining & Drinks:Restaurants,-2.64
2024-03-18,QFC Foods,Groceries,-9.48
2024-03-18,Desi Food Plaza Bellevue Wa 03/15,Groceries,-19.82
2024-03-18,Panda Express,Dining & Drinks:Restaurants,-2.64
2024-03-18,Shake Shack,Dining & Drinks:Restaurants,-48.73
2024-03-18,Total Wine And Bellevue Wa 03/16,Dining & Drinks:Bars,-88.37
2024-03-18,Amazon,Shopping:Electronics,-38.52
2024-03-18,PCC Market,Groceries,-14.06
2024-03-19,Deposit Id Number X5399,Personal Income,18461.09
2024-03-19,QFC Foods,Groceries,-6.51
2024-03-19,Total Wine And Bellevue Wa 03/18,Dining & Drinks:Bars,-53.81
2024-03-19,Whole Foods,Groceries,-14.65
2024-03-19,Chamei Matcha Xxx-xxxx9024 Wa 03/19,Uncategorized,-8.75
2024-03-19,Panda Express,Dining & Drinks:Restaurants,-2.64
2024-03-20,T Mobile,Utilities:Phone,-119.99
2024-03-20,Service Fee Xxx-xxx-5465 Tn 03/19,Fees & Charges,-2.5
2024-03-20,Whole Foods,Groceries,-17.03
2024-03-20,Panda Express,Dining & Drinks:Restaurants,-2.64
2024-03-20,Hulu,Entertainment,-8.8
2024-03-20,Us Treas Tax Payment Xxx-xxx-5465 Tn 03/19,Taxes,-315.02
2024-03-21,Amazon,Shopping:Electronics,-16.5
2024-03-21,Panda Express,Dining & Drinks:Restaurants,-2.64
2024-03-21,Chipotle,Dining & Drinks:Restaurants,-11.07
2024-03-22,Teradata,Personal Income:Paycheck,5138.07
2024-03-22,Panda Express,Dining & Drinks:Restaurants,-2.64
2024-03-22,Starbucks,Dining & Drinks:Restaurants,-4.68
2024-03-22,Hmart - Bellevue Bellevue Wa 03/21,Groceries,-17.61
2024-03-25,Saifedean.com Saifedean.com Ma 03/24,Uncategorized,-9.99
2024-03-25,Panda Express,Dining & Drinks:Restaurants,-2.64
2024-03-25,Match.com,Home,-99.05
2024-03-25,Chipotle,Dining & Drinks:Restaurants,-30.88
2024-03-25,Starbucks,Dining & Drinks:Restaurants,-4.68
2024-03-25,Hmart - Bellevue Bellevue Wa 03/23,Groceries,-17.61
2024-03-25,Five Guys,Dining & Drinks:Restaurants,-39.95
2024-03-25,Safeway,Groceries,-26.84
2024-03-25,Starbucks,Dining & Drinks:Restaurants,-4.68
2024-03-25,Amazon,Shopping:Electronics,-25.75
2024-03-25,Chipotle,Dining & Drinks:Restaurants,-21.8
2024-03-25,Mayuri,Dining & Drinks:Restaurants,-18.98
2024-03-25,Blazing Bagels,Dining & Drinks:Restaurants,-13.1
2024-03-25,Panda Express,Dining & Drinks:Restaurants,-2.64
2024-03-26,Panda Express,Dining & Drinks:Restaurants,-2.64
2024-03-26,Whole Foods,Groceries,-14.92
2024-03-27,Panda Express,Dining & Drinks:Restaurants,-2.64
2024-03-27,Spring Deli & Mart Bellevue Wa 03/26,Dining & Drinks:Restaurants,-3.29
2024-03-28,Panda Express,Dining & Drinks:Restaurants,-2.64
2024-03-28,Sp Jimmy Joy Usa Amsterdam 03/28,Dining & Drinks:Restaurants,-76.62
2024-03-28,Mayuri,Dining & Drinks:Restaurants,-19.84
2024-03-28,Starbucks,Dining & Drinks:Restaurants,-4.68
2024-03-28,Desi Food Plaza Bellevue Wa 03/27,Groceries,-16.5
2024-03-28,PCC Market,Groceries,-7.98
2024-03-29,Total Wine And Bellevue Wa 03/29,Dining & Drinks:Bars,-48.61
2024-03-29,QFC Foods,Groceries,-5.91
2024-03-29,WindRiver,Personal Income:Paycheck,3713.67
2024-03-29,Google Domain,Software ,-6.61
2024-03-29,Panda Express,Dining & Drinks:Restaurants,-2.64
2024-04-01,Huel,Dining & Drinks:Restaurants,-250.9
2024-04-01,QFC Foods,Groceries,-3.99
2024-04-01,Amazon,Shopping:Electronics,-5.49
2024-04-01,Linkedin,Home,-264.11
2024-04-01,Chipotle,Dining & Drinks:Restaurants,-20.59
2024-04-01,Uber,Auto & Transport,-13.92
2024-04-01,PCC Market,Groceries,-25.67
2024-04-01,Hmart - Bellevue Bellevue Wa 03/29,Groceries,-41.89
2024-04-01,Jersey Mikes,Dining & Drinks:Restaurants,-45.15
2024-04-01,Starbucks,Dining & Drinks:Restaurants,-4.68
2024-04-01,Panda Express,Dining & Drinks:Restaurants,-2.64
2024-04-01,Bartell Drugs,Health:Pharmacy,-2.41
2024-04-01,QFC Foods,Groceries,-3.99
2024-04-01,Mortgage,Home:Mortgage,-5990.47
2024-04-01,Alimony,Home,-1510.0
2024-04-01,Chipotle,Dining & Drinks:Restaurants,-27.53
2024-04-02,Chatgpt,Work Expenses,-22.02
2024-04-02,Panda Express,Dining & Drinks:Restaurants,-2.64
2024-04-03,Panda Express,Dining & Drinks:Restaurants,-2.64
2024-04-03,AIG Life,Financial:Life Insurance,-102.03
2024-04-04,Starbucks,Dining & Drinks:Restaurants,-4.68
2024-04-04,Panda Express,Dining & Drinks:Restaurants,-2.64
2024-04-04,Applebees,Dining & Drinks:Restaurants,-20.82
2024-04-04,Safeway,Groceries,-24.86
2024-04-04,Desi Food Plaza Bellevue Wa 04/03,Groceries,-11.55
2024-04-05,Teradata,Personal Income:Paycheck,5138.08
2024-04-05,Chipotle,Dining & Drinks:Restaurants,-11.08
2024-04-05,QFC Foods,Groceries,-8.38
2024-04-05,Panda Express,Dining & Drinks:Restaurants,-2.64
2024-04-05,PCC Market,Groceries,-6.61
2024-04-08,Amazon,Shopping:Electronics,-14.31
2024-04-08,Hmart - Bellevue Bellevue Wa 04/05,Groceries,-33.13
2024-04-08,Five Guys,Dining & Drinks:Restaurants,-39.95
2024-04-08,Chipotle,Dining & Drinks:Restaurants,-30.91
2024-04-08,Ihop,Dining & Drinks:Restaurants,-72.57
2024-04-08,Amazon,Shopping:Electronics,-17.61
2024-04-08,Panda Express,Dining & Drinks:Restaurants,-2.64
2024-04-08,Chatgpt,Work Expenses,-22.04
2024-04-08,Jersey Mikes,Dining & Drinks:Restaurants,-35.78
2024-04-09,Desi Food Plaza Bellevue Wa 04/08,Groceries,-31.92
2024-04-09,Mayuri,Dining & Drinks:Restaurants,-15.42
2024-04-09,Total Wine And Bellevue Wa 04/09,Dining & Drinks:Bars,-92.49
2024-04-09,Google Voice,Software ,-10.0
2024-04-09,Panda Express,Dining & Drinks:Restaurants,-2.64
2024-04-09,PCC Market,Groceries,-7.98
2024-04-09,Amli Spring District,Home:Rent,-3080.95
2024-04-10,Starbucks,Dining & Drinks:Restaurants,-4.68
2024-04-10,Elizabeth Cleaning,Cleaning,-90.0
2024-04-10,Panda Express,Dining & Drinks:Restaurants,-2.64
2024-04-11,Panda Express,Dining & Drinks:Restaurants,-2.64
2024-04-12,Gieco,Auto & Transport:Car Insurance,-92.96
2024-04-12,YouTube,Software ,-15.42
2024-04-12,Panda Express,Dining & Drinks:Restaurants,-2.64
2024-04-12,QFC Foods,Groceries,-5.59
2024-04-12,Bellevue Brewery,Dining & Drinks:Restaurants,-137.24
2024-04-13,Wind River,Personal Income:Paycheck,7192.11
2024-04-15,Jersey Mikes,Dining & Drinks:Restaurants,-35.78
2024-04-15,Filson,Shopping,-128.94
2024-04-15,Panda Express,Dining & Drinks:Restaurants,-2.64
2024-04-15,Hungry Bear Mark Bellevue Wa 04/14,Auto & Transport:Gas & Fuel,-52.86
2024-04-15,Chipotle,Dining & Drinks:Restaurants,-30.91
2024-04-15,Uber,Auto & Transport,-11.98
2024-04-15,Uber,Auto & Transport,-11.92
2024-04-15,Bartell Drugs,Health:Pharmacy,-2.41
2024-04-15,Desi Tadka Indian Gri Xxx-xxxx5592 Il 04/15,Dining & Drinks:Restaurants,-25.99
2024-04-15,Relaxing Station,Dining & Drinks:Restaurants,-53.0
2024-04-15,Five Guys,Dining & Drinks:Restaurants,-38.27
2024-04-15,Panda Express,Dining & Drinks:Restaurants,-2.64
2024-04-15,Soylent,Groceries,-175.0
2024-04-15,Hmart - Bellevue Bellevue Wa 04/12,Groceries,-23.21
2024-04-15,PSE,Utilities:Gas & Electric,-21.3
2024-04-16,Netflix,Entertainment,-17.07
2024-04-16,Chipotle,Dining & Drinks:Restaurants,-13.0
2024-04-17,Panda Express,Dining & Drinks:Restaurants,-2.64
2024-04-17,Honest Bellevue Wa 04/16,Dining & Drinks:Restaurants,-14.3
2024-04-17,Comcast,Utilities,-70.0
2024-04-17,Lady M - Bellevue Bellevue Wa 04/16,Groceries,-7.71
2024-04-18,Audible,Shopping:Books,-16.47
2024-04-18,Panda Express,Dining & Drinks:Restaurants,-2.64
2024-04-18,Le Grand Bistro,Dining & Drinks:Restaurants,-81.69
2024-04-18,Desi Tadka Indian Gri Xxx-xxxx5592 Il 04/18,Dining & Drinks:Restaurants,-19.32
2024-04-19,Panda Express,Dining & Drinks:Restaurants,-2.64
2024-04-19,QFC Foods,Groceries,-3.5
2024-04-19,PCC Market,Groceries,-3.99
2024-04-19,Teradata,Personal Income:Paycheck,5138.06
2024-04-19,Safeway,Groceries,-3.29
2024-04-19,Desi Food Plaza Bellevue Wa 04/18,Groceries,-15.42
2024-04-19,Hulu,Entertainment,-8.8
2024-04-22,Vehicle Licensing,Home,-240.25
2024-04-22,Panda Express,Dining & Drinks:Restaurants,-29.78
2024-04-22,Hmart - Bellevue Bellevue Wa 04/19,Groceries,-44.32
2024-04-22,Chipotle,Dining & Drinks:Restaurants,-30.91
2024-04-22,Shake Shack,Dining & Drinks:Restaurants,-48.77
2024-04-22,Panda Express,Dining & Drinks:Restaurants,-2.64
2024-04-22,Amazon,Shopping:Electronics,-16.52
2024-04-22,T Mobile,Utilities:Phone,-70.0
2024-04-22,Amazon,Shopping:Electronics,-12.88
2024-04-22,Starbucks,Dining & Drinks:Restaurants,-6.56
2024-04-23,Superhuman Httpssuperhum Ca 04/22,Education,-30.0
2024-04-23,QFC Foods,Groceries,-6.86
2024-04-23,Panda Express,Dining & Drinks:Restaurants,-2.64
2024-04-24,Panda Express,Dining & Drinks:Restaurants,-2.64
2024-04-24,Clean Email Subscription,Uncategorized,-55.09
2024-04-24,Mayuri,Dining & Drinks:Restaurants,-24.21
2024-04-25,Panda Express,Dining & Drinks:Restaurants,-2.64
2024-04-25,Chipotle,Dining & Drinks:Restaurants,-39.18
2024-04-25,Garlic Crush,Groceries,-10.96
2024-04-25,Chipotle,Dining & Drinks:Restaurants,-11.02
2024-04-25,Hmart - Bellevue Bellevue Wa 04/24,Groceries,-16.52
2024-04-25,Uber,Auto & Transport,-16.92
2024-04-25,Superhuman Httpssuperhum Ca,Education,30.0
2024-04-26,Panda Express,Dining & Drinks:Restaurants,-2.64
2024-04-26,Great State Burger Llc,Dining & Drinks:Restaurants,-16.95
2024-04-26,Gofndme *the Agago Com Dc 04/25,Uncategorized,-28.0
2024-04-26,Great State Burger Llc,Dining & Drinks:Restaurants,-9.07
2024-04-26,Uber,Auto & Transport,-11.9
2024-04-26,Chipotle,Dining & Drinks:Restaurants,-30.91
2024-04-26,QFC Foods,Groceries,-12.75
2024-04-26,Mayuri,Dining & Drinks:Restaurants,-19.26
2024-04-29,Kabab House,Dining & Drinks:Restaurants,-13.2
2024-04-29,Five Guys,Dining & Drinks:Restaurants,-50.04
2024-04-29,Starbucks,Dining & Drinks:Restaurants,-11.64
2024-04-29,Barber Shop,Personal Care:Hair,-44.0
2024-04-29,Uber,Auto & Transport,-1.0
2024-04-29,Uber,Auto & Transport,-12.82
2024-04-29,Jersey Mikes,Dining & Drinks:Restaurants,-35.78
2024-04-29,Starbucks,Dining & Drinks:Restaurants,-4.68
2024-04-29,Panda Express,Dining & Drinks:Restaurants,-43.24
2024-04-29,Chipotle,Dining & Drinks:Restaurants,-20.94
2024-04-29,QFC Foods,Groceries,-3.99
2024-04-29,Google Domain,Software ,-6.61
2024-04-29,Panda Express,Dining & Drinks:Restaurants,-2.64
2024-04-30,Chipotle,Dining & Drinks:Restaurants,-11.02
2024-04-30,WindRiver,Personal Income:Paycheck,7192.13
2024-04-30,PCC Market,Groceries,-17.2
2024-04-30,Amazon,Shopping:Electronics,-5.5
2024-04-30,Panda Express,Dining & Drinks:Restaurants,-2.64
2024-05-01,Alimony,Home,-1510.0
2024-05-01,Mortgage,Home:Mortgage,-5990.47
2024-05-01,Starbucks,Dining & Drinks:Restaurants,-4.68
2024-05-01,Perplexity AI,Software ,-20.0
2024-05-01,Amazon,Shopping:Electronics,-53.95
2024-05-01,Bellevue Brewery,Dining & Drinks:Restaurants,-135.36
2024-05-01,Panda Express,Dining & Drinks:Restaurants,-2.64
2024-05-02,Panda Express,Dining & Drinks:Restaurants,-2.64
2024-05-02,Starbucks,Dining & Drinks:Restaurants,-4.35
2024-05-02,Desi Food Plaza Bellevue Wa 05/01,Groceries,-15.41
2024-05-02,Amazon,Shopping:Electronics,-18.72
2024-05-02,FredMeyer,Groceries,-1.58
2024-05-03,AIG Life,Financial:Life Insurance,-102.03
2024-05-03,Amli Spring District,Home:Rent,-3046.44
2024-05-03,Teradata,Personal Income:Paycheck,5138.26
2024-05-03,Chevron,Auto & Transport:Gas & Fuel,-57.09
2024-05-03,Panda Express,Dining & Drinks:Restaurants,-2.64
2024-05-06,Chipotle,Dining & Drinks:Restaurants,-30.91
2024-05-06,Uber,Auto & Transport,-13.96
2024-05-06,Amazon,Shopping:Electronics,-26.0
2024-05-06,Five Guys,Dining & Drinks:Restaurants,-53.67
2024-05-06,Hmart - Bellevue Bellevue Wa 05/03,Groceries,-18.96
2024-05-06,Uber,Auto & Transport,-13.99
2024-05-06,Uber,Auto & Transport,-1.0
2024-05-06,Panda Express,Dining & Drinks:Restaurants,-2.64
2024-05-06,Starbucks,Dining & Drinks:Restaurants,-4.68
2024-05-06,Panda Express,Dining & Drinks:Restaurants,-2.64
2024-05-06,Belle Pastry,Dining & Drinks:Restaurants,-2.5
2024-05-06,Ihop,Dining & Drinks:Restaurants,-63.2
2024-05-07,Chatgpt,Work Expenses,-22.04
2024-05-07,FredMeyer,Groceries,-30.06
2024-05-07,Panda Express,Dining & Drinks:Restaurants,-2.64
2024-05-08,QFC Foods,Groceries,-3.5
2024-05-08,Zia Lunch,Dining & Drinks,-252.4
2024-05-08,Panda Express,Dining & Drinks:Restaurants,-2.64
2024-05-08,Mayuri,Dining & Drinks:Restaurants,-13.31
2024-05-08,Starbucks,Dining & Drinks:Restaurants,-4.35
2024-05-09,QFC Foods,Groceries,-9.31
2024-05-09,Amazon,Shopping:Electronics,-154.22
2024-05-09,Panda Express,Dining & Drinks:Restaurants,-2.64
2024-05-09,Chipotle,Dining & Drinks:Restaurants,-12.84
2024-05-09,Amazon,Shopping:Electronics,-55.04
2024-05-10,Panda Express,Dining & Drinks:Restaurants,-1.09
2024-05-10,QFC Foods,Groceries,-5.76
2024-05-10,PCC Market,Groceries,-10.28
2024-05-10,Spring Deli & Mart Bellevue Wa 05/09,Dining & Drinks:Restaurants,-5.49
2024-05-11,YouTube,Software ,-15.42
2024-05-13,Chipotle,Dining & Drinks:Restaurants,-34.93
2024-05-13,"Premier Periodontics, Pllc",Health:Dentist,-118.2
2024-05-13,Shake Shack,Dining & Drinks:Restaurants,-53.5
2024-05-13,QFC Foods,Groceries,-4.58
2024-05-13,PCC Market,Groceries,-33.54
2024-05-13,Hmart - Bellevue Bellevue Wa 05/10,Groceries,-38.52
2024-05-13,Amazon,Shopping:Electronics,-33.0
2024-05-13,Gieco,Auto & Transport:Car Insurance,-92.96
2024-05-13,QFC Foods,Groceries,-7.19
2024-05-13,Jersey Mikes,Dining & Drinks:Restaurants,-35.78
2024-05-13,Panda Express,Dining & Drinks:Restaurants,-2.64
2024-05-13,QFC Foods,Groceries,-10.1
2024-05-13,Relaxing Station,Dining & Drinks:Restaurants,-51.0
2024-05-13,Chipotle,Dining & Drinks:Restaurants,-37.25
2024-05-13,Panda Express,Dining & Drinks:Restaurants,-2.64
2024-05-14,Amazon,Shopping:Electronics,-18.72
2024-05-14,Panda Express,Dining & Drinks:Restaurants,-2.64
2024-05-15,Amazon,Shopping:Electronics,-33.05
2024-05-15,Panda Express,Dining & Drinks:Restaurants,-2.42
2024-05-15,PSE,Utilities:Gas & Electric,-26.34
2024-05-15,QFC Foods,Groceries,-7.65
2024-05-15,PCC Market,Groceries,-14.88
2024-05-16,QFC Foods,Groceries,-10.32
2024-05-16,Netflix,Entertainment,-17.07
2024-05-16,Panda Express,Dining & Drinks:Restaurants,-2.64
2024-05-17,Match.com,Software ,-77.13
2024-05-17,Amazon,Shopping:Electronics,-46.46
2024-05-17,Comcast,Utilities,-70.0
2024-05-17,Teradata,Personal Income:Paycheck,5138.46
2024-05-17,Panda Express,Dining & Drinks:Restaurants,-2.64
2024-05-20,Chipotle,Dining & Drinks:Restaurants,-10.47
2024-05-20,Mod Pizza,Dining & Drinks:Restaurants,-28.95
2024-05-20,Hmart - Bellevue Bellevue Wa 05/19,Groceries,-16.52
2024-05-20,Chipotle,Dining & Drinks:Restaurants,-31.41
2024-05-20,Hmart - Bellevue Bellevue Wa 05/17,Groceries,-19.06
2024-05-20,Audible,Shopping:Books,-16.47
2024-05-20,QFC Foods,Groceries,-9.01
2024-05-20,Mimi' Bellevue Wa 05/17,Dining & Drinks:Restaurants,-38.54
2024-05-20,Shake Shack,Dining & Drinks:Restaurants,-32.47
2024-05-20,QFC Foods,Groceries,-18.02
2024-05-20,Panda Express,Dining & Drinks:Restaurants,-2.64
2024-05-20,T Mobile,Utilities:Phone,-70.0
2024-05-20,Elizabeth Cleaning,Cleaning,-110.0
2024-05-20,Google,Software ,-7.7
2024-05-21,Amazon,Shopping:Electronics,-16.52
2024-05-21,Chipotle,Dining & Drinks:Restaurants,-31.41
2024-05-21,QFC Foods,Groceries,-10.59
2024-05-21,Panda Express,Dining & Drinks:Restaurants,-2.64
2024-05-21,Huel,Dining & Drinks:Restaurants,-117.0
2024-05-22,Earls,Dining & Drinks:Restaurants,-77.37
2024-05-22,QFC Foods,Groceries,-6.0
2024-05-22,Starbucks,Dining & Drinks:Restaurants,-4.35
2024-05-22,Nordstrom,Shopping,-7.99
2024-05-22,Panda Express,Dining & Drinks:Restaurants,-2.64
2024-05-22,Chevron,Auto & Transport:Gas & Fuel,-45.69
2024-05-23,Panda Express,Dining & Drinks:Restaurants,-2.64
2024-05-23,PCC Market,Groceries,-15.99
2024-05-24,Panda Express,Dining & Drinks:Restaurants,-2.64
2024-05-24,Amazon,Shopping:Electronics,-44.07
2024-05-24,Wa OFM,Personal Income:Paycheck,2526.09
2024-05-24,Frying Fish,Dining & Drinks:Restaurants,-18.66
2024-05-24,Starbucks,Dining & Drinks:Restaurants,-4.68
2024-05-28,QFC Foods,Groceries,-7.7
2024-05-28,Applebees,Dining & Drinks:Restaurants,-58.51
2024-05-28,HMart,Groceries,-35.51
2024-05-28,Frying Fish,Dining & Drinks:Restaurants,-16.46
2024-05-28,Panda Express,Dining & Drinks:Restaurants,-1.09
2024-05-28,Chipotle,Dining & Drinks:Restaurants,-33.17
2024-05-28,Amazon,Shopping:Electronics,-37.68
2024-05-28,Blazing Bagels,Dining & Drinks:Restaurants,-13.1
2024-05-28,Amazon,Shopping:Electronics,-17.66
2024-05-28,QFC Foods,Groceries,-6.15
2024-05-28,Chase Mortgage,Home:Mortgage,450.72
2024-05-28,PCC Market,Groceries,-13.02
2024-05-28,Lil Jons Restaurant Bellevue Wa 05/25,Dining & Drinks:Restaurants,-60.17
2024-05-28,Amazon,Shopping:Electronics,-19.82
2024-05-28,Mayuri,Dining & Drinks:Restaurants,-14.31
2024-05-28,Starbucks,Dining & Drinks:Restaurants,-4.68
2024-05-28,Starbucks,Dining & Drinks:Restaurants,-4.68
2024-05-29,Google Domain,Software ,-6.61
2024-05-29,Sagira Loan,Home,-2000.0
2024-05-29,Frying Fish,Dining & Drinks:Restaurants,-23.07
2024-05-29,Amazon,Shopping:Electronics,-109.1
2024-05-29,Panda Express,Dining & Drinks:Restaurants,-2.64
2024-05-30,QFC Foods,Groceries,-19.99
2024-05-30,Panda Express,Dining & Drinks:Restaurants,-2.64
2024-05-30,Amazon,Shopping:Electronics,-5.5
2024-05-31,Amazon,Shopping:Electronics,-7.7
2024-05-31,Teradata,Personal Income:Paycheck,5138.46
2024-05-31,Frying Fish,Dining & Drinks:Restaurants,-17.58
2024-05-31,HMart,Groceries,-33.13
2024-05-31,Panda Express,Dining & Drinks:Restaurants,-2.64
2024-06-01,Mortgage,Home:Mortgage,-5990.47
2024-06-02,Amli Spring District,Home:Rent,-3051.37
2024-06-03,Office Depot,Home,-3.29
2024-06-03,Blazing Bagels,Dining & Drinks:Restaurants,-14.29
2024-06-03,Office Depot,Home,-0.68
2024-06-03,Panda Express,Dining & Drinks:Restaurants,-2.64
2024-06-03,Uber,Auto & Transport,-10.99
2024-06-03,Panda Express,Dining & Drinks:Restaurants,-2.64
2024-06-03,Best Buy,Shopping:Electronics,-275.49
2024-06-03,Alimony,Home,-1258.0
2024-06-03,ATM,Cash & ATM,-40.0
2024-06-03,PCC Market,Groceries,-3.99
2024-06-03,Panda Express,Dining & Drinks:Restaurants,-29.78
2024-06-03,Office Depot,Home,-0.65
2024-06-03,Chipotle,Dining & Drinks:Restaurants,-30.91
2024-06-03,Home Depot,Home:Home Improvement,-10.99
2024-06-03,Uber,Auto & Transport,-17.96
2024-06-03,Amazon,Shopping:Electronics,-11.01
2024-06-03,Shake Shack,Dining & Drinks:Restaurants,-48.77
2024-06-03,Amazon,Shopping:Electronics,-10.99
2024-06-04,Bartell Drugs,Health:Pharmacy,-14.07
2024-06-04,Best Buy Bellevue,Personal Income,275.49
2024-06-04,Frying Fish,Dining & Drinks:Restaurants,-17.58
2024-06-04,Panda Express,Dining & Drinks:Restaurants,-2.64
2024-06-05,Amazon,Shopping:Electronics,-39.66
2024-06-05,Amazon,Shopping:Electronics,-343.81
2024-06-05,Chipotle,Dining & Drinks:Restaurants,-14.27
2024-06-06,AIG Life,Financial:Life Insurance,-102.03
2024-06-06,Panda Express,Dining & Drinks:Restaurants,-2.64
2024-06-06,Lululemon,Shopping:Clothing,-160.89
2024-06-06,Bartell Drugs,Health:Pharmacy,-13.53
2024-06-06,Frying Fish,Dining & Drinks:Restaurants,-17.58
2024-06-07,HMart,Groceries,-30.0
2024-06-07,Panda Express,Dining & Drinks:Restaurants,-2.64
2024-06-07,Chatgpt,Work Expenses,-22.04
2024-06-10,Uber,Auto & Transport,-10.92
2024-06-10,Panda Express,Dining & Drinks:Restaurants,-2.64
2024-06-10,Chipotle,Dining & Drinks:Restaurants,-31.41
2024-06-10,Panda Express,Dining & Drinks:Restaurants,-1.09
2024-06-10,HMart,Groceries,-22.0
2024-06-10,Panda Express,Dining & Drinks:Restaurants,-2.64
2024-06-10,Uber,Auto & Transport,-10.9
2024-06-10,Five Guys,Dining & Drinks:Restaurants,-24.45
2024-06-10,Wa OFM,Personal Income:Paycheck,2622.43
2024-06-10,Huel,Dining & Drinks:Restaurants,-133.9
2024-06-10,QFC Foods,Groceries,-27.52
2024-06-10,Amazon,Shopping:Electronics,-7.7
2024-06-10,Whole Foods,Groceries,-13.47
2024-06-10,Frying Fish,Dining & Drinks:Restaurants,-37.86
2024-06-10,Amazon,Shopping:Electronics,-9.91
2024-06-10,Barber Shop,Personal Care:Hair,-49.0
2024-06-10,QFC Foods,Groceries,-19.41
2024-06-10,Cke*the Brief Encounter Bellevue Wa 06/09,Dining & Drinks:Restaurants,-24.59
2024-06-11,"Corepower Yoga, Llc",Fitness:Gym,-33.47
2024-06-11,QFC Foods,Groceries,-24.36
2024-06-11,Panda Express,Dining & Drinks:Restaurants,-1.09
2024-06-12,YouTube,Software ,-15.42
2024-06-12,Panda Express,Dining & Drinks:Restaurants,-2.64
2024-06-12,Amazon,Shopping:Electronics,-83.76
2024-06-12,Nsd Debate Camp Www.nsdebatec Ne 06/12,Uncategorized,-100.0
2024-06-12,Soylent,Groceries,-200.0
2024-06-12,Gieco,Auto & Transport:Car Insurance,-92.96
2024-06-12,Metropolis Parking Httpswww.metr Tn 06/12,Auto & Transport:Parking,-2.99
2024-06-13,Panda Express,Dining & Drinks:Restaurants,-2.64
2024-06-13,Frying Fish,Dining & Drinks:Restaurants,-21.49
2024-06-13,Alaska Air,Travel:Airfare,-1026.2
2024-06-14,Panda Express,Dining & Drinks:Restaurants,-2.64
2024-06-14,HMart,Groceries,-52.89
2024-06-14,Teradata,Personal Income:Paycheck,5138.45
2024-06-17,Mod Pizza,Dining & Drinks:Restaurants,-27.61
2024-06-17,Uniqlo Usa Llc,Shopping:Clothing,-175.83
2024-06-17,Eddie Bauer,Shopping:Clothing,-60.05
2024-06-17,Panda Express,Dining & Drinks:Restaurants,-2.64
2024-06-17,Safeway,Groceries,-59.38
2024-06-17,Uber,Auto & Transport,-15.28
2024-06-17,Chevron,Auto & Transport:Gas & Fuel,-54.61
2024-06-17,PSE,Utilities:Gas & Electric,-27.06
2024-06-17,Belle Pastry,Dining & Drinks:Restaurants,-3.75
2024-06-17,Frying Fish,Dining & Drinks:Restaurants,-25.29
2024-06-17,Five Guys,Dining & Drinks:Restaurants,-38.29
2024-06-17,Panda Express,Dining & Drinks:Restaurants,-2.64
2024-06-17,Comcast,Utilities,-70.0
2024-06-17,Netflix,Entertainment,-17.07
2024-06-17,Panda Express,Dining & Drinks:Restaurants,-29.34
2024-06-17,Chipotle,Dining & Drinks:Restaurants,-24.02
2024-06-18,Google,Software ,-7.7
2024-06-18,Whole Foods,Groceries,-16.65
2024-06-18,Elizabeth Cleaning,Cleaning,-110.0
2024-06-18,Panda Express,Dining & Drinks:Restaurants,-2.64
2024-06-20,Panda Express,Dining & Drinks:Restaurants,-2.64
2024-06-20,Frying Fish,Dining & Drinks:Restaurants,-24.03
2024-06-20,T Mobile,Utilities:Phone,-70.0
2024-06-20,Whole Foods,Groceries,-18.24
2024-06-21,Kaiser Permanente,Health:Health Insurance,-5.0
2024-06-21,Panda Express,Dining & Drinks:Restaurants,-2.64
2024-06-21,Whole Foods,Groceries,-19.43
2024-06-21,QFC Foods,Groceries,-1.94
2024-06-21,Amazon,Shopping:Electronics,-16.52
2024-06-24,Chipotle,Dining & Drinks:Restaurants,-20.61
2024-06-24,Panda Express,Dining & Drinks:Restaurants,-2.64
2024-06-24,Amazon,Shopping:Electronics,-77.13
2024-06-24,HMart,Groceries,-49.65
2024-06-24,PCC Market,Groceries,-6.0
2024-06-24,Amazon,Shopping:Electronics,-87.06
2024-06-24,Panda Express,Dining & Drinks:Restaurants,-2.64
2024-06-24,Amazon,Shopping:Electronics,-20.06
2024-06-24,Lil Jons Restaurant Bellevue Wa 06/22,Dining & Drinks:Restaurants,-49.27
2024-06-24,Chipotle,Dining & Drinks:Restaurants,-30.91
2024-06-25,Frying Fish,Dining & Drinks:Restaurants,-21.49
2024-06-25,Wa OFM,Personal Income:Paycheck,2613.88
2024-06-25,Panda Express,Dining & Drinks:Restaurants,-2.64
2024-06-26,Frying Fish,Dining & Drinks:Restaurants,-16.48
2024-06-26,Panda Express,Dining & Drinks:Restaurants,-2.64
2024-06-26,Safeway,Groceries,-5.0
2024-06-27,Harvest Produce,Groceries,-8.0
2024-06-27,Panda Express,Dining & Drinks:Restaurants,-1.09
2024-06-27,Frying Fish,Dining & Drinks:Restaurants,-17.58
2024-06-27,Amazon,Shopping:Electronics,-7.7
2024-06-27,Whole Foods,Groceries,-15.46
2024-06-28,QFC Foods,Groceries,-18.55
2024-06-28,Chipotle,Dining & Drinks:Restaurants,-30.91
2024-06-28,Frying Fish,Dining & Drinks:Restaurants,-19.78
2024-06-28,Panda Express,Dining & Drinks:Restaurants,-2.64
2024-06-28,Starbucks,Dining & Drinks:Restaurants,-3.8
2024-06-28,Teradata,Personal Income:Paycheck,5138.46
2024-06-28,Belle Pastry,Dining & Drinks:Restaurants,-3.75
2024-06-29,Google Domain,Work Expenses,-6.61
2024-07-01,Huel,Dining & Drinks:Restaurants,-117.0
2024-07-01,Panda Express,Dining & Drinks:Restaurants,-1.09
2024-07-01,Amazon,Shopping:Electronics,-71.62
2024-07-01,Mayuri,Dining & Drinks:Restaurants,-6.98
2024-07-01,Chipotle,Dining & Drinks:Restaurants,-30.91
2024-07-01,Safeway,Groceries,-4.49
2024-07-01,Amazon,Shopping:Electronics,-6.03
2024-07-01,Amazon,Shopping:Electronics,-5.5
2024-07-01,Frying Fish,Dining & Drinks:Restaurants,-16.48
2024-07-01,Whole Foods,Groceries,-19.95
2024-07-01,Amazon,Shopping:Electronics,-7.7
2024-07-01,Alimony,Home,-1510.0
2024-07-01,Five Guys,Dining & Drinks:Restaurants,-38.29
2024-07-01,Panda Express,Dining & Drinks:Restaurants,-2.64
2024-07-01,Panda Express,Dining & Drinks:Restaurants,-2.64
2024-07-01,Mortgage,Home:Mortgage,-5990.47
2024-07-01,PCC Market,Groceries,-18.96
2024-07-02,Amli Spring District,Home:Rent,-3047.08
2024-07-02,Panda Express,Dining & Drinks:Restaurants,-2.64
2024-07-02,Bellevue Brewery,Dining & Drinks:Restaurants,-115.81
2024-07-03,QFC Foods,Groceries,-5.66
2024-07-03,Starbucks,Dining & Drinks:Restaurants,-4.9
2024-07-03,AIG Life,Financial:Life Insurance,-102.03
2024-07-03,Panda Express,Dining & Drinks:Restaurants,-2.64
2024-07-05,Panda Express,Dining & Drinks:Restaurants,-2.64
2024-07-05,Frying Fish,Dining & Drinks:Restaurants,-17.58
2024-07-05,QFC Foods,Groceries,-4.76
2024-07-05,Farine Bakery Cafe Bellevue Wa 07/04,Dining & Drinks:Restaurants,-26.61
2024-07-05,Amazon,Shopping:Electronics,-9.91
2024-07-06,Chatgpt,Work Expenses,-22.04
2024-07-08,Five Guys,Dining & Drinks:Restaurants,-40.03
2024-07-08,Chipotle,Dining & Drinks:Restaurants,-41.21
2024-07-08,Panda Express,Dining & Drinks:Restaurants,-2.64
2024-07-08,HMart,Groceries,-33.13
2024-07-08,Mayuri,Dining & Drinks:Restaurants,-6.98
2024-07-08,Chevron,Auto & Transport:Gas & Fuel,-48.79
2024-07-08,Chipotle,Dining & Drinks:Restaurants,-24.02
2024-07-08,Bartell Drugs,Health:Pharmacy,-42.4
2024-07-08,Amazon,Shopping:Electronics,-29.74
2024-07-08,Amazon,Shopping:Electronics,-27.87
2024-07-08,Chipotle,Dining & Drinks:Restaurants,-51.52
2024-07-08,Safeway,Groceries,-10.09
2024-07-08,Barber Shop,Personal Care:Hair,-49.0
2024-07-08,Panda Express,Dining & Drinks:Restaurants,-40.37
2024-07-08,Shake Shack,Dining & Drinks:Restaurants,-48.77
2024-07-09,Amazon,Shopping:Electronics,-88.15
2024-07-10,Wa OFM,Personal Income:Paycheck,970.15
2024-07-10,Frying Fish,Dining & Drinks:Restaurants,-16.48
2024-07-10,Safeway,Groceries,-9.08
2024-07-10,Total Wine And Bellevue Wa 07/10,Dining & Drinks:Bars,-11.56
2024-07-10,Amazon,Shopping:Electronics,-17.99
2024-07-11,Amazon,Shopping:Electronics,-29.74
2024-07-11,Uwajimaya,Groceries,-10.13
2024-07-12,QFC Foods,Groceries,-9.31
2024-07-12,Gieco,Auto & Transport:Car Insurance,-92.96
2024-07-12,Century Theaters,Entertainment,-14.68
2024-07-12,Panda Express,Dining & Drinks:Restaurants,-2.64
2024-07-12,Century Theaters,Entertainment,-12.34
2024-07-12,YouTube,Software ,-15.42
2024-07-12,Teradata,Personal Income:Paycheck,5138.46
2024-07-12,Soylent,Groceries,-200.0
2024-07-15,Chipotle,Dining & Drinks:Restaurants,-41.88
2024-07-15,Atm Check Deposit 07/13 1320 156th Ave Ne Bellevue Wa,Personal Income,240.0
2024-07-15,Panda Express,Dining & Drinks:Restaurants,-2.64
2024-07-15,Chipotle,Dining & Drinks:Restaurants,-13.72
2024-07-15,HMart,Groceries,-33.13
2024-07-15,Panda Express,Dining & Drinks:Restaurants,-2.64
2024-07-15,Kindle,Education,-57.3
2024-07-15,Five Guys,Dining & Drinks:Restaurants,-38.12
2024-07-15,Amazon,Shopping:Electronics,-424.26
2024-07-15,Amazon,Shopping:Electronics,-44.07
2024-07-15,ATM,Cash & ATM,-200.0
2024-07-15,Alaska Air,Travel:Airfare,-35.0
2024-07-15,Amazon,Shopping:Electronics,-14.31
2024-07-15,Whole Foods,Groceries,-15.2
2024-07-15,Sea Airport Parking Wa 07/14,Auto & Transport:Parking,-8.0
2024-07-16,"Credit For $0.20, An Item For $208.83 Was Processed As $208.63, On 07/15/2024 . Our Reference Number",Personal Income,0.2
2024-07-16,Dr Due To Atm/dep Error,Cash & ATM,-31.37
2024-07-16,Amazon,Shopping:Electronics,-4.8
2024-07-16,QFC Foods,Groceries,-25.61
2024-07-16,Panda Express,Dining & Drinks:Restaurants,-1.09
2024-07-16,Netflix,Entertainment,-17.07
2024-07-17,Elizabeth Cleaning,Cleaning,-110.0
2024-07-17,Panda Express,Dining & Drinks:Restaurants,-2.64
2024-07-17,PSE,Utilities:Gas & Electric,-33.16
2024-07-17,Comcast,Utilities,-70.0
2024-07-17,Amazon,Shopping:Electronics,-35.25
2024-07-18,Bellevue Brewery,Dining & Drinks:Restaurants,-116.74
2024-07-18,Google,Software ,-7.7
2024-07-19,Metropolis Parking Httpswww.metr Tn 07/18,Auto & Transport:Parking,-14.21
2024-07-19,QFC Foods,Groceries,-9.21
2024-07-19,Panda Express,Dining & Drinks:Restaurants,-2.64
2024-07-19,Frying Fish,Dining & Drinks:Restaurants,-26.56
2024-07-22,HMart,Groceries,-33.04
2024-07-22,T Mobile,Utilities:Phone,-75.0
2024-07-22,Starbucks,Dining & Drinks:Restaurants,-4.68
2024-07-22,Panda Express,Dining & Drinks:Restaurants,-2.64
2024-07-22,Chipotle,Dining & Drinks:Restaurants,-20.94
2024-07-22,Shake Shack,Dining & Drinks:Restaurants,-32.47
2024-07-22,Amazon,Shopping:Electronics,-16.52
2024-07-22,Lululemon,Shopping:Clothing,-301.95
2024-07-22,Panda Express,Dining & Drinks:Restaurants,-2.64
2024-07-23,Tst* All Thai Restauran Bellevue Wa 07/22,Dining & Drinks:Restaurants,-24.27
2024-07-24,Amazon,Shopping:Electronics,-35.22
2024-07-24,Amazon,Shopping:Electronics,-32.92
2024-07-24,Panda Express,Dining & Drinks:Restaurants,-2.64
2024-07-24,Evergreen Salads,Dining & Drinks:Restaurants,-16.5
2024-07-25,Wa OFM,Personal Income:Paycheck,1021.67
2024-07-25,Chipotle,Dining & Drinks:Restaurants,-14.27
2024-07-26,Teradata,Personal Income:Paycheck,5138.45
2024-07-26,Panda Express,Dining & Drinks:Restaurants,-2.64
2024-07-26,QFC Foods,Groceries,-1.62
2024-07-26,Evergreen Salads,Dining & Drinks:Restaurants,-16.5
2024-07-28,Google Domain,Work Expenses,-6.61
2024-07-29,HMart,Groceries,-33.13
2024-07-29,Shake Shack,Dining & Drinks:Restaurants,-32.47
2024-07-29,Panda Express,Dining & Drinks:Restaurants,-2.64
2024-07-29,Panda Express,Dining & Drinks:Restaurants,-2.64
2024-07-29,Alaska Air,Travel:Airfare,-35.0
2024-07-29,Chipotle,Dining & Drinks:Restaurants,-10.3
2024-07-29,Chipotle,Dining & Drinks:Restaurants,-41.21
2024-07-29,Ihop,Dining & Drinks:Restaurants,-73.44
2024-07-29,Uber,Auto & Transport,-31.97
2024-07-30,Panda Express,Dining & Drinks:Restaurants,-2.64
2024-07-30,Amazon,Shopping:Electronics,-6.6
2024-07-30,Chipotle,Dining & Drinks:Restaurants,-10.85
2024-07-31,PCC Market,Groceries,-8.38
2024-07-31,Panda Express,Dining & Drinks:Restaurants,-1.09
2024-07-31,Chevron,Auto & Transport:Gas & Fuel,-51.48
2024-07-31,UiPath,Personal Income:Paycheck,2783.76
2024-07-31,Frying Fish,Dining & Drinks:Restaurants,-16.48
2024-07-31,UiPath,Personal Income:Paycheck,5485.53
2024-08-01,Chipotle,Dining & Drinks:Restaurants,-14.27
2024-08-01,Alimony,Personal Income:Alimony,-1770.0
2024-08-01,Mortgage,Home:Mortgage,-5731.98
2024-08-02,Harvest Produce,Groceries,-4.0
2024-08-02,Chipotle,Dining & Drinks:Restaurants,-14.27
2024-08-02,QFC Foods,Groceries,-11.31
2024-08-05,Chipotle,Dining & Drinks:Restaurants,-34.33
2024-08-05,Amazon,Shopping:Electronics,-30.86
2024-08-05,Uber,Auto & Transport,-6.88
2024-08-05,Chipotle,Dining & Drinks:Restaurants,-41.21
2024-08-05,Jersey Mikes,Dining & Drinks:Restaurants,-44.42
2024-08-05,Panda Express,Dining & Drinks:Restaurants,-69.79
2024-08-05,HMart,Groceries,-33.13
2024-08-05,Mayuri,Dining & Drinks:Restaurants,-6.98
2024-08-05,Shake Shack,Dining & Drinks:Restaurants,-53.5
2024-08-05,Panda Express,Dining & Drinks:Restaurants,-2.87
2024-08-05,Amli Spring District,Home:Rent,-3050.35
2024-08-05,AIG Life,Financial:Life Insurance,-102.03
2024-08-05,Bartell Drugs,Health:Pharmacy,-14.03
2024-08-06,Chipotle,Dining & Drinks:Restaurants,-41.21
2024-08-06,Mod Pizza,Dining & Drinks:Restaurants,-28.95
2024-08-06,Wyzant Xxx-xxx-6365 Ca 08/06,Uncategorized,-43.6
2024-08-07,HMart,Groceries,-33.04
2024-08-07,Spring Deli & Market Bellevue Wa 08/05,Groceries,-20.05
2024-08-07,Five Guys,Dining & Drinks:Restaurants,-40.03
2024-08-07,QFC Foods,Groceries,-3.74
2024-08-07,Chipotle,Dining & Drinks:Restaurants,-30.91
2024-08-07,Chatgpt,Work Expenses,-22.04
2024-08-07,Spring Deli & Market Bellevue Wa 08/05,Groceries,-1.53
2024-08-08,Spring Cafe,Dining & Drinks:Restaurants,-20.94
2024-08-08,Ezell's Famous Chicken,Dining & Drinks:Restaurants,-20.9
2024-08-08,Chipotle,Dining & Drinks:Restaurants,-45.84
2024-08-08,Wyzant Xxx-xxx-6365 Ca 08/08,Uncategorized,-43.6
2024-08-08,Dote Coffee Bar,Dining & Drinks:Restaurants,-6.55
2024-08-08,Uber,Auto & Transport,-8.92
2024-08-08,Dote Coffee Bar,Dining & Drinks:Restaurants,-10.19
2024-08-09,Bamko,Uncategorized,-25.9
2024-08-09,Five Guys,Dining & Drinks:Restaurants,-40.03
2024-08-09,Uber,Auto & Transport,-6.93
2024-08-09,Wa OFM,Personal Income:Paycheck,1021.68
2024-08-09,Teradata,Personal Income:Paycheck,5138.46
2024-08-11,YouTube,Software ,-15.42
2024-08-12,Panda Express,Dining & Drinks:Restaurants,-40.45
2024-08-12,Wyzant Xxx-xxx-6365 Ca 08/11,Uncategorized,-47.23
2024-08-12,Gieco,Auto & Transport:Car Insurance,-92.92
2024-08-12,Soylent,Groceries,-200.0
2024-08-12,Five Guys,Dining & Drinks:Restaurants,-40.89
2024-08-12,Taqueria El Rinconsito Bellevue Wa 08/10,Dining & Drinks:Restaurants,-56.4
2024-08-12,Uber,Auto & Transport,-11.36
2024-08-12,Huel,Dining & Drinks:Restaurants,-117.0
2024-08-12,Potbelly,Dining & Drinks:Restaurants,-40.8
2024-08-12,Chipotle,Dining & Drinks:Restaurants,-41.21
2024-08-12,HMart,Groceries,-42.11
2024-08-12,Uber,Auto & Transport,-1.0
2024-08-12,Dote Coffee Bar,Dining & Drinks:Restaurants,-13.77
2024-08-12,Uber,Auto & Transport,-36.51
2024-08-12,Shake Shack,Dining & Drinks:Restaurants,-42.15
2024-08-13,Panda Express,Dining & Drinks:Restaurants,-2.64
2024-08-13,Evergreen Salads,Dining & Drinks:Restaurants,-17.6
2024-08-13,Elizabeth Cleaning,Cleaning,-110.0
2024-08-14,Amazon,Shopping:Electronics,-7.7
2024-08-14,Century Theaters,Entertainment,-9.31
2024-08-14,King County Dc Efiling Xxx-xxx6064 Wa 08/13,Uncategorized,-128.99
2024-08-14,QFC Foods,Groceries,-16.94
2024-08-14,Century Theaters,Entertainment,-7.47
2024-08-14,Panda Express,Dining & Drinks:Restaurants,-2.64
2024-08-15,PSE,Utilities:Gas & Electric,-40.96
2024-08-15,Chipotle,Dining & Drinks:Restaurants,-13.72
2024-08-15,UiPath,Personal Income:Paycheck,5485.52
2024-08-15,Uber,Auto & Transport,-7.56
2024-08-15,Harvest Produce,Groceries,-4.0
2024-08-16,Uber,Auto & Transport,-6.7
2024-08-16,Panda Express,Dining & Drinks:Restaurants,-2.64
2024-08-16,Uber,Auto & Transport,-10.57
2024-08-16,QFC Foods,Groceries,-23.3
2024-08-16,Netflix,Entertainment,-17.07
2024-08-16,Uber,Auto & Transport,-1.0
2024-08-19,Five Guys,Dining & Drinks:Restaurants,-41.77
2024-08-19,Safeway,Groceries,-7.99
2024-08-19,Wyzant Xxx-xxx-6365 Ca 08/18,Uncategorized,-43.6
2024-08-19,Panda Express,Dining & Drinks:Restaurants,-1.09
2024-08-19,Chipotle,Dining & Drinks:Restaurants,-30.91
2024-08-19,Huel,Dining & Drinks:Restaurants,-133.9
2024-08-19,HMart,Groceries,-33.13
2024-08-19,Seattle Seahawks 888-nflhawk Wa 08/17,Entertainment,-204.0
2024-08-19,Comcast,Utilities,-70.0
2024-08-19,Filson,Shopping,-325.1
2024-08-19,Google,Software ,-7.7
2024-08-19,Ihop,Dining & Drinks:Restaurants,-72.55
2024-08-19,Chevron,Auto & Transport:Gas & Fuel,-49.48
2024-08-19,Panda Express,Dining & Drinks:Restaurants,-2.64
2024-08-20,T Mobile,Utilities:Phone,-75.0
2024-08-20,Safeway,Groceries,-5.99
2024-08-20,Panda Express,Dining & Drinks:Restaurants,-2.64
2024-08-20,Chipotle,Dining & Drinks:Restaurants,-12.23
2024-08-21,Uber,Auto & Transport,-14.95
2024-08-21,"Quest Diagnostics, Inc.",Health:Doctor,-27.5
2024-08-21,Century Theaters,Entertainment,-16.47
2024-08-21,Uber,Auto & Transport,-11.98
2024-08-21,Century Theaters,Entertainment,-7.47
2024-08-21,Amazon,Shopping:Electronics,-16.52
2024-08-22,Chipotle,Dining & Drinks:Restaurants,-13.72
2024-08-22,Amazon,Shopping:Electronics,-28.54
2024-08-23,Teradata,Personal Income:Paycheck,5138.46
2024-08-24,Wa OFM,Personal Income:Paycheck,1021.66
2024-08-26,QFC Foods,Groceries,-5.98
2024-08-26,Reg Bella Botega 0904 Redmond Wa 08/23,Dining & Drinks:Restaurants,-13.24
2024-08-26,Panda Express,Dining & Drinks:Restaurants,-2.64
2024-08-26,Reg Bella Botega 0904 Redmond Wa 08/23,Dining & Drinks:Restaurants,-18.11
2024-08-26,Belle Pastry,Dining & Drinks:Restaurants,-4.31
2024-08-26,Chipotle,Dining & Drinks:Restaurants,-10.3
2024-08-26,Panda Express,Dining & Drinks:Restaurants,-1.09
2024-08-26,HMart,Groceries,-46.57
2024-08-26,Quicken,Shopping:Electronics,-52.81
2024-08-26,Panda Express,Dining & Drinks:Restaurants,-2.64
2024-08-26,QFC Foods,Groceries,-14.68
2024-08-27,Chipotle,Dining & Drinks:Restaurants,-13.72
2024-08-28,Chipotle,Dining & Drinks:Restaurants,-13.72
2024-08-28,QFC Foods,Groceries,-6.49
2024-08-29,Sqsp* Invxxxxx9246 Httpssquaresp Ny 08/29,Uncategorized,-12.58
2024-08-29,Chipotle,Dining & Drinks:Restaurants,-15.65
2024-08-29,United Healthcare,Utilities,-27.5
2024-08-29,United Healthcare,Utilities,-13.02
2024-08-30,UiPath,Personal Income:Paycheck,5485.53
2024-08-30,Amazon,Shopping:Electronics,-6.6
2024-08-30,Panda Express,Dining & Drinks:Restaurants,-14.33
2024-08-30,QFC Foods,Groceries,-22.57
2024-09-03,Panda Express,Dining & Drinks:Restaurants,-2.64
2024-09-03,Shake Shack,Dining & Drinks:Restaurants,-53.5
2024-09-03,Chipotle,Dining & Drinks:Restaurants,-14.05
2024-09-03,Amazon,Shopping:Electronics,-43.24
2024-09-03,Panda Express,Dining & Drinks:Restaurants,-43.32
2024-09-03,Barber Shop,Personal Care:Hair,-45.0
2024-09-03,Chase Mortgage,Home:Mortgage,-5731.98
2024-09-03,Alimony,Home,-1770.0
2024-09-03,Uber,Auto & Transport,-5.5
2024-09-03,Uber,Auto & Transport,-12.05
2024-09-03,Chipotle,Dining & Drinks:Restaurants,-46.39
2024-09-03,Chipotle,Dining & Drinks:Restaurants,-24.63
2024-09-03,Jersey Mikes,Dining & Drinks:Restaurants,-27.29
2024-09-04,Bartell Drugs,Health:Pharmacy,-4.24
2024-09-05,Chipotle,Dining & Drinks:Restaurants,-13.72
2024-09-05,Filson,Shopping,-82.66
2024-09-06,QFC Foods,Groceries,-31.03
2024-09-06,Uber,Auto & Transport,-12.95
2024-09-06,Amli Spring District,Home:Rent,-3046.48
2024-09-06,AIG Life,Financial:Life Insurance,-102.03
2024-09-06,Teradata,Personal Income:Paycheck,5138.46
2024-09-09,Panda Express,Dining & Drinks:Restaurants,-1.32
2024-09-09,Five Guys,Dining & Drinks:Restaurants,-36.47
2024-09-09,Uber,Auto & Transport,-10.97
2024-09-09,Mod Pizza,Dining & Drinks:Restaurants,-34.73
2024-09-09,Panda Express,Dining & Drinks:Restaurants,-2.64
2024-09-09,Chipotle,Dining & Drinks:Restaurants,-30.91
2024-09-09,Chatgpt,Work Expenses,-22.04
2024-09-09,Mayuri,Dining & Drinks:Restaurants,-14.96
2024-09-09,Uber,Auto & Transport,-10.91
2024-09-10,Chipotle,Dining & Drinks:Restaurants,-13.72
2024-09-10,Wa OFM,Personal Income:Paycheck,1021.66
2024-09-10,Uber,Auto & Transport,-11.99
2024-09-11,Aslam,Charity & Donations,-100.0
2024-09-11,Chipotle,Dining & Drinks:Restaurants,-17.63
2024-09-11,Consumer Online Fx Intl Wire Fee 1070031,Fees & Charges,-5.0
2024-09-11,Uber,Auto & Transport,-11.94
2024-09-12,Panda Express,Dining & Drinks:Restaurants,-14.33
2024-09-12,Bartell Drugs,Health:Pharmacy,-7.71
2024-09-12,UPS,Home,-360.0
2024-09-12,Gieco,Auto & Transport:Car Insurance,-92.96
2024-09-12,YouTube,Software ,-15.42
2024-09-12,Aslam,Charity & Donations,-5000.0
2024-09-12,Uber,Auto & Transport,-12.98
2024-09-13,Safeway,Groceries,-25.43
2024-09-13,Uber,Auto & Transport,-13.94
2024-09-13,UiPath,Personal Income:Paycheck,5485.54
2024-09-13,Panda Express,Dining & Drinks:Restaurants,-2.64
2024-09-13,Frying Fish,Dining & Drinks:Restaurants,-17.58
2024-09-16,Chevron,Auto & Transport:Gas & Fuel,-51.52
2024-09-16,QFC Foods,Groceries,-2.5
2024-09-16,Blazing Bagels,Dining & Drinks:Restaurants,-16.1
2024-09-16,ATM,Cash & ATM,-40.0
2024-09-16,Panda Express,Dining & Drinks:Restaurants,-2.64
2024-09-16,Chick-Fil-A,Dining & Drinks:Restaurants,-23.11
2024-09-16,Netflix,Entertainment,-17.07
2024-09-16,Uber,Auto & Transport,-12.97
2024-09-16,Panda Express,Dining & Drinks:Restaurants,-1.32
2024-09-16,Ihop,Dining & Drinks:Restaurants,-66.79
2024-09-16,Shake Shack,Dining & Drinks:Restaurants,-53.5
2024-09-16,QFC Foods,Groceries,-24.97
2024-09-16,Amazon,Shopping:Electronics,-7.7
2024-09-16,Chipotle,Dining & Drinks:Restaurants,-30.91
2024-09-16,Uniqlo,Shopping:Clothing,-54.94
2024-09-17,Uber,Auto & Transport,-14.95
2024-09-17,PSE,Utilities:Gas & Electric,-40.42
2024-09-17,Chipotle,Dining & Drinks:Restaurants,-17.63
2024-09-17,Comcast,Utilities,-70.0
2024-09-18,Google,Software ,-7.7
2024-09-18,Panda Express,Dining & Drinks:Restaurants,-2.64
2024-09-18,Danner-lacrosse Xxx-xxx-6637 Or 09/17,Shopping:Clothing,-141.06
2024-09-18,Frying Fish,Dining & Drinks:Restaurants,-23.4
2024-09-19,Panda Express,Dining & Drinks:Restaurants,-2.64
2024-09-19,Frying Fish,Dining & Drinks:Restaurants,-23.4
2024-09-20,QFC Foods,Groceries,-35.65
2024-09-20,Uber,Auto & Transport,-11.69
2024-09-20,Teradata,Personal Income:Paycheck,5138.45
2024-09-20,Panda Express,Dining & Drinks:Restaurants,-2.64
2024-09-20,L.l. Bean,Shopping:Clothing,-88.15
2024-09-20,Frying Fish,Dining & Drinks:Restaurants,-22.12
2024-09-23,Panda Express,Dining & Drinks:Restaurants,-0.08
2024-09-23,Huel,Dining & Drinks:Restaurants,-117.0
2024-09-23,Amazon,Shopping:Electronics,-16.52
2024-09-23,Panda Express,Dining & Drinks:Restaurants,-2.64
2024-09-23,Panda Express,Dining & Drinks:Restaurants,-1.32
2024-09-23,Match.com,Home,-132.17
2024-09-23,T Mobile,Utilities:Phone,-75.0
2024-09-23,Panda Express,Dining & Drinks:Restaurants,-29.34
2024-09-23,Frying Fish,Dining & Drinks:Restaurants,-17.58
2024-09-23,Frying Fish,Dining & Drinks:Restaurants,-23.4
2024-09-23,Chipotle,Dining & Drinks:Restaurants,-30.91
2024-09-23,Amazon,Shopping:Electronics,-15.42
2024-09-23,Shake Shack,Dining & Drinks:Restaurants,-53.5
2024-09-23,Panda Express,Dining & Drinks:Restaurants,-13.46
2024-09-23,4761 Bellevue Bellevue Wa Xx4587 09/21,Uncategorized,-18.69
2024-09-24,Elizabeth Cleaning,Cleaning,-110.0
2024-09-24,Chipotle,Dining & Drinks:Restaurants,-13.72
2024-09-24,Uber,Auto & Transport,-10.92
2024-09-24,Soylent,Groceries,-200.0
2024-09-24,Uber,Auto & Transport,-11.9
2024-09-24,QFC Foods,Groceries,-5.49
2024-09-25,Wa OFM,Personal Income:Paycheck,1021.67
2024-09-25,Panda Express,Dining & Drinks:Restaurants,-1.32
2024-09-25,Chipotle,Dining & Drinks:Restaurants,-10.3
2024-09-25,QFC Foods,Groceries,-11.0
2024-09-26,QFC Foods,Groceries,-7.0
2024-09-26,Panda Express,Dining & Drinks:Restaurants,-2.64
2024-09-27,Uber,Auto & Transport,-12.09
2024-09-27,Panda Express,Dining & Drinks:Restaurants,-2.64
2024-09-30,Sqsp* Invxxxxx7385 Httpssquaresp Ny 09/29,Uncategorized,-6.61
2024-09-30,Amazon,Shopping:Electronics,-6.6
2024-09-30,Uber,Auto & Transport,-1.0
2024-09-30,"Mirantis, Inc.",Software ,-274.4
2024-09-30,QFC Foods,Groceries,-33.84
2024-09-30,Uber,Auto & Transport,-6.88
2024-09-30,Uber,Auto & Transport,-7.91
2024-09-30,Chipotle,Dining & Drinks:Restaurants,-35.37
2024-09-30,Belle Pastry,Dining & Drinks:Restaurants,-3.75
2024-09-30,Five Guys,Dining & Drinks:Restaurants,-22.8
2024-09-30,Panda Express,Dining & Drinks:Restaurants,-1.32
2024-09-30,Panda Express,Dining & Drinks:Restaurants,-43.1
2024-09-30,UiPath,Personal Income:Paycheck,5173.86
2024-09-30,Panda Express,Dining & Drinks:Restaurants,-2.64
2024-09-30,Uber,Auto & Transport,-14.9
2024-09-30,Uber,Auto & Transport,-1.0
2024-09-30,Relaxing Station,Dining & Drinks:Restaurants,-54.0
2024-10-01,Chase Mortgage,Home:Mortgage,-5731.98
2024-10-01,Alimony,Home,-1770.0
2024-10-02,Amazon,Shopping:Electronics,-19.99
2024-10-03,Chipotle,Dining & Drinks:Restaurants,-17.63
2024-10-03,American Gen Lif Ins_paymt Ppd Id:,Financial:Life Insurance,-102.03
2024-10-04,Uber,Auto & Transport,-10.98
2024-10-04,Qdi Quest Diagnostics,Personal Income,27.5
2024-10-04,Teradata,Personal Income:Paycheck,5138.46
2024-10-04,Panda Express,Dining & Drinks:Restaurants,-2.64
2024-10-04,Bartell Drugs,Health:Pharmacy,-2.04
2024-10-04,QFC Foods,Groceries,-16.5
2024-10-04,Uber,Auto & Transport,-1.0
2024-10-07,Uber,Auto & Transport,-11.98
2024-10-07,Panda Express,Dining & Drinks:Restaurants,-43.1
2024-10-07,Chatgpt,Work Expenses,-22.04
2024-10-07,Frying Fish,Dining & Drinks:Restaurants,-20.22
2024-10-07,Panda Express,Dining & Drinks:Restaurants,-2.64
2024-10-07,Panda Express,Dining & Drinks:Restaurants,-2.64
2024-10-07,Chipotle,Dining & Drinks:Restaurants,-41.21
2024-10-07,Mod Pizza,Dining & Drinks:Restaurants,-18.52
2024-10-07,QFC Foods,Groceries,-10.08
2024-10-08,Amli Spring District,Home:Rent,-3045.87
2024-10-08,Chipotle,Dining & Drinks:Restaurants,-13.72
2024-10-09,Chipotle,Dining & Drinks:Restaurants,-13.72
2024-10-09,Amazon,Shopping:Electronics,-439.7
2024-10-10,Frying Fish,Dining & Drinks:Restaurants,-23.4
2024-10-10,Panda Express,Dining & Drinks:Restaurants,-2.64
2024-10-10,Wa OFM,Personal Income:Paycheck,1021.68
2024-10-15,Bellevue School District,Education:Tuition,-75.0
2024-10-15,Uber,Auto & Transport,-5.0
2024-10-15,Uber,Auto & Transport,-18.26
2024-10-15,Uber,Auto & Transport,-11.95
2024-10-15,Suitsupply Wilmington De 10/13,Shopping:Clothing,-174.12
2024-10-15,ATM,Cash & ATM,-40.0
2024-10-15,UiPath,Personal Income:Paycheck,5173.87
2024-10-15,Lululemon,Shopping:Clothing,-127.83
2024-10-15,Blazing Bagels,Dining & Drinks:Restaurants,-30.03
2024-10-15,QFC Foods,Groceries,-5.93
2024-10-15,Chipotle,Dining & Drinks:Restaurants,-51.52
2024-10-15,Chipotle,Dining & Drinks:Restaurants,-17.96
2024-10-15,Bartell Drugs,Health:Pharmacy,-7.71
2024-10-15,Gieco,Auto & Transport:Car Insurance,-92.96
2024-10-15,Amazon,Shopping:Electronics,-19.82
2024-10-15,Uber,Auto & Transport,-11.96
2024-10-15,Panda Express,Dining & Drinks:Restaurants,-1.32
2024-10-15,YouTube,Software ,-15.42
2024-10-15,Amazon,Shopping:Electronics,-11.01
2024-10-15,Chevron,Auto & Transport:Gas & Fuel,-49.52
2024-10-15,Frying Fish,Dining & Drinks:Restaurants,-20.22
2024-10-15,Five Guys,Dining & Drinks:Restaurants,-38.12
2024-10-15,Mayuri,Dining & Drinks:Restaurants,-10.97
2024-10-15,Mod Pizza,Dining & Drinks:Restaurants,-16.84
2024-10-15,Nike,Shopping:Clothing,-187.34
2024-10-16,Netflix,Entertainment,-17.07
2024-10-16,Frying Fish,Dining & Drinks:Restaurants,-20.22
2024-10-16,QFC Foods,Groceries,-22.34
2024-10-16,Panda Express,Dining & Drinks:Restaurants,-2.64
2024-10-17,Comcast,Utilities,-70.0
2024-10-17,PSE,Utilities:Gas & Electric,-37.73
2024-10-17,Amazon,Shopping:Electronics,-17.01
2024-10-17,Chipotle,Dining & Drinks:Restaurants,-10.3
2024-10-17,Amazon,Shopping:Electronics,-88.15
2024-10-18,Google,Software ,-7.7
2024-10-18,Uber,Auto & Transport,-11.9
2024-10-18,ATM,Cash & ATM,-100.0
2024-10-18,Uber,Auto & Transport,-1.0
2024-10-18,Teradata,Personal Income:Paycheck,5499.08
2024-10-21,Uber,Auto & Transport,-1.0
2024-10-21,Amazon,Shopping:Electronics,-17.62
2024-10-21,Uber,Auto & Transport,-14.23
2024-10-21,Shake Shack,Dining & Drinks:Restaurants,-44.7
2024-10-21,Mayuri,Dining & Drinks:Restaurants,-10.97
2024-10-21,Zia School Lunch,Dining & Drinks,-252.95
2024-10-21,Amazon,Shopping:Electronics,-16.52
2024-10-21,Belle Pastry,Dining & Drinks:Restaurants,-3.75
2024-10-21,QFC Foods,Groceries,-17.16
2024-10-21,Panda Express,Dining & Drinks:Restaurants,-2.64
2024-10-21,PCC Market,Groceries,-8.38
2024-10-21,Frying Fish,Dining & Drinks:Restaurants,-20.22
2024-10-21,Amazon,Shopping:Electronics,-9.91
2024-10-21,Uber,Auto & Transport,-13.91
2024-10-21,Amazon,Shopping:Electronics,-264.45
2024-10-21,T Mobile,Utilities:Phone,-75.0
2024-10-21,Uber,Auto & Transport,-1.0
2024-10-21,Chipotle,Dining & Drinks:Restaurants,-31.41
2024-10-21,Jersey Mikes,Dining & Drinks:Restaurants,-39.27
2024-10-21,Panda Express,Dining & Drinks:Restaurants,-2.64
2024-10-22,Uber,Auto & Transport,-12.97
2024-10-22,Panda Express,Dining & Drinks:Restaurants,-2.64
2024-10-23,Chipotle,Dining & Drinks:Restaurants,-13.72
2024-10-23,Amazon,Shopping:Electronics,-77.13
2024-10-24,Uber,Auto & Transport,-1.0
2024-10-24,Frying Fish,Dining & Drinks:Restaurants,-29.09
2024-10-24,Uber,Auto & Transport,-10.92
2024-10-24,Uber,Auto & Transport,-13.97
2024-10-24,Uber,Auto & Transport,-12.94
2024-10-25,Wa OFM,Personal Income:Paycheck,1021.67
2024-10-25,Panda Express,Dining & Drinks:Restaurants,-2.64
2024-10-28,Frying Fish,Dining & Drinks:Restaurants,-20.22
2024-10-28,Uber,Auto & Transport,-27.94
2024-10-28,Panda Express,Dining & Drinks:Restaurants,-2.64
2024-10-28,Huel,Dining & Drinks:Restaurants,-133.9
2024-10-28,Amazon,Shopping:Electronics,-7.7
2024-10-28,Rose Hill Car Wash Kirkland Wa 10/26,Auto & Transport:Service & Parts,-44.11
2024-10-28,QFC Foods,Groceries,-12.02
2024-10-28,Chipotle,Dining & Drinks:Restaurants,-44.63
2024-10-28,Panda Express,Dining & Drinks:Restaurants,-2.42
2024-10-28,Shake Shack,Dining & Drinks:Restaurants,-54.61
2024-10-28,Uber,Auto & Transport,-10.92
2024-10-28,Uber,Auto & Transport,-8.9
2024-10-28,Uber,Auto & Transport,-11.93
2024-10-28,Uber,Auto & Transport,-22.14
2024-10-29,Sqsp* Invxxxxx2816 Httpssquaresp Ny 10/29,Uncategorized,-7.93
2024-10-29,Uber,Auto & Transport,-12.29
2024-10-29,Panda Express,Dining & Drinks:Restaurants,-2.64
2024-10-30,QFC Foods,Groceries,-11.01
2024-10-30,Amazon,Shopping:Electronics,-6.6
2024-10-31,Panda Express,Dining & Drinks:Restaurants,-2.64
2024-10-31,Senske Lawn,Home,-176.16
2024-10-31,UiPath,Personal Income:Paycheck,5173.86
2024-10-31,Uber,Auto & Transport,-15.93
2024-11-01,Chase Mortgage,Home:Mortgage,-5731.98
2024-11-01,Teradata,Personal Income:Paycheck,5763.03
2024-11-01,ATM,Cash & ATM,-100.0
2024-11-01,Stefanini,Personal Income:Paycheck,4136.17
2024-11-04,Shake Shack,Dining & Drinks:Restaurants,-49.66
2024-11-04,Amazon,Shopping:Electronics,-27.48
2024-11-04,Uber,Auto & Transport,-11.94
2024-11-04,Bartell Drugs,Health:Pharmacy,-2.04
2024-11-04,Panda Express,Dining & Drinks:Restaurants,-2.64
2024-11-04,Uber,Auto & Transport,-12.98
2024-11-04,Uber,Auto & Transport,-6.32
2024-11-04,QFC Foods,Groceries,-32.15
2024-11-04,Ihop,Dining & Drinks:Restaurants,-47.08
2024-11-04,Amazon,Shopping:Electronics,-29.74
2024-11-04,QFC Foods,Groceries,-35.73
2024-11-04,Chipotle,Dining & Drinks:Restaurants,-24.02
2024-11-04,Uber,Auto & Transport,-7.91
2024-11-04,Huel,Dining & Drinks:Restaurants,-117.0
2024-11-04,Amazon,Shopping:Electronics,-61.53
2024-11-05,American Gen Lif Ins_paymt Ppd Id:,Financial:Life Insurance,-102.03
2024-11-05,Frying Fish,Dining & Drinks:Restaurants,-20.22
2024-11-05,Amli Spring District,Home:Rent,-3055.79
2024-11-05,QFC Foods,Groceries,-21.51
2024-11-06,Uber,Auto & Transport,-14.92
2024-11-06,Panda Express,Dining & Drinks:Restaurants,-2.64
2024-11-06,Chipotle,Dining & Drinks:Restaurants,-30.91
2024-11-06,Panda Express,Dining & Drinks:Restaurants,-2.64
2024-11-06,Chevron,Auto & Transport:Gas & Fuel,-50.0
2024-11-07,Chipotle,Dining & Drinks:Restaurants,-46.39
2024-11-07,Barber Shop,Personal Care:Hair,-50.0
2024-11-07,Panda Express,Dining & Drinks:Restaurants,-2.64
2024-11-07,Uber,Auto & Transport,-5.5
2024-11-07,Bellevue School District,Education:Tuition,-297.0
2024-11-07,Uber,Auto & Transport,-8.92
2024-11-07,Soylent,Groceries,-200.0
2024-11-07,Audible,Shopping:Books,-8.68
2024-11-07,Chatgpt,Work Expenses,-22.04
2024-11-07,Uber,Auto & Transport,-14.94
2024-11-08,Chipotle,Dining & Drinks:Restaurants,-10.3
2024-11-08,Chipotle,Dining & Drinks:Restaurants,-24.02
2024-11-08,Uber,Auto & Transport,-9.97
2024-11-08,Wa OFM,Personal Income:Paycheck,1021.67
2024-11-12,Panda Express,Dining & Drinks:Restaurants,-2.42
2024-11-12,YouTube,Software ,-15.42
2024-11-12,Gieco,Auto & Transport:Car Insurance,-92.96
2024-11-12,Five Guys,Dining & Drinks:Restaurants,-38.12
2024-11-12,Uber,Auto & Transport,-13.97
2024-11-12,Uber,Auto & Transport,-18.98
2024-11-12,Bitcoin,Investments ,-20.0
2024-11-12,Uber,Auto & Transport,-13.95
2024-11-12,Safeway,Groceries,-26.35
2024-11-12,Five Guys,Dining & Drinks:Restaurants,-18.16
2024-11-12,Uber,Auto & Transport,-12.91
2024-11-12,Uber,Auto & Transport,-5.5
2024-11-12,HBO Max,Entertainment,-18.72
2024-11-12,Panda Express,Dining & Drinks:Restaurants,-29.64
2024-11-12,Bitcoin,Investments ,-200.0
2024-11-12,Jersey Mikes,Dining & Drinks:Restaurants,-22.24
2024-11-14,Uber,Auto & Transport,-12.97
2024-11-14,Panda Express,Dining & Drinks:Restaurants,-2.64
2024-11-15,QFC Foods,Groceries,-10.97
2024-11-15,Stefanini,Personal Income:Paycheck,5251.13
2024-11-15,UiPath,Personal Income:Paycheck,5173.88
2024-11-15,Teradata,Personal Income:Paycheck,5763.04
2024-11-18,Flickr.com Flickr.com Ca 11/17,Health,-146.55
2024-11-18,Mod Pizza,Dining & Drinks:Restaurants,-36.56
2024-11-18,Uber,Auto & Transport,-13.99
2024-11-18,Uber,Auto & Transport,-12.98
2024-11-18,Comcast,Utilities,-70.0
2024-11-18,Chipotle,Dining & Drinks:Restaurants,-41.88
2024-11-18,Uber,Auto & Transport,-15.93
2024-11-18,PSE,Utilities:Gas & Electric,-32.35
2024-11-18,Panda Express,Dining & Drinks:Restaurants,-43.1
2024-11-18,Five Guys,Dining & Drinks:Restaurants,-40.03
2024-11-18,Panda Express,Dining & Drinks:Restaurants,-2.64
2024-11-18,Joecoffee-down Pour C Xxx-xxxx3212 Wa 11/17,Dining & Drinks:Coffee Shops,-5.52
2024-11-18,Uber,Auto & Transport,-16.94
2024-11-18,Safeway,Groceries,-7.49
2024-11-18,Panda Express,Dining & Drinks:Restaurants,-2.64
2024-11-18,Netflix,Entertainment,-17.07
2024-11-19,QFC Foods,Groceries,-16.48
2024-11-19,Frying Fish,Dining & Drinks:Restaurants,-29.09
2024-11-20,Panda Express,Dining & Drinks:Restaurants,-2.64
2024-11-20,T Mobile,Utilities:Phone,-75.0
2024-11-21,Amazon Prime,Shopping,-16.52
2024-11-22,Chipotle,Dining & Drinks:Restaurants,-59.12
2024-11-22,Bottle & Bull,Dining & Drinks,-95.96
2024-11-22,QFC Foods,Groceries,-30.98
2024-11-22,Panda Express,Dining & Drinks:Restaurants,-2.64
2024-11-25,Uber,Auto & Transport,-14.95
2024-11-25,Chipotle,Dining & Drinks:Restaurants,-82.43
2024-11-25,Uber,Auto & Transport,-5.5
2024-11-25,Belle Pastry,Dining & Drinks:Restaurants,-4.13
2024-11-25,Shake Shack,Dining & Drinks:Restaurants,-38.08
2024-11-25,Wa OFM,Personal Income:Paycheck,1021.67
2024-11-25,Uber,Auto & Transport,-14.97
2024-11-25,Uber,Auto & Transport,-14.93
2024-11-25,Uber,Auto & Transport,-14.95
2024-11-25,Uber,Auto & Transport,-14.23
2024-11-25,Panda Express,Dining & Drinks:Restaurants,-2.64
2024-11-25,Bellevue Rink Clover.com Wa 11/23,Dining & Drinks,-20.0
2024-11-25,Panda Express,Dining & Drinks:Restaurants,-2.64
2024-11-26,Bellevue Brewery,Dining & Drinks:Restaurants,-105.34
2024-11-26,QFC Foods,Groceries,-28.96
2024-11-27,Uber,Auto & Transport,-13.94
2024-11-27,Amazon,Shopping:Electronics,-17.0
2024-11-27,Panda Express,Dining & Drinks:Restaurants,-2.64
2024-11-29,Chevron,Auto & Transport:Gas & Fuel,-50.5
2024-11-29,Frying Fish,Dining & Drinks:Restaurants,-22.75
2024-11-29,Panda Express,Dining & Drinks:Restaurants,-2.87
2024-11-29,Teradata,Personal Income:Paycheck,5763.02
2024-11-29,UiPath,Personal Income:Paycheck,5173.86
2024-11-29,Starbucks,Dining & Drinks:Restaurants,-5.23
2024-11-29,Stefanini,Personal Income:Paycheck,4727.89
2024-11-29,Sqsp* Invxxxxx3561 Httpssquaresp Ny 11/29,Dining & Drinks:Restaurants,-7.93
2024-11-29,Shell,Auto & Transport:Gas & Fuel,-9.4
2024-12-02,Mayuri,Dining & Drinks:Restaurants,-17.63
2024-12-02,QFC Foods,Groceries,-39.2
2024-12-02,Bartell Drugs,Health:Pharmacy,-2.04
2024-12-02,Gene Juarez Bellevue Bellevue Wa 11/30,Personal Care:Hair,-109.0
2024-12-02,Jersey Mikes,Dining & Drinks:Restaurants,-39.06
2024-12-02,Starbucks,Dining & Drinks:Restaurants,-3.25
2024-12-02,Mercury,Dining & Drinks:Coffee Shops,-6.12
2024-12-02,Amazon,Shopping:Electronics,-260.06
2024-12-02,Panda Express,Dining & Drinks:Restaurants,-2.64
2024-12-02,Amazon,Shopping,-6.6
2024-12-02,Chipotle,Dining & Drinks:Restaurants,-46.39
2024-12-02,Shake Shack,Dining & Drinks:Restaurants,-65.08
2024-12-02,Chase Mortgage,Home:Mortgage,-5731.98
2024-12-02,Alimony,Home,-815.0
2024-12-02,Chipotle,Dining & Drinks:Restaurants,-40.22
2024-12-02,Uber,Auto & Transport,-15.97
2024-12-03,Hollister,Shopping:Clothing,-38.53
2024-12-03,Amli Spring District,Home:Rent,-3077.13
2024-12-03,Pacsun,Shopping:Clothing,-49.59
2024-12-04,The Economist,Shopping:Books,-351.54
2024-12-04,Uber,Auto & Transport,-11.91
2024-12-04,American Gen Lif Ins_paymt Ppd Id:,Financial:Life Insurance,-102.03
2024-12-04,The Economist Xxx-xxx-7685 Ny 12/04,Work Expenses,-351.54
2024-12-05,Uber,Auto & Transport,-14.32
2024-12-05,Frying Fish,Dining & Drinks:Restaurants,-21.49
2024-12-05,Panda Express,Dining & Drinks:Restaurants,-2.42
2024-12-05,Whole Foods,Groceries,-49.08
2024-12-05,Uber,Auto & Transport,-9.91
2024-12-06,Panda Express,Dining & Drinks:Restaurants,-2.64
2024-12-06,Amazon,Shopping:Electronics,-220.39
2024-12-09,Panda Express,Dining & Drinks:Restaurants,-2.64
2024-12-09,Chipotle,Dining & Drinks:Restaurants,-31.9
2024-12-09,Mod Pizza,Dining & Drinks:Restaurants,-37.16
2024-12-09,Panda Express,Dining & Drinks:Restaurants,-29.64
2024-12-09,Five Guys,Dining & Drinks:Restaurants,-38.12
2024-12-09,Chatgpt,Work Expenses,-22.04
2024-12-09,Panda Express,Dining & Drinks:Restaurants,-2.64
2024-12-09,HBO Max,Entertainment,-18.72
2024-12-09,Wwp Senske Lawn,Personal Income,176.16
2024-12-10,Panda Express,Dining & Drinks:Restaurants,-2.64
2024-12-10,Wa OFM,Personal Income:Paycheck,1021.68
2024-12-11,Uber,Auto & Transport,-13.93
2024-12-11,QFC Foods,Groceries,-38.77
2024-12-12,YouTube,Software ,-15.42
2024-12-12,Gieco,Auto & Transport:Car Insurance,-92.96
2024-12-12,Bartell Drugs,Health:Pharmacy,-7.71
2024-12-12,Panda Express,Dining & Drinks:Restaurants,-2.64
2024-12-13,UiPath,Personal Income:Paycheck,5173.88
2024-12-13,QFC Foods,Groceries,-24.16
2024-12-13,Teradata,Personal Income:Paycheck,5740.37
2024-12-13,Stefanini,Personal Income:Paycheck,4136.16
2024-12-16,Chipotle,Dining & Drinks:Restaurants,-42.54
2024-12-16,Blazing Bagels,Dining & Drinks:Restaurants,-25.73
2024-12-16,ATM,Cash & ATM,-100.0
2024-12-16,Five Guys,Dining & Drinks:Restaurants,-42.17
2024-12-16,Uber,Auto & Transport,-13.95
2024-12-16,QFC Foods,Groceries,-37.42
2024-12-16,Lastpass.com,Shopping:Electronics,-39.67
2024-12-16,Uber,Auto & Transport,-11.93
2024-12-16,Uber,Auto & Transport,-13.94
2024-12-16,Uber,Auto & Transport,-13.18
2024-12-16,Panda Express,Dining & Drinks:Restaurants,-2.64
2024-12-16,Panda Express,Dining & Drinks:Restaurants,-2.42
2024-12-16,Netflix,Entertainment,-17.07
2024-12-16,Panda Express,Dining & Drinks:Restaurants,-15.88
2024-12-16,Huel,Dining & Drinks:Restaurants,-117.0
2024-12-16,Starbucks,Dining & Drinks:Restaurants,-3.25
2024-12-17,Uber,Auto & Transport,-10.92
2024-12-17,Uber,Auto & Transport,-13.23
2024-12-17,Comcast,Utilities,-70.0
2024-12-17,Alimony,Home,-176.0
2024-12-17,Panda Express,Dining & Drinks:Restaurants,-2.42
2024-12-18,Uber,Auto & Transport,-24.16
2024-12-18,Whole Foods,Groceries,-34.2
2024-12-18,PSE,Utilities:Gas & Electric,-31.58
2024-12-18,Panda Express,Dining & Drinks:Restaurants,-2.64
2024-12-19,Uber,Auto & Transport,-9.97
2024-12-19,QFC Foods,Groceries,-20.91
2024-12-19,Panda Express,Dining & Drinks:Restaurants,-2.64
2024-12-20,Panda Express,Dining & Drinks:Restaurants,-2.64
2024-12-20,Lululemon,Shopping:Clothing,-108.0
2024-12-20,"Cursor, Ai Powered I Httpscursor.c Ny 12/19",Uncategorized,-192.0
2024-12-20,T Mobile,Utilities:Phone,-75.0
2024-12-23,Panda Express,Dining & Drinks:Restaurants,-42.88
2024-12-23,Uber,Auto & Transport,-13.94
2024-12-23,Lumens,Home:Furnishings,-15.42
2024-12-23,Amazon Prime,Shopping,-16.52
2024-12-23,Lumens,Home:Furnishings,-24.8
2024-12-23,Panda Express,Dining & Drinks:Restaurants,-2.64
2024-12-23,Uber,Auto & Transport,-43.9
2024-12-23,Lumens,Home:Furnishings,-11.02
2024-12-23,Uber,Auto & Transport,-40.39
2024-12-23,Shake Shack,Dining & Drinks:Restaurants,-66.18
2024-12-23,Uber,Auto & Transport,-7.79
2024-12-23,Lululemon Bellevue Bellevue,Personal Income,108.0
2024-12-23,Amazon Prime,Shopping,-3.29
2024-12-23,Uber,Auto & Transport,-14.98
2024-12-23,Chipotle,Dining & Drinks:Restaurants,-24.02
2024-12-23,Starbucks,Dining & Drinks:Restaurants,-3.8
2024-12-23,Chipotle,Dining & Drinks:Restaurants,-42.54
2024-12-23,Uber,Auto & Transport,-13.9
2024-12-24,Chevron,Auto & Transport:Gas & Fuel,-49.08
2024-12-24,Wa OFM,Personal Income:Paycheck,1021.67
2024-12-24,Starbucks,Dining & Drinks:Restaurants,-3.8
2024-12-24,Panda Express,Dining & Drinks:Restaurants,-2.64
2024-12-26,Starbucks,Dining & Drinks:Restaurants,-15.29
2024-12-26,QFC Foods,Groceries,-37.04
2024-12-26,Panda Express,Dining & Drinks:Restaurants,-2.64
2024-12-27,Mayuri,Dining & Drinks:Restaurants,-17.63
2024-12-27,Teradata,Personal Income:Paycheck,5695.29
2024-12-27,QFC Foods,Groceries,-8.41
2024-12-27,Stefanini,Personal Income:Paycheck,5251.14
2024-12-27,Tst* Beecher's Handmade Bellevue Wa 12/27,Dining & Drinks:Restaurants,-4.13
2024-12-30,Sqsp* Invxxxxx5664 Httpssquaresp Ny 12/29,Uncategorized,-7.93
2024-12-30,Amazon,Shopping,-6.6
2024-12-30,Whole Foods,Groceries,-34.09
2024-12-30,Panda Express,Dining & Drinks:Restaurants,-2.64
2024-12-30,Audible,Shopping:Books,-16.47
2024-12-30,Starbucks,Dining & Drinks:Restaurants,-3.8
2024-12-30,Five Guys,Dining & Drinks:Restaurants,-38.12
2024-12-30,Filson,Shopping,-234.17
2024-12-30,Ihop,Dining & Drinks:Restaurants,-50.58
2024-12-30,Chipotle,Dining & Drinks:Restaurants,-25.35
2024-12-30,Mayuri,Dining & Drinks:Restaurants,-2.99
2024-12-30,Chipotle,Dining & Drinks:Restaurants,-26.5
2024-12-30,Chipotle,Dining & Drinks:Restaurants,-45.84
2024-12-31,Hollister New Albany,Personal Income,30.81
2024-12-31,QFC Foods,Groceries,-13.65
2024-12-31,UiPath,Personal Income:Paycheck,5173.86
2024-12-31,Shake Shack,Dining & Drinks:Restaurants,-43.04
2024-12-31,Applebees,Dining & Drinks:Restaurants,-57.86
2025-01-02,Chipotle,Dining & Drinks:Restaurants,-24.02
2025-01-02,Mod Pizza,Dining & Drinks:Restaurants,-32.81
2025-01-02,Bellevue School District,Education:Tuition,-700.0
2025-01-02,Chipotle,Dining & Drinks:Restaurants,-27.16
2025-01-02,Potbelly,Dining & Drinks:Restaurants,-32.67
2025-01-02,Chase Mortgage,Home:Mortgage,-5731.98
2025-01-03,Shake Shack,Dining & Drinks:Restaurants,-61.94
2025-01-03,Chipotle,Dining & Drinks:Restaurants,-36.81
2025-01-03,Alimony,Home,-1670.0
2025-01-03,Amli Spring District,Home:Rent,-3074.75
2025-01-03,QFC Foods,Groceries,-22.82
2025-01-05,ATM,Cash & ATM,-100.0
2025-01-06,Chipotle,Dining & Drinks:Restaurants,-25.9
2025-01-06,Jamba Juice,Dining & Drinks,-9.36
2025-01-06,Whole Foods,Groceries,-30.11
2025-01-06,Huel,Dining & Drinks:Restaurants,-133.9
2025-01-06,Chipotle,Dining & Drinks:Restaurants,-24.02
2025-01-06,Ihop,Dining & Drinks:Restaurants,-47.79
2025-01-06,Five Guys,Dining & Drinks:Restaurants,-41.93
2025-01-06,Mattress Depot,Home:Furnishings,-797.85
2025-01-06,Uber,Auto & Transport,-12.95
2025-01-06,Barber Shop,Personal Care:Hair,-55.0
2025-01-06,Audible,Shopping:Books,-5.36
2025-01-06,Starbucks,Dining & Drinks:Restaurants,-3.8
2025-01-06,Panda Express,Dining & Drinks:Restaurants,-2.64
2025-01-06,Bartell Drugs,Health:Pharmacy,-2.04
2025-01-07,Soylent,Groceries,-96.0
2025-01-07,AIG,Financial:Life Insurance,-102.03
2025-01-07,Starbucks,Dining & Drinks:Restaurants,-3.8
2025-01-07,Panda Express,Dining & Drinks:Restaurants,-2.64
2025-01-08,Uber,Auto & Transport,-13.9
2025-01-08,Uber,Auto & Transport,-8.95
2025-01-09,Frying Fish,Dining & Drinks:Restaurants,-21.49
2025-01-09,Lady Yum,Dining & Drinks:Restaurants,-6.0
2025-01-09,Uber,Auto & Transport,-11.96
2025-01-09,Panda Express,Dining & Drinks:Restaurants,-2.64
2025-01-09,Uber,Auto & Transport,-12.92
2025-01-09,Uber,Auto & Transport,-12.91
2025-01-09,Old Bellevue Se Bellevue Wa 01/09 Purchase $4.58 Cash Back $10.00,Auto & Transport:Gas & Fuel,-14.58
2025-01-09,QFC Foods,Groceries,-33.29
2025-01-10,Uber,Auto & Transport,-11.93
2025-01-10,Panda Express,Dining & Drinks:Restaurants,-2.64
2025-01-10,HBO Max,Entertainment,-18.72
2025-01-10,Bartell Drugs,Health:Pharmacy,-10.0
2025-01-10,Teradata,Personal Income:Paycheck,5236.94
2025-01-10,Stefanini,Personal Income:Paycheck,4728.84
2025-01-10,Wa OFM,Personal Income:Paycheck,1058.57
2025-01-13,Panda Express,Dining & Drinks:Restaurants,-2.64
2025-01-13,Chipotle,Dining & Drinks:Restaurants,-13.72
2025-01-13,Uber,Auto & Transport,-13.95
2025-01-13,Blazing Bagels,Dining & Drinks:Restaurants,-26.86
2025-01-13,Gieco,Auto & Transport:Car Insurance,-92.96
2025-01-13,Mercury,Auto & Transport:Car Payment,-18.24
2025-01-13,YouTube,Software ,-15.42
2025-01-13,Five Guys,Dining & Drinks:Restaurants,-40.03
2025-01-13,Whole Foods,Groceries,-30.99
2025-01-13,Ups Dining & Conf Svcs Wa 01/10,Health:Doctor,-4.41
2025-01-13,Ups Dining & Conf Svcs Wa 01/10,Health:Doctor,-9.38
2025-01-13,Chevron,Auto & Transport:Gas & Fuel,-47.02
2025-01-13,QFC Foods,Groceries,-13.25
2025-01-14,Panda Express,Dining & Drinks:Restaurants,-2.64
2025-01-15,Uber,Auto & Transport,-14.33
2025-01-15,UiPath,Personal Income:Paycheck,5112.16
2025-01-15,Sqsp* Invxxxxx0207 Httpssquaresp Ny 01/15,Uncategorized,-12.0
2025-01-15,Panda Express,Dining & Drinks:Restaurants,-2.64
2025-01-15,Whole Foods,Groceries,-17.94
2025-01-16,Panda Express,Dining & Drinks:Restaurants,-2.64
2025-01-16,Starbucks,Dining & Drinks:Restaurants,-3.8
2025-01-16,Netflix,Entertainment,-17.07
2025-01-16,Uber,Auto & Transport,-14.99
2025-01-16,Uber,Auto & Transport,-12.9
2025-01-17,Starbucks,Dining & Drinks:Restaurants,-3.25
2025-01-17,Panda Express,Dining & Drinks:Restaurants,-2.64
2025-01-17,PSE,Utilities:Gas & Electric,-33.07
2025-01-17,Comcast,Utilities,-70.0
2025-01-21,Five Guys,Dining & Drinks:Restaurants,-40.03
2025-01-21,Uber,Auto & Transport,-5.5
2025-01-21,Starbucks,Dining & Drinks:Restaurants,-3.25
2025-01-21,T Mobile,Utilities:Phone,-75.0
2025-01-21,PCC Market,Groceries,-12.88
2025-01-21,Chipotle,Dining & Drinks:Restaurants,-21.27
2025-01-21,Uber,Auto & Transport,-13.94
2025-01-21,Zia Lunch,Dining & Drinks,-252.95
2025-01-21,Uber,Auto & Transport,-8.93
2025-01-21,Panda Express,Dining & Drinks:Restaurants,-2.64
2025-01-21,Ihop,Dining & Drinks:Restaurants,-47.55
2025-01-21,Starbucks,Dining & Drinks:Restaurants,-3.8
2025-01-21,Uber,Auto & Transport,-15.48
2025-01-21,Panda Express,Dining & Drinks:Restaurants,-2.64
2025-01-21,Panda Express,Dining & Drinks:Restaurants,-2.64
2025-01-21,Amazon Prime,Shopping,-16.52
2025-01-21,Relaxing Station,Dining & Drinks:Restaurants,-56.0
2025-01-21,One Ai Premi G.co/helppay# Ca 01/20,Software ,-22.03
2025-01-21,Panda Express,Dining & Drinks:Restaurants,-30.08
2025-01-22,Amazon Prime,Shopping,-3.29
2025-01-22,QFC Foods,Groceries,-72.68
2025-01-22,Uber,Auto & Transport,-14.94
2025-01-22,Mayuri,Dining & Drinks:Restaurants,-8.82
2025-01-23,Panda Express,Dining & Drinks:Restaurants,-2.64
2025-01-24,Uber,Auto & Transport,-13.27
2025-01-24,Stefanini,Personal Income:Paycheck,4728.86
2025-01-24,Panda Express,Dining & Drinks:Restaurants,-2.64
2025-01-24,Teradata,Personal Income:Paycheck,5407.7
2025-01-24,Wa OFM,Personal Income:Paycheck,1061.66
2025-01-27,Five Guys,Dining & Drinks:Restaurants,-40.03
2025-01-27,Uber,Auto & Transport,-14.44
2025-01-27,QFC Foods,Groceries,-11.57
2025-01-27,Huel,Dining & Drinks:Restaurants,-117.0
2025-01-27,Chipotle,Dining & Drinks:Restaurants,-21.27
2025-01-27,J.crew,Shopping:Clothing,-184.65
2025-01-27,Uber,Auto & Transport,-25.79
2025-01-27,ATM,Cash & ATM,-100.0
2025-01-27,Optum Care Wa My Char Xxx-xxx-3900 Wa 01/25,Health:Doctor,-20.0
2025-01-27,Relaxing Station,Dining & Drinks:Restaurants,-56.0
2025-01-27,Rocket 5477 Bellevue Wa Xx1640 01/26,Uncategorized,-11.58
2025-01-27,Panda Express,Dining & Drinks:Restaurants,-2.64
2025-01-27,Panda Express,Dining & Drinks:Restaurants,-2.64
2025-01-27,Blazing Bagels,Dining & Drinks:Restaurants,-13.1
2025-01-27,PCC Market,Groceries,-7.78
2025-01-27,Starbucks,Dining & Drinks:Restaurants,-3.8
2025-01-28,Audible,Shopping:Books,-16.47
2025-01-28,Filson,Shopping,234.17
2025-01-28,Panda Express,Dining & Drinks:Restaurants,-2.64
2025-01-29,Cinemark,Entertainment,-10.96
2025-01-29,Panda Express,Dining & Drinks:Restaurants,-2.64
2025-01-29,Cinemark,Entertainment,-7.47
2025-01-29,Squarespace,Home,-7.93
2025-01-29,Huel,Dining & Drinks:Restaurants,-117.0
2025-01-30,Whole Foods,Groceries,-49.17
2025-01-30,Panda Express,Dining & Drinks:Restaurants,-2.64
2025-01-30,Amazon,Shopping,-6.6
2025-01-31,UiPath,Personal Income:Paycheck,5112.18
2025-01-31,QFC Foods,Groceries,-30.15
2025-01-31,Panda Express,Dining & Drinks:Restaurants,-2.64
2025-02-03,Starbucks,Dining & Drinks:Restaurants,-3.25
2025-02-03,Barnes & Noble,Shopping:Books,-20.94
2025-02-03,Panda Express,Dining & Drinks:Restaurants,-2.64
2025-02-03,Uber,Auto & Transport,-16.33
2025-02-03,Shake Shack,Dining & Drinks:Restaurants,-54.52
2025-02-03,Alimony,Home,-1518.0
2025-02-03,Panda Express,Dining & Drinks:Restaurants,-26.97
2025-02-03,Chipotle,Dining & Drinks:Restaurants,-10.63
2025-02-03,Mod Pizza,Dining & Drinks:Restaurants,-32.45
2025-02-03,Starbucks,Dining & Drinks:Restaurants,-3.8
2025-02-03,Panda Express,Dining & Drinks:Restaurants,-2.64
2025-02-03,Chase Mortgage,Home:Mortgage,-5731.98
2025-02-04,Mayuri,Dining & Drinks:Restaurants,-9.99
2025-02-04,Panda Express,Dining & Drinks:Restaurants,-2.64
2025-02-04,Uber,Auto & Transport,-13.51
2025-02-04,Amli Spring District,Home:Rent,-3081.44
2025-02-05,AIG,Financial:Life Insurance,-102.03
2025-02-05,Soylent,Groceries,-200.0
2025-02-05,Panda Express,Dining & Drinks:Restaurants,-2.64
2025-02-06,Panda Express,Dining & Drinks:Restaurants,-2.64
2025-02-06,Starbucks,Dining & Drinks:Restaurants,-3.25
2025-02-06,Uber,Auto & Transport,-11.98
2025-02-06,Whole Foods,Groceries,-43.48
2025-02-07,Uber,Auto & Transport,-13.9
2025-02-07,Panda Express,Dining & Drinks:Restaurants,-2.64
2025-02-07,Stefanini,Personal Income:Paycheck,2363.45
2025-02-07,QFC Foods,Groceries,-25.28
2025-02-07,Uber,Auto & Transport,-12.9
2025-02-07,Teradata,Personal Income:Paycheck,5378.65
2025-02-10,Blazing Bagels,Dining & Drinks:Restaurants,-13.1
2025-02-10,Panda Express,Dining & Drinks:Restaurants,-2.64
2025-02-10,ATM,Cash & ATM,-100.0
2025-02-10,Ezell's Famous Chicken,Dining & Drinks:Restaurants,-35.49
2025-02-10,Starbucks,Dining & Drinks:Restaurants,-3.8
2025-02-10,Chevron,Auto & Transport:Gas & Fuel,-55.46
2025-02-10,Summit At Snoqualmie E Xxx-xxx7669 Wa 02/08,Entertainment,-178.7
2025-02-10,Chipotle,Dining & Drinks:Restaurants,-29.48
2025-02-10,Chipotle,Dining & Drinks:Restaurants,-36.2
2025-02-10,QFC Foods,Groceries,-12.49
2025-02-10,Wa OFM,Personal Income:Paycheck,1061.67
2025-02-10,Tavern Hall,Dining & Drinks,-132.16
2025-02-11,Panda Express,Dining & Drinks:Restaurants,-2.64
2025-02-11,Bartell Drugs,Health:Pharmacy,-30.0
2025-02-12,IRS,Taxes:Federal Tax,7997.0
2025-02-12,Sp Taylor Stitch Taylorstitch. Ca 02/11,Shopping:Clothing,-185.14
2025-02-12,YouTube,Software ,-15.42
2025-02-12,Uber,Auto & Transport,-14.93
2025-02-12,Gieco,Auto & Transport:Car Insurance,-100.61
2025-02-12,QFC Foods,Groceries,-20.92
2025-02-12,Panda Express,Dining & Drinks:Restaurants,-2.64
2025-02-13,Bartell Drugs,Health:Pharmacy,-2.41
2025-02-13,Uber,Auto & Transport,-12.44
2025-02-13,Uber,Auto & Transport,-11.94
2025-02-14,Starbucks,Dining & Drinks:Restaurants,-3.25
2025-02-14,Panda Express,Dining & Drinks:Restaurants,-2.64
2025-02-18,Panda Express,Dining & Drinks:Restaurants,-2.64
2025-02-18,Panda Express,Dining & Drinks:Restaurants,-2.64
2025-02-18,Panda Express,Dining & Drinks:Restaurants,-2.64
2025-02-18,Five Guys,Dining & Drinks:Restaurants,-25.67
2025-02-18,Comcast,Utilities,-122.85
2025-02-18,Mod Pizza,Dining & Drinks:Restaurants,-18.52
2025-02-18,Starbucks,Dining & Drinks:Restaurants,-3.8
2025-02-18,QFC Foods,Groceries,-41.68
2025-02-18,Starbucks,Dining & Drinks:Restaurants,-3.8
2025-02-18,Starbucks,Dining & Drinks:Restaurants,-3.8
2025-02-18,Netflix,Entertainment,-17.07
2025-02-18,Mayuri,Dining & Drinks:Restaurants,-12.99
2025-02-18,Parker Warby,Health:Eyecare,-159.79
2025-02-18,PSE,Utilities:Gas & Electric,-31.28
2025-02-18,Chipotle,Dining & Drinks:Restaurants,-21.27
2025-02-19,Uber,Auto & Transport,-14.94
2025-02-19,Uber,Auto & Transport,-15.98
2025-02-19,Panda Express,Dining & Drinks:Restaurants,-2.64
2025-02-19,Chipotle,Dining & Drinks:Restaurants,-20.61
2025-02-19,Lady Yum,Dining & Drinks:Restaurants,-6.0
2025-02-20,Starbucks,Dining & Drinks:Restaurants,-3.8
2025-02-20,T Mobile,Utilities:Phone,-75.0
2025-02-20,Soylent,Groceries,-129.0
2025-02-20,Google,Software ,-22.03
2025-02-20,Panda Express,Dining & Drinks:Restaurants,-2.64
2025-02-21,Panda Express,Dining & Drinks:Restaurants,-2.64
2025-02-21,Amazon Prime,Shopping,-16.52
2025-02-21,Amazon,Shopping:Electronics,-25.19
2025-02-21,Teradata,Personal Income:Paycheck,5398.02
2025-02-22,Edelmann,Shopping:Clothing,-152.87
2025-02-24,Amazon Prime,Shopping,-3.29
2025-02-24,QFC Foods,Groceries,-13.86
2025-02-24,Starbucks,Dining & Drinks:Restaurants,-3.8
2025-02-24,Panda Express,Dining & Drinks:Restaurants,-2.64
2025-02-24,Uber,Auto & Transport,-12.83
2025-02-24,Starbucks,Dining & Drinks:Restaurants,-3.8
2025-02-24,Chipotle,Dining & Drinks:Restaurants,-31.9
2025-02-24,Wingstop 645 Bellevue Wa 02/22,Dining & Drinks:Restaurants,-54.53
2025-02-24,Shake Shack,Dining & Drinks:Restaurants,-54.52
2025-02-24,Panda Express,Dining & Drinks:Restaurants,-2.64
2025-02-24,Mayuri,Dining & Drinks:Restaurants,-12.06
2025-02-25,Whole Foods,Groceries,-14.15
2025-02-25,UPS,Home,-16.54
2025-02-25,QFC Foods,Groceries,-17.15
2025-02-25,Uber,Auto & Transport,-13.79
2025-02-25,Panda Express,Dining & Drinks:Restaurants,-2.64
2025-02-25,Wa OFM,Personal Income:Paycheck,1061.66
2025-02-25,Amazon,Shopping:Electronics,-211.6
2025-02-26,QFC Foods,Groceries,-11.48
2025-02-26,Panda Express,Dining & Drinks:Restaurants,-2.64
2025-02-26,Starbucks,Dining & Drinks:Restaurants,-3.25
2025-02-27,QFC Foods,Groceries,-16.99
2025-02-27,Panda Express,Dining & Drinks:Restaurants,-2.64
2025-02-28,Panda Express,Dining & Drinks:Restaurants,-2.64
2025-02-28,Audible,Shopping:Books,-16.47
2025-02-28,Starbucks,Dining & Drinks:Restaurants,-3.8
2025-03-03,Nordstrom,Shopping,-4.74
2025-03-03,Chase Mortgage,Home:Mortgage,-5731.98
2025-03-03,Uber,Auto & Transport,-13.91
2025-03-03,Panda Express,Dining & Drinks:Restaurants,-2.64
2025-03-03,Panda Express,Dining & Drinks:Restaurants,-2.64
2025-03-03,Macy's,Shopping:Clothing,-137.75
2025-03-03,Blazing Bagels,Dining & Drinks:Restaurants,-6.55
2025-03-03,Fuji Teppanyaki & Sushi,Dining & Drinks:Restaurants,-115.07
2025-03-03,Chipotle,Dining & Drinks:Restaurants,-31.9
2025-03-03,Chipotle,Dining & Drinks:Restaurants,-24.02
2025-03-03,Macy Bellevue Wa,Personal Income,137.75
2025-03-03,Chevron,Auto & Transport:Gas & Fuel,-44.14
2025-03-03,Squarespace,Home,-7.93
2025-03-03,Five Guys,Dining & Drinks:Restaurants,-40.03
2025-03-03,QFC Foods,Groceries,-5.38
2025-03-03,Blazing Bagels,Dining & Drinks:Restaurants,-27.53
2025-03-03,Amazon,Shopping,-6.6
2025-03-03,QFC Foods,Groceries,-25.63
2025-03-04,Alimony,Home,-1770.0
2025-03-04,Amli Spring District,Home:Rent,-3078.25
2025-03-04,Panda Express,Dining & Drinks:Restaurants,-2.64
2025-03-04,Uber,Auto & Transport,-12.92
2025-03-04,Starbucks,Dining & Drinks:Restaurants,-3.8
2025-03-05,Uber,Auto & Transport,-13.15
2025-03-05,Panda Express,Dining & Drinks:Restaurants,-2.64
2025-03-05,Uber,Auto & Transport,-19.92
2025-03-06,Bellevue Brewery,Dining & Drinks:Restaurants,-63.41
2025-03-06,AIG,Financial:Life Insurance,-102.03
2025-03-06,Uber,Auto & Transport,-14.98
2025-03-06,Panda Express,Dining & Drinks:Restaurants,-2.64
2025-03-06,Uber,Auto & Transport,-13.21
2025-03-07,Panda Express,Dining & Drinks:Restaurants,-2.64
2025-03-07,Uber,Auto & Transport,-19.1
2025-03-07,Teradata,Personal Income:Paycheck,16165.62
2025-03-10,Lucid Software Inc.,Home,-105.13
2025-03-10,Ihop,Dining & Drinks:Restaurants,-48.1
2025-03-10,Five Guys,Dining & Drinks:Restaurants,-40.03
2025-03-10,Uber,Auto & Transport,-13.85
2025-03-10,Uber,Auto & Transport,-14.97
2025-03-10,Assurant Ins.prem Ppd Id:,Financial,-104.0
2025-03-10,Chipotle,Dining & Drinks:Restaurants,-33.89
2025-03-10,Starbucks,Dining & Drinks:Restaurants,-3.8
2025-03-10,Shell,Auto & Transport:Gas & Fuel,-6.37
2025-03-10,Amazon,Shopping:Electronics,-17.42
2025-03-10,QFC Foods,Groceries,-2.79
2025-03-10,Wa OFM,Personal Income:Paycheck,1061.65
2025-03-10,Panda Express,Dining & Drinks:Restaurants,-2.64
2025-03-10,Starbucks,Dining & Drinks:Restaurants,-3.8
2025-03-10,Panda Express,Dining & Drinks:Restaurants,-2.64
2025-03-10,Uber,Auto & Transport,-13.91
2025-03-10,Panda Express,Dining & Drinks:Restaurants,-29.86
2025-03-11,QFC Foods,Groceries,-63.96
2025-03-11,Panda Express,Dining & Drinks:Restaurants,-2.64
2025-03-11,Amazon,Shopping:Electronics,-15.42
2025-03-11,Nudie Jeans Inc.,Shopping:Clothing,-195.0
2025-03-11,Starbucks,Dining & Drinks:Restaurants,-3.8
2025-03-12,Gieco,Auto & Transport:Car Insurance,-100.66
2025-03-12,Panda Express,Dining & Drinks:Restaurants,-2.64
2025-03-12,YouTube,Software ,-15.42
2025-03-12,Uber,Auto & Transport,-16.02
2025-03-12,HMart,Groceries,-2.49
2025-03-12,Chipotle,Dining & Drinks:Restaurants,-27.05
2025-03-13,Amazon,Shopping:Electronics,-9.22
2025-03-13,ATM,Cash & ATM,-100.0
2025-03-13,Chipotle,Dining & Drinks:Restaurants,-26.61
2025-03-13,Uber,Auto & Transport,-13.96
2025-03-13,Uber,Auto & Transport,-8.98
2025-03-14,Amazon,Shopping:Electronics,-16.29
2025-03-14,Mayuri,Dining & Drinks:Restaurants,-6.98
2025-03-14,Five Guys,Dining & Drinks:Restaurants,-40.03
2025-03-14,Uber,Auto & Transport,-15.96
2025-03-17,Mod Pizza,Dining & Drinks:Restaurants,-14.85
2025-03-17,Uber,Auto & Transport,-12.96
2025-03-17,Chipotle,Dining & Drinks:Restaurants,-27.05
2025-03-17,Prime Video *ry7hz5ke Xxx-xxx-3080 Wa 03/15,Entertainment,-5.5
2025-03-17,El Rinconsito,Dining & Drinks:Restaurants,-7.88
2025-03-17,Huel,Dining & Drinks:Restaurants,-133.9
2025-03-17,Ufc Xxx-xxx-3987 Ca 03/16,Software ,-11.01
2025-03-17,Panda Express,Dining & Drinks:Restaurants,-2.64
2025-03-17,Uber,Auto & Transport,-29.13
2025-03-17,Shake Shack,Dining & Drinks:Restaurants,-59.46
2025-03-17,Uber,Auto & Transport,-14.9
2025-03-17,El Rinconsito,Dining & Drinks:Restaurants,-43.57
2025-03-17,Comcast,Utilities,-114.85
2025-03-17,Netflix,Entertainment,-19.82
2025-03-17,Chipotle,Dining & Drinks:Restaurants,-24.35
2025-03-17,Barber Shop,Personal Care:Hair,-50.05
2025-03-18,PSE,Utilities:Gas & Electric,-36.16
2025-03-18,QFC Foods,Groceries,-32.98
2025-03-18,Jersey Mikes,Dining & Drinks:Restaurants,-51.55
2025-03-18,Uber,Auto & Transport,-43.92
2025-03-18,Uber,Auto & Transport,-42.94
2025-03-19,Uber,Auto & Transport,-12.96
2025-03-19,Panda Express,Dining & Drinks:Restaurants,-2.64
2025-03-20,Google,Software ,-22.03
2025-03-20,Starbucks,Dining & Drinks:Restaurants,-3.8
2025-03-20,Bellevue Brewery,Dining & Drinks:Restaurants,-84.59
2025-03-20,T Mobile,Utilities:Phone,-75.0
2025-03-20,Panda Express,Dining & Drinks:Restaurants,-2.64
2025-03-20,Uber,Auto & Transport,-15.97
2025-03-21,Amazon Prime,Shopping,-16.52
2025-03-21,Teradata,Personal Income:Paycheck,5528.03
2025-03-21,Uber,Auto & Transport,-12.96
2025-03-21,Panda Express,Dining & Drinks:Restaurants,-2.64
2025-03-23,Match.com,Software ,-132.17
2025-03-24,Mayuri,Dining & Drinks:Restaurants,-9.57
2025-03-24,Mayuri,Dining & Drinks:Restaurants,-22.05
2025-03-24,Five Guys,Dining & Drinks:Restaurants,-18.16
2025-03-24,Soylent,Groceries,-200.0
2025-03-24,Chipotle,Dining & Drinks:Restaurants,-31.9
2025-03-24,Uber,Auto & Transport,-13.9
2025-03-24,Woods Coffee,Dining & Drinks:Restaurants,-4.68
2025-03-24,Chevron,Auto & Transport:Gas & Fuel,-50.0
2025-03-24,Panda Express,Dining & Drinks:Restaurants,-29.86
2025-03-24,Uber,Auto & Transport,-20.22
2025-03-24,Uber,Auto & Transport,-26.97
2025-03-24,Safeway,Groceries,-25.36
2025-03-24,Starbucks,Dining & Drinks:Restaurants,-3.8
2025-03-24,Panda Express,Dining & Drinks:Restaurants,-2.64
2025-03-24,Amazon Prime,Shopping,-3.29
2025-03-24,Blazing Bagels,Dining & Drinks:Restaurants,-14.29
2025-03-25,Wa OFM,Personal Income:Paycheck,1061.66
2025-03-25,Cold Stone Creamery,Dining & Drinks:Restaurants,-7.43
2025-03-25,Panda Express,Dining & Drinks:Restaurants,-2.64
2025-03-26,Panda Express,Dining & Drinks:Restaurants,-2.64
2025-03-27,Panda Express,Dining & Drinks:Restaurants,-2.64
2025-03-27,Amazon,Shopping:Electronics,-9.99
2025-03-27,Amazon,Shopping:Electronics,-19.99
2025-03-27,Uber,Auto & Transport,-14.93
2025-03-27,Starbucks,Dining & Drinks:Restaurants,-3.8
2025-03-27,Amazon,Shopping:Electronics,-11.97
2025-03-28,Audible,Shopping:Books,-16.47
2025-03-28,Amazon,Shopping:Electronics,-11.79
2025-03-28,Panda Express,Dining & Drinks:Restaurants,-2.64
2025-03-30,Rasoi Indian Buffet,Dining & Drinks:Bars,-27.51
2025-03-31,Panda Express,Dining & Drinks:Restaurants,-2.64
2025-03-31,Squarespace,Home,-7.93
2025-03-31,Starbucks,Dining & Drinks:Restaurants,-3.8
2025-03-31,Chipotle,Dining & Drinks:Restaurants,-14.38
2025-03-31,Panda Express,Dining & Drinks:Restaurants,-2.64
2025-03-31,Mod Pizza,Dining & Drinks:Restaurants,-18.88
2025-03-31,Amazon,Shopping,-6.6
2025-03-31,Starbucks,Dining & Drinks:Restaurants,-8.15
2025-03-31,UiPath,Personal Income:Paycheck,14612.93
2025-03-31,Whole Foods,Groceries,-50.64
2025-04-01,Panda Express,Dining & Drinks:Restaurants,-2.64
2025-04-01,Mayuri,Dining & Drinks:Restaurants,-24.03
2025-04-01,QFC Foods,Groceries,-6.64
2025-04-01,Chase Mortgage,Home:Mortgage,-5731.98
2025-04-01,Alimony,Home,-1492.0
2025-04-02,Panda Express,Dining & Drinks:Restaurants,-2.64
2025-04-03,Amli Spring District,Home:Rent,-3122.04
2025-04-03,Amazon,Shopping:Electronics,-18.15
2025-04-03,Uber,Auto & Transport,-11.98
2025-04-03,AIG,Financial:Life Insurance,-102.03
2025-04-03,Panda Express,Dining & Drinks:Restaurants,-2.64
2025-04-03,QFC Foods,Groceries,-2.99
2025-04-03,Uber,Auto & Transport,-14.14
2025-04-04,Teradata,Personal Income:Paycheck,5528.03
2025-04-04,Macy's,Shopping:Clothing,-52.16
2025-04-04,Amazon,Shopping:Electronics,-55.09
2025-04-04,Panda Express,Dining & Drinks:Restaurants,-2.64
2025-04-07,Shell,Auto & Transport:Gas & Fuel,-9.98
2025-04-07,Panda Express,Dining & Drinks:Restaurants,-2.64
2025-04-07,Panda Express,Dining & Drinks:Restaurants,-2.64
2025-04-07,Amazon,Shopping:Electronics,-16.5
2025-04-07,Spring Cafe,Dining & Drinks,-7.14
2025-04-07,Uber,Auto & Transport,-12.98
2025-04-07,Starbucks,Dining & Drinks:Restaurants,-3.8
2025-04-07,Chipotle,Dining & Drinks:Restaurants,-24.02
2025-04-07,Starbucks,Dining & Drinks:Restaurants,-3.8
2025-04-07,Chipotle,Dining & Drinks:Restaurants,-13.78
2025-04-07,Shake Shack,Dining & Drinks:Restaurants,-37.99
2025-04-07,Panera Bread,Dining & Drinks:Restaurants,-11.66
2025-04-07,Cold Stone Creamery,Dining & Drinks:Restaurants,-9.53
2025-04-07,Chipotle,Dining & Drinks:Restaurants,-21.27
2025-04-07,Spring Cafe,Dining & Drinks,-23.38
2025-04-07,QFC Foods,Groceries,-2.99
2025-04-07,Five Guys,Dining & Drinks:Restaurants,-40.03
2025-04-08,Panda Express,Dining & Drinks:Restaurants,-2.64
2025-04-08,Spring Cafe,Dining & Drinks,-5.83
2025-04-08,Panera Bread,Dining & Drinks:Restaurants,-4.84
2025-04-08,Amazon,Shopping:Electronics,-20.57
2025-04-08,Jimmy John's,Dining & Drinks:Restaurants,-21.92
2025-04-08,Spring Cafe,Dining & Drinks,-21.49
2025-04-08,Mayuri,Dining & Drinks:Restaurants,-18.98
2025-04-08,QFC Foods,Groceries,-20.26
2025-04-09,Panda Express,Dining & Drinks:Restaurants,-2.64
2025-04-09,Jamba Juice,Dining & Drinks,-10.46
2025-04-09,QFC Foods,Groceries,-4.65
2025-04-09,Chick-Fil-A,Dining & Drinks:Restaurants,-15.57
2025-04-10,Uber,Auto & Transport,-66.0
2025-04-10,Panda Express,Dining & Drinks:Restaurants,-2.64
2025-04-10,Wa OFM,Personal Income:Paycheck,1061.65
2025-04-10,Mcdonald's,Dining & Drinks:Restaurants,-8.81
2025-04-10,El Rinconsito,Dining & Drinks:Restaurants,-42.57
2025-04-10,Dote Coffee Bar,Home,-22.54
2025-04-10,Mcdonald's,Dining & Drinks:Restaurants,-17.4
2025-04-11,Panda Express,Dining & Drinks:Restaurants,-2.64
2025-04-14,Starbucks,Dining & Drinks:Restaurants,-3.8
2025-04-14,Gieco,Auto & Transport:Car Insurance,-100.66
2025-04-14,Starbucks,Dining & Drinks:Restaurants,-3.8
2025-04-14,YouTube,Software ,-15.42
2025-04-14,Panda Express,Dining & Drinks:Restaurants,-2.64
2025-04-14,Panda Express,Dining & Drinks:Restaurants,-2.64
2025-04-14,Panda Express,Dining & Drinks:Restaurants,-2.64
2025-04-14,Mayuri,Dining & Drinks:Restaurants,-32.06
2025-04-15,Chipotle,Dining & Drinks:Restaurants,-14.93
2025-04-15,UiPath,Personal Income:Paycheck,4263.52
2025-04-15,Panda Express,Dining & Drinks:Restaurants,-2.64
2025-04-15,Uber,Auto & Transport,-10.94
2025-04-16,Uber,Auto & Transport,-11.98
2025-04-16,QFC Foods,Groceries,-21.16
2025-04-16,Netflix,Entertainment,-19.82
2025-04-16,Panda Express,Dining & Drinks:Restaurants,-2.64
2025-04-16,Chipotle,Dining & Drinks:Restaurants,-36.86
2025-04-16,PSE,Utilities:Gas & Electric,-34.22
2025-04-17,Amazon,Shopping:Electronics,-13.17
2025-04-17,Starbucks,Dining & Drinks:Restaurants,-3.8
2025-04-17,Comcast,Utilities,-122.85
2025-04-18,Amazon,Shopping:Electronics,-29.7
2025-04-18,Panda Express,Dining & Drinks:Restaurants,-2.64
2025-04-18,Teradata,Personal Income:Paycheck,5528.03
2025-04-21,Chipotle,Dining & Drinks:Restaurants,-24.02
2025-04-21,Five Guys,Dining & Drinks:Restaurants,-40.03
2025-04-21,Starbucks,Dining & Drinks:Restaurants,-3.8
2025-04-21,Cold Stone Creamery,Dining & Drinks:Restaurants,-8.53
2025-04-21,Uber,Auto & Transport,-10.98
2025-04-21,Uber,Auto & Transport,-26.84
2025-04-21,Google,Software ,-22.03
2025-04-21,Chipotle,Dining & Drinks:Restaurants,-31.9
2025-04-21,Ihop,Dining & Drinks:Restaurants,-40.0
2025-04-21,Amazon Prime,Shopping,-16.52
2025-04-21,Mayuri,Dining & Drinks:Restaurants,-11.98
2025-04-21,Panda Express,Dining & Drinks:Restaurants,-2.64
2025-04-21,PCC Market,Groceries,-14.98
2025-04-21,Chevron,Auto & Transport:Gas & Fuel,-52.03
2025-04-21,T Mobile,Utilities:Phone,-75.0
2025-04-22,Starbucks,Dining & Drinks:Restaurants,-3.8
2025-04-22,Panda Express,Dining & Drinks:Restaurants,-2.64
2025-04-22,Uber,Auto & Transport,-13.99
2025-04-22,Amazon,Shopping:Electronics,-91.7
2025-04-22,Amazon Prime,Shopping,-3.29
2025-04-22,Belle Pastry,Dining & Drinks:Restaurants,-3.2
2025-04-23,Panda Express,Dining & Drinks:Restaurants,-2.64
2025-04-23,QFC Foods,Groceries,-36.4
2025-04-23,Uber,Auto & Transport,-13.61
2025-04-23,Amazon,Shopping:Electronics,-26.44
2025-04-24,Panda Express,Dining & Drinks:Restaurants,-2.64
2025-04-25,Panda Express,Dining & Drinks:Restaurants,-2.64
2025-04-25,Wa OFM,Personal Income:Paycheck,1061.68
2025-04-25,Whole Foods,Groceries,-55.52
2025-04-28,Blazing Bagels,Dining & Drinks:Restaurants,-13.1
2025-04-28,Starbucks,Dining & Drinks:Restaurants,-3.8
2025-04-28,Five Guys,Dining & Drinks:Restaurants,-38.12
2025-04-28,Panda Express,Dining & Drinks:Restaurants,-31.52
2025-04-28,Chipotle,Dining & Drinks:Restaurants,-31.9
2025-04-28,Starbucks,Dining & Drinks:Restaurants,-9.15
2025-04-28,Panda Express,Dining & Drinks:Restaurants,-2.64
2025-04-28,Mayuri,Dining & Drinks:Restaurants,-6.98
2025-04-28,Panda Express,Dining & Drinks:Restaurants,-2.64
2025-04-29,Panda Express,Dining & Drinks:Restaurants,-2.64
2025-04-29,Starbucks,Dining & Drinks:Restaurants,-3.8
2025-04-29,Squarespace,Home,-9.26
2025-04-29,Mayuri,Dining & Drinks:Restaurants,-22.98
2025-04-30,Zia Lunch,Dining & Drinks,-252.95
2025-04-30,UiPath,Personal Income:Paycheck,5581.83
2025-04-30,Cinemark,Entertainment,-7.47
2025-04-30,Amazon,Shopping,-6.6
2025-04-30,Panda Express,Dining & Drinks:Restaurants,-2.64
2025-04-30,Cinemark,Entertainment,-9.04
2025-05-01,Alimony,Home,-1517.0
2025-05-01,WooPlus Body XXX-XXX-3987 CA 05/01,Software ,-49.57
2025-05-01,Woods Coffee,Dining & Drinks:Restaurants,-4.68
2025-05-01,Chase Mortgage,Home:Mortgage,-5731.98
2025-05-01,Starbucks,Dining & Drinks:Restaurants,-3.8
2025-05-02,Panda Express,Dining & Drinks:Restaurants,-2.64
2025-05-02,Teradata,Personal Income:Paycheck,5528.04
2025-05-02,Uber,Auto & Transport,-13.41
2025-05-05,Chipotle,Dining & Drinks:Restaurants,-24.02
2025-05-05,Amazon,Shopping:Electronics,-22.03
2025-05-05,Panda Express,Dining & Drinks:Restaurants,-2.64
2025-05-05,Shake Shack,Dining & Drinks:Restaurants,-56.71
2025-05-05,Amli Spring District,Home:Rent,-3082.18
2025-05-05,Starbucks,Dining & Drinks:Restaurants,-3.8
2025-05-05,QFC Foods,Groceries,-17.63
2025-05-05,AIG,Financial:Life Insurance,-102.03
2025-05-05,QFC Foods,Groceries,-6.72
2025-05-05,Chipotle,Dining & Drinks:Restaurants,-24.02
2025-05-06,Jersey Mikes,Dining & Drinks:Restaurants,-49.04
2025-05-06,Panda Express,Dining & Drinks:Restaurants,-2.64
2025-05-07,Panda Express,Dining & Drinks:Restaurants,-2.64
2025-05-07,Mayuri,Dining & Drinks:Restaurants,-3.99
2025-05-08,Panda Express,Dining & Drinks:Restaurants,-2.64
2025-05-09,Tst*203 Fahrenheit Coff Kirkland Wa 05/08,Dining & Drinks:Coffee Shops,-13.77
2025-05-09,Panda Express,Dining & Drinks:Restaurants,-2.64
2025-05-09,Wa OFM,Personal Income:Paycheck,1061.65
2025-05-12,Chevron,Auto & Transport:Gas & Fuel,-51.26
2025-05-12,YouTube,Software ,-15.42
2025-05-12,PCC Market,Groceries,-19.24
2025-05-12,Gustin Denim,Shopping:Clothing,-221.51
2025-05-12,Chipotle,Dining & Drinks:Restaurants,-21.27
2025-05-12,Mayuri,Dining & Drinks:Restaurants,-11.98
2025-05-12,Safeway,Groceries,-7.98
2025-05-12,Panda Express,Dining & Drinks:Restaurants,-2.64
2025-05-12,Gieco,Auto & Transport:Car Insurance,-100.66
2025-05-12,QFC Foods,Groceries,-9.99
2025-05-12,Shake Shack,Dining & Drinks:Restaurants,-63.06
2025-05-12,Mod Pizza,Dining & Drinks:Restaurants,-34.34
2025-05-12,Sanebox,Software ,-59.0
2025-05-12,Panda Express,Dining & Drinks:Restaurants,-2.64
2025-05-13,Belle Pastry,Dining & Drinks:Restaurants,-4.0
2025-05-13,Bitcoin,Investments ,-100000.0
2025-05-13,Jersey Mikes,Dining & Drinks:Restaurants,-31.87
2025-05-13,Panda Express,Dining & Drinks:Restaurants,-2.38
2025-05-13,Amazon,Shopping:Electronics,-14.99
2025-05-13,Amazon,Shopping:Electronics,-9.55
2025-05-13,Uber,Auto & Transport,-14.95
2025-05-14,Panda Express,Dining & Drinks:Restaurants,-2.64
2025-05-14,Mayuri,Dining & Drinks:Restaurants,-13.97
2025-05-15,Project Syndicate,Shopping:Books,-200.0
2025-05-15,Uber,Auto & Transport,-14.17
2025-05-15,UiPath,Personal Income:Paycheck,5627.48
2025-05-16,Teradata,Personal Income:Paycheck,5528.03
2025-05-16,Netflix,Entertainment,-19.82
2025-05-16,PSE,Utilities:Gas & Electric,-33.77
2025-05-16,Panda Express,Dining & Drinks:Restaurants,-2.38
2025-05-19,Panda Express,Dining & Drinks:Restaurants,-1.09
2025-05-19,Jersey Mikes,Dining & Drinks:Restaurants,-27.67
2025-05-19,Five Guys,Dining & Drinks:Restaurants,-38.12
2025-05-19,Barber Shop,Personal Care:Hair,-45.0
2025-05-19,Uber,Auto & Transport,-10.99
2025-05-19,Panda Express,Dining & Drinks:Restaurants,-2.64
2025-05-19,Five Guys,Dining & Drinks:Restaurants,-40.0
2025-05-19,Comcast,Utilities,-122.85
2025-05-19,Mayuri,Dining & Drinks:Restaurants,-12.99
2025-05-19,Chipotle,Dining & Drinks:Restaurants,-13.72
2025-05-20,Google,Software ,-22.03
2025-05-20,Panda Express,Dining & Drinks:Restaurants,-2.38
2025-05-20,T Mobile,Utilities:Phone,-75.0
2025-05-20,Vehicle Licensing,Fees & Charges,-221.71
2025-05-21,Uber,Auto & Transport,-14.9
2025-05-21,Amazon Prime,Shopping,-16.52
2025-05-21,Panda Express,Dining & Drinks:Restaurants,-2.64
2025-05-22,Amazon Prime,Shopping,-3.29
2025-05-22,Quicken WillMaker,Software ,-193.07
2025-05-22,Panda Express,Dining & Drinks:Restaurants,-2.64
2025-05-23,Wa OFM,Personal Income:Paycheck,1061.66
2025-05-23,QFC Foods,Groceries,-68.06
2025-05-23,Panda Express,Dining & Drinks:Restaurants,-2.64
2025-05-27,Five Guys,Dining & Drinks:Restaurants,-40.03
2025-05-27,Mayuri,Dining & Drinks:Restaurants,-25.97
2025-05-27,PCC Market,Groceries,-17.89
2025-05-27,Panda Express,Dining & Drinks:Restaurants,-2.42
2025-05-27,Cinemark,Entertainment,-15.19
2025-05-27,Uber,Auto & Transport,-11.92
2025-05-27,Huel,Dining & Drinks:Restaurants,-133.9
2025-05-27,Safeway,Groceries,-13.78
2025-05-27,Panda Express,Dining & Drinks:Restaurants,-2.64
2025-05-27,Chipotle,Dining & Drinks:Restaurants,-21.27
2025-05-27,Chipotle,Dining & Drinks:Restaurants,-25.24
2025-05-27,Lil Jon Restaurant & Lo Bellevue Wa 05/25,Dining & Drinks:Restaurants,-43.4
2025-05-27,Amazon,Shopping:Electronics,-26.99
2025-05-27,QFC Foods,Groceries,-11.37
2025-05-27,Panda Express,Dining & Drinks:Restaurants,-2.64
2025-05-27,Amazon,Shopping:Electronics,-23.13
2025-05-27,Cinemark,Entertainment,-11.41
2025-05-27,Starbucks,Dining & Drinks:Restaurants,-3.8
2025-05-27,Starbucks,Dining & Drinks:Restaurants,-3.25
2025-05-28,Bartell Drugs,Health:Pharmacy,-2.41
2025-05-28,Uber,Auto & Transport,-14.97
2025-05-29,Squarespace,Home,-9.26
2025-05-29,Panda Express,Dining & Drinks:Restaurants,-2.38
2025-05-29,Uber,Auto & Transport,-10.96
2025-05-29,Chase Mortgage,Personal Income,450.72
2025-05-30,Amazon,Shopping:Electronics,-21.82
2025-05-30,Whole Foods,Groceries,-27.61
2025-05-30,Amazon,Shopping:Electronics,-26.44
2025-05-30,Panda Express,Dining & Drinks:Restaurants,-2.64
2025-05-30,QFC Foods,Groceries,-24.02
2025-05-30,Alimony,Home,-1800.0
2025-05-30,Teradata,Personal Income:Paycheck,5528.03
2025-05-30,UiPath,Personal Income:Paycheck,5627.46
2025-05-30,Amazon,Shopping,-6.6
2025-06-02,Amazon,Shopping:Electronics,-29.82
2025-06-02,Chase Mortgage,Home:Mortgage,-5731.98
2025-06-02,Chick-Fil-A,Dining & Drinks:Restaurants,-40.54
2025-06-02,Alimony,Home,-1770.0
2025-06-02,Chipotle,Dining & Drinks:Restaurants,-21.27
2025-06-02,ATM,Cash & ATM,-100.0
2025-06-02,Uber,Auto & Transport,-13.01
2025-06-02,Starbucks,Dining & Drinks:Restaurants,-3.25
2025-06-02,Uber,Auto & Transport,-12.91
2025-06-02,Ihop,Dining & Drinks:Restaurants,-58.24
2025-06-02,Panda Express,Dining & Drinks:Restaurants,-2.38
2025-06-02,Jersey Mikes,Dining & Drinks:Restaurants,-47.04
2025-06-02,Panda Express,Dining & Drinks:Restaurants,-2.87
2025-06-02,QFC Foods,Groceries,-4.94
2025-06-03,Gustin Denim,Shopping:Clothing,-155.39
2025-06-03,Amazon,Shopping:Electronics,-24.02
2025-06-03,Uber,Auto & Transport,-10.99
2025-06-03,Amazon,Shopping:Electronics,-33.31
2025-06-03,Panda Express,Dining & Drinks:Restaurants,-2.64
2025-06-03,Amli Spring District,Home:Rent,-3079.54
2025-06-04,UPS,Home,-17.0
2025-06-04,Panda Express,Dining & Drinks:Restaurants,-2.64
2025-06-04,Uber,Auto & Transport,-13.95
2025-06-04,AIG,Financial:Life Insurance,-102.03
2025-06-05,Amazon,Shopping:Electronics,-33.0
2025-06-05,Starbucks,Dining & Drinks:Restaurants,-3.8
2025-06-05,Panda Express,Dining & Drinks:Restaurants,-2.64
2025-06-06,Mayuri,Dining & Drinks:Restaurants,-21.98
2025-06-06,Panda Express,Dining & Drinks:Restaurants,-2.64
2025-06-06,QFC Foods,Groceries,-9.61
2025-06-08,Gas Station,Auto & Transport:Gas & Fuel,-52.82
2025-06-09,Safeway,Groceries,-6.99
2025-06-09,Chipotle,Dining & Drinks:Restaurants,-21.27
2025-06-09,Panda Express,Dining & Drinks:Restaurants,-1.09
2025-06-09,Ihop,Dining & Drinks:Restaurants,-46.2
2025-06-09,Amazon,Shopping:Electronics,-163.08
2025-06-09,Netflix,Entertainment,-27.52
2025-06-09,Chipotle,Dining & Drinks:Restaurants,-25.9
2025-06-09,Amazon,Shopping:Electronics,-428.67
2025-06-09,Panda Express,Dining & Drinks:Restaurants,-2.64
2025-06-09,Amazon,Shopping:Electronics,-28.63
2025-06-09,Five Guys,Dining & Drinks:Restaurants,-39.78
2025-06-10,Uber,Auto & Transport,-14.98
2025-06-10,Panda Express,Dining & Drinks:Restaurants,-2.64
2025-06-11,QFC Foods,Groceries,-37.33
2025-06-11,Amazon,Shopping:Electronics,-20.06
2025-06-11,Panda Express,Dining & Drinks:Restaurants,-2.64
2025-06-11,Amazon,Shopping:Electronics,-143.25
2025-06-12,Panda Express,Dining & Drinks:Restaurants,-2.64
2025-06-12,Uber,Auto & Transport,-13.93
2025-06-12,Gieco,Auto & Transport:Car Insurance,-100.66
2025-06-12,YouTube,Entertainment,-15.42
2025-06-12,Amazon,Shopping:Electronics,-16.52
2025-06-12,Amazon,Shopping:Electronics,-16.53
2025-06-12,Huel,Dining & Drinks:Restaurants,-117.0
2025-06-13,Uber,Auto & Transport,-12.95
2025-06-13,Amazon,Shopping:Electronics,-27.49
2025-06-13,Five Guys,Dining & Drinks:Restaurants,-54.38
2025-06-13,QFC Foods,Groceries,-7.0
2025-06-13,QFC Foods,Groceries,-0.98
2025-06-16,Panda Express,Dining & Drinks:Restaurants,-2.64
2025-06-16,Bellevue School District,Education:Tuition,-800.0
2025-06-16,Amazon,Shopping:Electronics,-192.09
2025-06-16,PCC Market,Groceries,-1.49
2025-06-16,UPS,Home,-16.1
2025-06-16,Gustin Denim,Shopping:Clothing,-128.94
2025-06-16,QFC Foods,Groceries,-24.04
2025-06-16,Panda Express,Dining & Drinks:Restaurants,-2.64
2025-06-16,QFC Foods,Groceries,-3.95
2025-06-16,Mod Pizza,Dining & Drinks:Restaurants,-18.4
2025-06-16,Chipotle,Dining & Drinks:Restaurants,-24.74
2025-06-16,Uber,Auto & Transport,-63.1
2025-06-17,Comcast,Utilities,-81.7
2025-06-17,Panda Express,Dining & Drinks:Restaurants,-2.64
2025-06-17,Amazon,Shopping:Electronics,-24.99
2025-06-17,Chipotle,Dining & Drinks:Restaurants,-31.9
2025-06-17,PSE,Utilities:Gas & Electric,-33.86
2025-06-18,Five Guys,Dining & Drinks:Restaurants,-18.16
2025-06-18,Panda Express,Dining & Drinks:Restaurants,-2.64
2025-06-18,QFC Foods,Groceries,-19.86
2025-06-20,QFC Foods,Groceries,-9.15
2025-06-20,Shake Shack,Dining & Drinks:Restaurants,-37.99
2025-06-20,Panda Express,Dining & Drinks:Restaurants,-2.64
2025-06-20,Google,Software ,-22.03
2025-06-20,T Mobile,Utilities:Phone,-169.18
2025-06-20,Chipotle,Dining & Drinks:Restaurants,-24.02
2025-06-23,Starbucks,Dining & Drinks:Restaurants,-3.25
2025-06-23,Mod Pizza,Dining & Drinks:Restaurants,-33.41
2025-06-23,Amazon Prime,Shopping,-3.29
2025-06-23,Chipotle,Dining & Drinks:Restaurants,-39.07
2025-06-23,Shake Shack,Dining & Drinks:Restaurants,-57.82
2025-06-23,Mayuri,Dining & Drinks:Restaurants,-21.98
2025-06-23,Panda Express,Dining & Drinks:Restaurants,-2.64
2025-06-23,Barber Shop,Personal Care:Hair,-50.0
2025-06-23,SAT Exam,Financial,-68.0
2025-06-23,Panda Express,Dining & Drinks:Restaurants,-2.38
2025-06-23,Chipotle,Dining & Drinks:Restaurants,-13.72
2025-06-23,Amazon Prime,Shopping,-16.52
2025-06-24,Panda Express,Dining & Drinks:Restaurants,-2.64
2025-06-25,Uber,Auto & Transport,-12.94
2025-06-25,QFC Foods,Groceries,-16.32
2025-06-25,Panda Express,Dining & Drinks:Restaurants,-1.09
2025-06-26,Jimmy John's,Dining & Drinks:Restaurants,-25.21
2025-06-27,Uber,Auto & Transport,-11.92
2025-06-27,Panda Express,Dining & Drinks:Restaurants,-2.64
2025-06-30,Lil Jon Restaurant & Lo Bellevue Wa 06/28,Dining & Drinks:Restaurants,-58.35
2025-06-30,Squarespace,Home,-9.26
2025-06-30,Blazing Bagels,Dining & Drinks:Restaurants,-36.75
2025-06-30,QFC Foods,Groceries,-24.54
2025-06-30,Amazon,Shopping,-6.6
2025-06-30,Safeway,Groceries,-5.99
2025-06-30,United Airlines,Travel:Airfare,-51.01
2025-06-30,Five Guys,Dining & Drinks:Restaurants,-39.78
2025-06-30,Chipotle,Dining & Drinks:Restaurants,-28.16
2025-06-30,Panda Express,Dining & Drinks:Restaurants,-2.64
2025-06-30,Digical,Software ,-4.18
2025-06-30,Panda Express,Dining & Drinks:Restaurants,-2.38
2025-07-01,Alimony,Home,-1770.0
2025-07-01,Uber,Auto & Transport,-5.9
2025-07-01,Chase Mortgage,Home:Mortgage,-5731.98
2025-07-01,Uber,Auto & Transport,-7.96
2025-07-01,Uber,Auto & Transport,-5.93
2025-07-01,QFC Foods,Groceries,-28.97
2025-07-02,Uber,Auto & Transport,-7.95
2025-07-02,Panda Express,Dining & Drinks:Restaurants,-2.64
2025-07-03,Amli Spring District,Home:Rent,-3083.09
2025-07-03,Panda Express,Dining & Drinks:Restaurants,-1.09
2025-07-03,AIG,Financial:Life Insurance,-102.03
2025-07-06,Pacsun,Shopping:Clothing,-69.43
2025-07-07,Uber,Auto & Transport,-11.15
2025-07-07,Panda Express,Dining & Drinks:Restaurants,-29.09
2025-07-07,Amazon,Shopping:Electronics,-99.97
2025-07-07,Panda Express,Dining & Drinks:Restaurants,-2.64
2025-07-07,Amazon,Shopping:Electronics,-24.99
2025-07-07,Mayuri,Dining & Drinks:Restaurants,-11.47
2025-07-07,Panda Express,Dining & Drinks:Restaurants,-1.09
2025-07-07,Shake Shack,Dining & Drinks:Restaurants,-26.42
2025-07-07,Amazon,Shopping:Electronics,-15.37
2025-07-07,QFC Foods,Groceries,-5.99
2025-07-07,Panda Express,Dining & Drinks:Restaurants,-2.64
2025-07-07,Amazon,Shopping:Electronics,-176.26
2025-07-07,Potbelly,Dining & Drinks:Restaurants,-42.96
2025-07-07,Chipotle,Dining & Drinks:Restaurants,-24.02
2025-07-07,QFC Foods,Groceries,-17.84
2025-07-07,Potbelly,Dining & Drinks:Restaurants,-3.29
2025-07-08,Soylent,Groceries,-200.0
2025-07-08,Netflix,Entertainment,-27.52
2025-07-09,Bitcoin,Investments ,-170000.0
2025-07-09,QFC Foods,Groceries,-18.55
2025-07-09,Panda Express,Dining & Drinks:Restaurants,-2.64
2025-07-09,Uber,Auto & Transport,-10.92
2025-07-10,Panda Express,Dining & Drinks:Restaurants,-2.64
2025-07-11,Mayuri,Dining & Drinks:Restaurants,-19.06
2025-07-11,Panda Express,Dining & Drinks:Restaurants,-2.64
2025-07-11,QFC Foods,Groceries,-9.42
2025-07-11,Uber,Auto & Transport,-7.33
2025-07-14,QFC Foods,Groceries,-4.98
2025-07-14,YouTube,Entertainment,-15.42
2025-07-14,College Counseling,Education:Tuition,-1090.0
2025-07-14,Bartell Drugs,Health:Pharmacy,-10.96
2025-07-14,Premier Periodontics,Health:Dentist,-376.2
2025-07-14,Chipotle,Dining & Drinks:Restaurants,-27.72
2025-07-14,Gieco,Auto & Transport:Car Insurance,-100.65
2025-07-14,Ezells Famous Chicken,Dining & Drinks:Restaurants,-38.1
2025-07-14,QFC Foods,Groceries,-26.34
2025-07-14,Barber Shop,Personal Care:Hair,-50.0
2025-07-14,Panda Express,Dining & Drinks:Restaurants,-2.64
2025-07-14,Five Guys,Dining & Drinks:Restaurants,-39.78
2025-07-14,Panda Express,Dining & Drinks:Restaurants,-2.64
2025-07-14,Chipotle,Dining & Drinks:Restaurants,-24.02
2025-07-14,Uwajimaya,Groceries,-27.42
2025-07-15,Panda Express,Dining & Drinks:Restaurants,-2.64
2025-07-17,Amazon,Shopping:Electronics,-26.42
2025-07-17,QFC Foods,Groceries,-36.7
2025-07-17,QFC Foods,Groceries,-5.5
2025-07-17,PSE,Utilities:Gas & Electric,-43.5
2025-07-17,Amazon,Shopping:Electronics,-103.03
2025-07-17,Comcast,Utilities,-103.52
2025-07-18,Panda Express,Dining & Drinks:Restaurants,-2.64
2025-07-21,Mayuri,Dining & Drinks:Restaurants,-4.99
2025-07-21,Uber,Auto & Transport,-11.92
2025-07-21,Uber,Auto & Transport,-12.91
2025-07-21,Panda Express,Dining & Drinks:Restaurants,-2.64
2025-07-21,Ihop,Dining & Drinks:Restaurants,-54.15
2025-07-21,Shake Shack,Dining & Drinks:Restaurants,-42.95
2025-07-21,Amazon Prime,Shopping,-16.52
2025-07-21,Panda Express,Dining & Drinks:Restaurants,-2.64
2025-07-21,ATM,Cash & ATM,-100.0
2025-07-21,Chipotle,Dining & Drinks:Restaurants,-14.11
2025-07-21,Google,Software ,-22.03
2025-07-21,Amazon,Shopping:Electronics,-22.03
2025-07-21,Chipotle,Dining & Drinks:Restaurants,-25.51
2025-07-21,T Mobile,Utilities:Phone,-127.32
2025-07-22,Amazon Prime,Shopping,-3.29
2025-07-23,Amazon,Shopping:Electronics,-10.85
2025-07-23,Amazon,Shopping:Electronics,-8.8
2025-07-24,Uber,Auto & Transport,-8.91
2025-07-24,Huel,Dining & Drinks:Restaurants,-120.96
2025-07-24,Amazon,Shopping:Electronics,-253.45
2025-07-24,Amazon,Shopping:Electronics,-8.0
2025-07-28,Five Guys,Dining & Drinks:Restaurants,-38.29
2025-07-28,Amazon,Shopping:Electronics,-9.12
2025-07-28,Amazon,Shopping:Electronics,-55.08
2025-07-28,El Rinconsito,Dining & Drinks:Restaurants,-48.63
2025-07-28,Panda Express,Dining & Drinks:Restaurants,-2.76
2025-07-28,Mod Pizza,Dining & Drinks:Restaurants,-33.17
2025-07-28,Chipotle,Dining & Drinks:Restaurants,-28.16
2025-07-28,Safeway,Groceries,-40.94
2025-07-28,Tesla Car,Uncategorized,-18993.0
2025-07-28,Chevron,Auto & Transport:Gas & Fuel,-51.07
2025-07-28,Chipotle,Dining & Drinks:Restaurants,-24.63
2025-07-28,Mayuri,Dining & Drinks:Restaurants,-4.49
2025-07-28,Bartell Drugs,Health:Pharmacy,-3.63
2025-07-28,Amazon,Shopping:Electronics,-17.62
2025-07-29,PCC Market,Groceries,-10.67
2025-07-29,Chipotle,Dining & Drinks:Restaurants,-24.74
2025-07-29,PCC Market,Groceries,-6.59
2025-07-29,Squarespace,Home,-9.26
2025-07-29,QFC Foods,Groceries,-16.62
2025-07-29,PCC Market,Groceries,-1.79
2025-07-29,PCC Market,Groceries,-17.67
2025-07-30,Five Guys,Dining & Drinks:Restaurants,-3.63
2025-07-30,Chick-Fil-A,Dining & Drinks:Restaurants,-21.14
2025-07-30,Uber,Auto & Transport,-12.95
2025-07-30,Panda Express,Dining & Drinks:Restaurants,-2.76
2025-07-30,Target,Groceries,-15.39
2025-07-30,Chipotle,Dining & Drinks:Restaurants,-16.47
2025-07-30,PCC Market,Groceries,-20.34
2025-07-30,Amazon,Shopping,-6.6
2025-07-31,Panda Express,Dining & Drinks:Restaurants,-2.76
2025-07-31,Jimmy John's,Dining & Drinks:Restaurants,-3.52
2025-07-31,Chipotle,Dining & Drinks:Restaurants,-31.9
2025-07-31,Amazon,Shopping:Electronics,-39.96
2025-07-31,Uber,Auto & Transport,-12.94
2025-07-31,Spring Cafe,Dining & Drinks,-6.5
2025-07-31,Jimmy John's,Dining & Drinks:Restaurants,-49.01
2025-07-31,QFC Foods,Groceries,-2.19
2025-08-01,Mayuri,Dining & Drinks:Restaurants,-6.98
2025-08-01,Chipotle,Dining & Drinks:Restaurants,-14.44
2025-08-01,Panda Express,Dining & Drinks:Restaurants,-30.77
2025-08-01,Joe's Chicken,Dining & Drinks:Restaurants,-43.04
2025-08-01,Emerald City Smoothie,Dining & Drinks,-8.54
2025-08-01,Uber,Auto & Transport,-12.94
2025-08-01,Chase Mortgage,Home:Mortgage,-5712.04
2025-08-01,Panda Express,Dining & Drinks:Restaurants,-2.76
2025-08-01,Alimony,Home,-1770.0
2025-08-04,Chipotle,Dining & Drinks:Restaurants,-39.07
2025-08-04,Huel,Dining & Drinks:Restaurants,-133.9
2025-08-04,Gustin Denim,Shopping:Clothing,-100.29
2025-08-04,Gustin Denim,Shopping:Clothing,-48.49
2025-08-04,Five Guys,Dining & Drinks:Restaurants,-24.45
2025-08-04,Chipotle,Dining & Drinks:Restaurants,-45.24
2025-08-04,Taco Bell,Dining & Drinks:Restaurants,-15.64
2025-08-04,Mod Pizza,Dining & Drinks:Restaurants,-18.4
2025-08-04,Stizzy Tea Phoenix Az 08/01,Dining & Drinks:Coffee Shops,-19.52
2025-08-04,Wibbley's Burgers Bellevue Wa 08/02,Dining & Drinks:Restaurants,-31.01
2025-08-04,Gustin Denim,Shopping:Clothing,-48.49
2025-08-04,Amazon,Shopping:Electronics,-10.91
2025-08-04,Gustin Denim,Shopping:Clothing,-48.49
2025-08-04,Chipotle,Dining & Drinks:Restaurants,-10.63
2025-08-04,Gustin Denim,Shopping:Clothing,-84.86
2025-08-04,Gustin Denim,Shopping:Clothing,-48.49
2025-08-04,Apple,Shopping:Electronics,-7.48
2025-08-05,AIG,Financial:Life Insurance,-102.03
2025-08-05,Amli Spring District,Home:Rent,-3085.94
2025-08-05,Dote Coffee Bar,Home,-10.92
2025-08-05,Mod Pizza,Dining & Drinks:Restaurants,-3.52
2025-08-05,Mod Pizza,Dining & Drinks:Restaurants,-24.22
2025-08-06,Chick-Fil-A,Dining & Drinks:Restaurants,-17.95
2025-08-06,Chipotle,Dining & Drinks:Restaurants,-39.62
2025-08-06,Potbelly,Dining & Drinks:Restaurants,-16.93
2025-08-06,Dote Coffee Bar,Home,-12.89
2025-08-06,PCC Market,Groceries,-13.29
2025-08-07,Wibbley's Burgers Bellevue Wa 08/06,Dining & Drinks:Restaurants,-18.34
2025-08-07,Dote Coffee Bar,Home,-6.78
2025-08-07,Chipotle,Dining & Drinks:Restaurants,-36.15
2025-08-08,Bartell Drugs,Health:Pharmacy,-63.17
2025-08-08,QFC Foods,Groceries,-23.12
2025-08-08,Panda Express,Dining & Drinks:Restaurants,-2.76
2025-08-11,Shake Shack,Dining & Drinks:Restaurants,-41.44
2025-08-11,Tilly's,Shopping:Clothing,-28.6
2025-08-11,Ihop,Dining & Drinks:Restaurants,-43.68
2025-08-11,TrueClassic,Shopping:Clothing,-158.38
2025-08-11,Panda Express,Dining & Drinks:Restaurants,-2.76
2025-08-11,QFC Foods,Groceries,-27.58
2025-08-11,Tilly's,Shopping:Clothing,-29.6
2025-08-11,Amazon,Shopping:Electronics,-36.35
2025-08-11,Chipotle,Dining & Drinks:Restaurants,-28.16
2025-08-11,Netflix,Entertainment,-27.52
2025-08-11,Panda Express,Dining & Drinks:Restaurants,-2.76
2025-08-11,Chipotle,Dining & Drinks:Restaurants,-28.16
2025-08-12,YouTube,Entertainment,-15.42
2025-08-12,Gieco,Auto & Transport:Car Insurance,-303.76
2025-08-12,Panda Express,Dining & Drinks:Restaurants,-2.76
2025-08-12,QFC Foods,Groceries,-19.44
2025-08-13,Panda Express,Dining & Drinks:Restaurants,-1.09
2025-08-13,Amazon,Shopping:Electronics,-9.95
2025-08-14,Panda Express,Dining & Drinks:Restaurants,-2.76
2025-08-15,Panda Express,Dining & Drinks:Restaurants,-2.76
2025-08-15,Soylent,Groceries,-65.6
2025-08-15,QFC Foods,Groceries,-40.96
2025-08-18,Comcast,Utilities,-103.52
2025-08-18,Mod Pizza,Dining & Drinks:Restaurants,-32.93
2025-08-18,Panda Express,Dining & Drinks:Restaurants,-2.76
2025-08-18,Chipotle,Dining & Drinks:Restaurants,-24.02
2025-08-18,PSE,Utilities:Gas & Electric,-48.5
2025-08-18,Five Guys,Dining & Drinks:Restaurants,-36.47
2025-08-18,Mayuri,Dining & Drinks:Restaurants,-10.99
2025-08-18,Amazon,Shopping:Electronics,-8.49
2025-08-18,Chevron,Auto & Transport:Gas & Fuel,-54.64
2025-08-18,Panda Express,Dining & Drinks:Restaurants,-2.76
2025-08-20,Panda Express,Dining & Drinks:Restaurants,-2.76
2025-08-20,Google,Software ,-22.03
2025-08-20,T Mobile,Utilities:Phone,-75.0
2025-08-21,Amazon,Shopping:Electronics,-10.99
2025-08-21,QFC Foods,Groceries,-16.93
2025-08-21,Panda Express,Dining & Drinks:Restaurants,-2.76
2025-08-21,Amazon Prime,Shopping,-16.52
2025-08-22,Panda Express,Dining & Drinks:Restaurants,-2.76
2025-08-22,QFC Foods,Groceries,-33.53
2025-08-22,Amazon Prime,Shopping,-3.29
2025-08-25,Quicken,Shopping:Electronics,-79.21
2025-08-25,Amazon,Shopping:Electronics,-40.76
2025-08-25,Panda Express,Dining & Drinks:Restaurants,-2.76
2025-08-25,Amazon,Shopping:Electronics,-22.03
2025-08-25,Panda Express,Dining & Drinks:Restaurants,-30.63
2025-08-25,Panda Express,Dining & Drinks:Restaurants,-2.76
2025-08-25,College Board,Financial,-68.0
2025-08-25,Shake Shack,Dining & Drinks:Restaurants,-44.05
2025-08-25,Chipotle,Dining & Drinks:Restaurants,-20.61
2025-08-25,College Board,Financial,-68.0
2025-08-25,Potbelly,Dining & Drinks:Restaurants,-38.4
2025-08-26,QFC Foods,Groceries,-18.26
2025-08-26,Panda Express,Dining & Drinks:Restaurants,-2.76
2025-08-27,Panda Express,Dining & Drinks:Restaurants,-2.76
2025-08-28,Panda Express,Dining & Drinks:Restaurants,-2.76
2025-08-29,Gustin Denim,Shopping:Clothing,-89.27
2025-08-29,Panda Express,Dining & Drinks:Restaurants,-2.76
2025-08-29,Squarespace,Home,-9.26
2025-08-29,Gustin Denim,Shopping:Clothing,-114.61
2025-09-02,Amazon,Shopping,-6.6
2025-09-02,Panda Express,Dining & Drinks:Restaurants,-2.76
2025-09-02,Chipotle,Dining & Drinks:Restaurants,-30.91
2025-09-02,Barber Shop,Personal Care:Hair,-50.0
2025-09-02,Mayuri,Dining & Drinks:Restaurants,-10.48
2025-09-02,Chase Mortgage,Home:Mortgage,-5712.04
2025-09-02,Panda Express,Dining & Drinks:Restaurants,-2.76
2025-09-02,Relaxing Station,Personal Care:Spa,-56.0
2025-09-02,Starbucks,Dining & Drinks:Restaurants,-3.8
2025-09-02,Whole Foods,Groceries,-20.33
2025-09-02,Starbucks,Dining & Drinks:Restaurants,-3.8
2025-09-02,Five Guys,Dining & Drinks:Restaurants,-38.12
2025-09-02,Panda Express,Dining & Drinks:Restaurants,-2.76
2025-09-02,ATM,Cash & ATM,-100.0
2025-09-02,Amazon,Shopping:Electronics,-99.17
2025-09-02,Chipotle,Dining & Drinks:Restaurants,-28.76
2025-09-02,Ihop,Dining & Drinks:Restaurants,-43.08
2025-09-03,Panda Express,Dining & Drinks:Restaurants,-2.76
2025-09-03,Alimony,Home,-1770.0
2025-09-03,Amli Spring District,Home:Rent,-3088.99
2025-09-04,Amazon,Shopping:Electronics,-20.99
2025-09-04,AIG,Financial:Life Insurance,-102.03
2025-09-04,Huel,Dining & Drinks:Restaurants,-120.96
2025-09-04,Panda Express,Dining & Drinks:Restaurants,-2.76
2025-09-05,Amazon,Shopping:Electronics,-23.68
2025-09-08,Panda Express,Dining & Drinks:Restaurants,-2.76
2025-09-08,Amazon,Shopping:Electronics,-8.8
2025-09-08,Amazon,Shopping:Electronics,-168.58
2025-09-08,Chipotle,Dining & Drinks:Restaurants,-30.91
2025-09-08,Shake Shack,Dining & Drinks:Restaurants,-22.02
2025-09-08,Five Guys,Dining & Drinks:Restaurants,-38.12
2025-09-08,Panda Express,Dining & Drinks:Restaurants,-2.76
2025-09-08,Starbucks,Dining & Drinks:Restaurants,-3.8
2025-09-08,Amazon,Shopping:Electronics,-71.07
2025-09-08,Panda Express,Dining & Drinks:Restaurants,-2.76
2025-09-09,Panda Express,Dining & Drinks:Restaurants,-2.76
2025-09-09,Netflix,Entertainment,-27.52
2025-09-10,QFC Foods,Groceries,-19.77
2025-09-10,QFC Foods,Groceries,-4.41
2025-09-11,Panda Express,Dining & Drinks:Restaurants,-2.76
2025-09-12,Gieco,Auto & Transport:Car Insurance,-102.99
2025-09-12,YouTube,Entertainment,-15.42
2025-09-12,QFC Foods,Groceries,-23.49
2025-09-15,Panda Express,Dining & Drinks:Restaurants,-2.76
2025-09-15,Soylent,Groceries,-200.0
2025-09-15,Five Guys,Dining & Drinks:Restaurants,-38.12
2025-09-15,Mod Pizza,Dining & Drinks:Restaurants,-18.4
2025-09-15,Starbucks,Dining & Drinks:Restaurants,-3.8
2025-09-15,Tst*farzi Cafe Bellevue Bellevue Wa 09/14,Dining & Drinks:Restaurants,-102.2
2025-09-15,Chipotle,Dining & Drinks:Restaurants,-28.16
2025-09-15,Safeway,Groceries,-19.39
2025-09-16,Jersey Mikes,Dining & Drinks:Restaurants,-41.57
2025-09-17,QFC Foods,Groceries,-34.57
2025-09-17,PSE,Utilities:Gas & Electric,-56.98
2025-09-17,Comcast,Utilities,-103.52
2025-09-18,Panda Express,Dining & Drinks:Restaurants,-2.76
2025-09-22,Panda Express,Dining & Drinks:Restaurants,-2.76
2025-09-22,Google,Software ,-22.03
2025-09-22,QFC Foods,Groceries,-6.0
2025-09-22,Amazon Prime,Shopping,-3.29
2025-09-22,Chipotle,Dining & Drinks:Restaurants,-10.63
2025-09-22,Starbucks,Dining & Drinks:Restaurants,-3.8
2025-09-22,Chipotle,Dining & Drinks:Restaurants,-34.33
2025-09-22,Chevron,Auto & Transport:Gas & Fuel,-57.81
2025-09-22,Amazon Prime,Shopping,-16.52
2025-09-22,Potbelly,Dining & Drinks:Restaurants,-39.38
2025-09-22,Shake Shack,Dining & Drinks:Restaurants,-48.04
2025-09-22,Panda Express,Dining & Drinks:Restaurants,-2.76
2025-09-22,T Mobile,Utilities:Phone,-75.0
2025-09-23,NordPass,Software ,-30.28
2025-09-23,UPS,Home,-384.0
2025-09-23,Panda Express,Dining & Drinks:Restaurants,-2.76
2025-09-24,QFC Foods,Groceries,-33.18
2025-09-24,Panda Express,Dining & Drinks:Restaurants,-2.28
2025-09-25,Suit Supply,Shopping:Clothing,-27.56
2025-09-25,Optum,Home,-20.0
2025-09-26,Panda Express,Dining & Drinks:Restaurants,-2.76
2025-09-29,Relaxing Station,Personal Care:Spa,-58.0
2025-09-29,QFC Foods,Groceries,-14.24
2025-09-29,Barber Shop,Personal Care:Hair,-50.0
2025-09-29,Starbucks,Dining & Drinks:Restaurants,-3.8
2025-09-29,QFC Foods,Groceries,-27.86
2025-09-29,Panda Express,Dining & Drinks:Restaurants,-2.76
2025-09-29,Five Guys,Dining & Drinks:Restaurants,-38.12
2025-09-29,Squarespace,Home,-9.26
2025-09-29,ATM,Cash & ATM,-100.0
2025-09-29,Panda Express,Dining & Drinks:Restaurants,-2.48
2025-09-29,El Rinconsito,Dining & Drinks:Restaurants,-41.13
2025-09-29,Chipotle,Dining & Drinks:Restaurants,-41.27
2025-09-29,MIRANTIS INC. MIRANTIS.COM CA 09/28,Software ,-330.6
2025-09-30,Panda Express,Dining & Drinks:Restaurants,-2.48
2025-09-30,Amazon,Shopping:Electronics,-221.7
2025-09-30,Amazon,Shopping:Electronics,-8.55
2025-09-30,Amazon,Shopping,-6.6
2025-10-01,Gustin Denim,Shopping:Clothing,-309.67
2025-10-01,Chase Mortgage,Home:Mortgage,-5712.04
2025-10-01,QFC Foods,Groceries,-47.59
2025-10-01,Alimony,Home,-1770.0
2025-10-02,Panda Express,Dining & Drinks:Restaurants,-2.76
2025-10-03,QFC Foods,Groceries,-15.06
2025-10-03,AIG,Financial:Life Insurance,-102.03
2025-10-03,Panda Express,Dining & Drinks:Restaurants,-2.48
2025-10-03,Amazon,Shopping:Electronics,-99.46
2025-10-03,Amli Spring District,Home:Rent,-3092.37
2025-10-05,Big Chicken,Dining & Drinks:Restaurants,-4.4
2025-10-06,Chipotle,Dining & Drinks:Restaurants,-20.61
2025-10-06,Mod Pizza,Dining & Drinks:Restaurants,-31.49
2025-10-06,Panda Express,Dining & Drinks:Restaurants,-2.48
2025-10-06,Amazon,Shopping:Electronics,-119.0
2025-10-06,Barnes & Noble,Shopping:Books,-44.7
2025-10-06,Panda Express,Dining & Drinks:Restaurants,-2.76
2025-10-06,Starbucks,Dining & Drinks:Restaurants,-3.8
2025-10-06,Five Guys,Dining & Drinks:Restaurants,-38.12
2025-10-07,College Counseling,Education:Tuition,-1090.0
2025-10-07,Panda Express,Dining & Drinks:Restaurants,-2.76
2025-10-08,Netflix,Entertainment,-27.52
2025-10-09,Whole Foods,Groceries,-66.18
2025-10-10,Huel,Dining & Drinks:Restaurants,-125.62
2025-10-10,Amazon,Shopping:Electronics,-8.14
2025-10-10,Amazon,Shopping:Electronics,-87.4
2025-10-10,QFC Foods,Groceries,-31.05
2025-10-10,Huel,Dining & Drinks:Restaurants,-178.52
2025-10-10,Huel,Dining & Drinks:Restaurants,-120.96
2025-10-14,Amazon,Shopping:Electronics,-4.1
2025-10-14,Five Guys,Dining & Drinks:Restaurants,-36.47
2025-10-14,Gieco,Auto & Transport:Car Insurance,-78.82
2025-10-14,Potbelly,Dining & Drinks:Restaurants,-39.93
2025-10-14,T-mobile,Utilities:Phone,-37.95
2025-10-14,Panda Express,Dining & Drinks:Restaurants,-2.48
2025-10-14,Chipotle,Dining & Drinks:Restaurants,-30.91
2025-10-14,YouTube,Entertainment,-15.42
2025-10-14,Amazon,Shopping:Electronics,-61.89
2025-10-14,Blazing Bagels,Dining & Drinks:Restaurants,-13.1
2025-10-14,Starbucks,Dining & Drinks:Restaurants,-3.8
2025-10-14,Panda Express,Dining & Drinks:Restaurants,-2.76
2025-10-14,Panda Express,Dining & Drinks:Restaurants,-1.09
2025-10-14,Mod Pizza,Dining & Drinks:Restaurants,-32.37
2025-10-15,QFC Foods,Groceries,-20.04
2025-10-16,Panda Express,Dining & Drinks:Restaurants,-2.76
2025-10-17,Comcast,Utilities,-103.52
2025-10-17,PSE,Utilities:Gas & Electric,-44.36
2025-10-17,QFC Foods,Groceries,-33.75
2025-10-20,Mod Pizza,Dining & Drinks:Restaurants,-15.74
2025-10-20,Amazon,Shopping:Electronics,-14.98
2025-10-20,Five Guys,Dining & Drinks:Restaurants,-40.03
2025-10-20,Starbucks,Dining & Drinks:Restaurants,-3.8
2025-10-20,Amazon,Shopping:Electronics,-25.24
2025-10-20,QFC Foods,Groceries,-32.04
2025-10-20,Enterprises,Home,-2.0
2025-10-20,Ezells Famous Chicken,Dining & Drinks:Restaurants,-32.27
2025-10-20,Chipotle,Dining & Drinks:Restaurants,-31.9
2025-10-20,Chevron,Auto & Transport:Gas & Fuel,-53.61
2025-10-20,Amazon,Shopping:Electronics,-45.01
2025-10-20,Google,Software ,-22.03
2025-10-20,Panda Express,Dining & Drinks:Restaurants,-1.09
2025-10-20,Panda Express,Dining & Drinks:Restaurants,-2.48
2025-10-20,Total Wine & More,Dining & Drinks,-92.4
2025-10-20,T Mobile,Utilities:Phone,-75.0
2025-10-21,Panda Express,Dining & Drinks:Restaurants,-2.76
2025-10-21,Amazon Prime,Shopping,-16.52
2025-10-22,Amazon Prime,Shopping,-3.29
2025-10-24,QFC Foods,Groceries,-37.31
2025-10-27,Starbucks,Dining & Drinks:Restaurants,-8.15
2025-10-27,Starbucks,Dining & Drinks:Restaurants,-3.8
2025-10-27,Five Guys,Dining & Drinks:Restaurants,-36.47
2025-10-27,Panda Express,Dining & Drinks:Restaurants,-47.98
2025-10-27,Shake Shack,Dining & Drinks:Restaurants,-24.02
2025-10-27,Panda Express,Dining & Drinks:Restaurants,-2.48
2025-10-27,Chipotle,Dining & Drinks:Restaurants,-30.91
2025-10-27,Panda Express,Dining & Drinks:Restaurants,-2.76
2025-10-28,Panda Express,Dining & Drinks:Restaurants,-2.76
2025-10-28,ATM,Cash & ATM,-100.0
2025-10-29,Amazon,Shopping:Electronics,-29.69
2025-10-29,Whole Foods,Groceries,-54.65
2025-10-29,Squarespace,Home,-9.26
2025-10-30,QFC Foods,Groceries,-30.02
2025-10-30,Amazon,Shopping,-6.6
2025-10-30,Panda Express,Dining & Drinks:Restaurants,-2.76
2025-10-31,Owyn Protein,Groceries,-142.97
2025-10-31,Amazon,Shopping:Electronics,-28.99
2025-11-03,Alimony,Home,-1770.0
2025-11-03,Chipotle,Dining & Drinks:Restaurants,-31.9
2025-11-03,QFC Foods,Groceries,-29.93
2025-11-03,Chase Mortgage,Home:Mortgage,-5712.04
2025-11-03,Mod Pizza,Dining & Drinks:Restaurants,-31.49
2025-11-03,Ihop,Dining & Drinks:Restaurants,-37.65
2025-11-03,Starbucks,Dining & Drinks:Restaurants,-3.8
2025-11-03,Shake Shack,Dining & Drinks:Restaurants,-44.05
2025-11-03,Panda Express,Dining & Drinks:Restaurants,-2.76
2025-11-04,Amli Spring District,Home:Rent,-3152.72
2025-11-04,Panda Express,Dining & Drinks:Restaurants,-2.76
2025-11-04,Amazon,Shopping:Electronics,-19.71
2025-11-05,AIG,Financial:Life Insurance,-102.03
2025-11-06,Panda Express,Dining & Drinks:Restaurants,-2.48
2025-11-07,QFC Foods,Groceries,-50.49
2025-11-10,Potbelly,Dining & Drinks:Restaurants,-39.6
2025-11-10,Chipotle,Dining & Drinks:Restaurants,-52.9
2025-11-10,Barber Shop,Personal Care:Hair,-50.0
2025-11-10,Chipotle,Dining & Drinks:Restaurants,-20.61
2025-11-10,QFC Foods,Groceries,-7.49
2025-11-10,Netflix,Entertainment,-27.52
2025-11-10,QFC Foods,Groceries,-17.61
2025-11-10,Five Guys,Dining & Drinks:Restaurants,-38.12
2025-11-10,Amazon,Shopping:Electronics,-25.78
2025-11-10,Panda Express,Dining & Drinks:Restaurants,-2.76
2025-11-10,Starbucks,Dining & Drinks:Restaurants,-3.8
2025-11-12,Huel,Dining & Drinks:Restaurants,-120.96
2025-11-12,Starbucks,Dining & Drinks:Restaurants,-3.8
2025-11-12,Blazing Bagels,Dining & Drinks:Restaurants,-5.45
2025-11-12,CVS,Health:Pharmacy,-46.86
2025-11-12,Chevron,Auto & Transport:Gas & Fuel,-50.0
2025-11-12,YouTube,Entertainment,-15.42
2025-11-12,Gieco,Auto & Transport:Car Insurance,-78.82
2025-11-12,Panda Express,Dining & Drinks:Restaurants,-2.76
2025-11-12,Panda Express,Dining & Drinks:Restaurants,-2.48
2025-11-12,Blazing Bagels,Dining & Drinks:Restaurants,-20.59
2025-11-12,QFC Foods,Groceries,-38.96
2025-11-13,Driver License,Utilities,-141.11
2025-11-13,El Rinconsito,Dining & Drinks:Restaurants,-51.23
2025-11-14,Maria,Cleaning,-280.0
2025-11-17,Amazon,Shopping:Electronics,-60.27
2025-11-17,Starbucks,Dining & Drinks:Restaurants,-3.8
2025-11-17,Panda Express,Dining & Drinks:Restaurants,-2.48
2025-11-17,Whole Foods,Groceries,-28.0
2025-11-17,Panda Express,Dining & Drinks:Restaurants,-1.09
2025-11-17,Five Guys,Dining & Drinks:Restaurants,-18.16
2025-11-17,Starbucks,Dining & Drinks:Restaurants,-3.8
2025-11-17,Chipotle,Dining & Drinks:Restaurants,-42.54
2025-11-17,Zia Lunch,Dining & Drinks,-252.95
2025-11-17,Bellevue Kids Dentist,Health:Dentist,-1000.0
2025-11-17,Panda Express,Dining & Drinks:Restaurants,-2.48
2025-11-17,Comcast,Utilities,-103.52
2025-11-17,Shake Shack,Dining & Drinks:Restaurants,-41.84
2025-11-18,QFC Foods,Groceries,-40.74
2025-11-18,PSE,Utilities:Gas & Electric,-42.6
2025-11-20,Panda Express,Dining & Drinks:Restaurants,-2.76
2025-11-20,Bellevue Kids Dentist,Health:Dentist,-249.9
2025-11-20,T Mobile,Utilities:Phone,-172.54
2025-11-20,Google,Software ,-22.03
2025-11-21,Amazon Prime,Shopping,-16.52
2025-11-21,Panda Express,Dining & Drinks:Restaurants,-2.48
2025-11-21,Sp Heat Straps Usa Heatstrapsusa Nj 11/21,Dining & Drinks:Restaurants,-399.0
2025-11-21,Starbucks,Dining & Drinks:Restaurants,-3.8
2025-11-24,Amazon,Shopping:Electronics,-16.83
2025-11-24,QFC Foods,Groceries,-48.53
2025-11-24,Mod Pizza,Dining & Drinks:Restaurants,-32.37
2025-11-24,Amazon Prime,Shopping,-3.29
2025-11-24,Five Guys,Dining & Drinks:Restaurants,-24.45
2025-11-24,Amazon,Shopping:Electronics,-10.46
2025-11-24,Chipotle,Dining & Drinks:Restaurants,-10.3
2025-11-24,Panda Express,Dining & Drinks:Restaurants,-2.76
2025-11-24,Panda Express,Dining & Drinks:Restaurants,-2.48
2025-11-24,Bitcoin,Investments ,-20000.0
2025-11-24,Dote Coffee Bar,Home,-4.29
2025-11-24,Www.honestbellevue.co Xxx-xxxx3776 Wa 11/21,Uncategorized,-14.3
2025-11-24,Chipotle,Dining & Drinks:Restaurants,-20.61
2025-11-26,Whole Foods,Groceries,-88.82
2025-11-26,Mamur Food Bellevue Wa 11/26,Dining & Drinks,-18.98
2025-11-26,Nudie Jeans Co. New York Ny 11/26,Shopping:Clothing,-214.9
2025-11-26,Starbucks,Dining & Drinks:Restaurants,-3.8
2025-11-26,Panda Express,Dining & Drinks:Restaurants,-2.76
2025-11-28,Relaxing Station,Personal Care:Spa,-57.0
2025-11-28,Rogue Territory,Home,-360.0
2025-11-28,Starbucks,Dining & Drinks:Restaurants,-3.8
2025-11-28,Panda Express,Dining & Drinks:Restaurants,-2.76
2025-11-28,Amazon,Shopping:Electronics,-66.11
2025-12-01,Tilly's,Shopping:Clothing,-63.85
2025-12-01,Panda Express,Dining & Drinks:Restaurants,-2.76
2025-12-01,Chipotle,Dining & Drinks:Restaurants,-10.63
2025-12-01,Uniqlo,Shopping,-63.79
2025-12-01,ATM,Cash & ATM,-100.0
2025-12-01,Ihop,Dining & Drinks:Restaurants,-50.08
2025-12-01,Amazon,Shopping,-6.6
2025-12-01,Alimony,Home,-1272.0
2025-12-01,Starbucks,Dining & Drinks:Restaurants,-3.8
2025-12-01,Chipotle,Dining & Drinks:Restaurants,-35.7
2025-12-01,Squarespace,Home,-9.26
2025-12-01,QFC Foods,Groceries,-32.14
2025-12-01,Five Guys,Dining & Drinks:Restaurants,-36.47
2025-12-01,Chase Mortgage,Home:Mortgage,-5712.04
2025-12-02,Panda Express,Dining & Drinks:Restaurants,-2.76
2025-12-03,Amli Spring District,Home:Rent,-3190.69
2025-12-04,Panda Express,Dining & Drinks:Restaurants,-2.76
2025-12-04,The Economist Xxx-xxx-7685 Ny 12/04,Work Expenses,-384.6
2025-12-04,AIG,Financial:Life Insurance,-102.03
2025-12-05,Panda Express,Dining & Drinks:Restaurants,-2.48
2025-12-05,QFC Foods,Groceries,-44.46
2025-12-08,Starbucks,Dining & Drinks:Restaurants,-3.8
2025-12-08,Panda Express,Dining & Drinks:Restaurants,-2.48
2025-12-08,Mod Pizza,Dining & Drinks:Restaurants,-31.49
2025-12-08,Netflix,Entertainment,-27.52
2025-12-08,Amazon,Shopping:Electronics,-12.99
2025-12-08,Pub 70 Xxx-xxx8891 Wa 12/07,Dining & Drinks:Bars,-22.79
2025-12-08,QFC Foods,Groceries,-6.99
2025-12-08,Potbelly,Dining & Drinks:Restaurants,-39.6
2025-12-08,Five Guys,Dining & Drinks:Restaurants,-36.47
2025-12-08,Chipotle,Dining & Drinks:Restaurants,-10.63
2025-12-08,Starbucks,Dining & Drinks:Restaurants,-3.25
2025-12-09,Chevron,Auto & Transport:Gas & Fuel,-51.83
2025-12-09,Wyzant Xxx-xxx-6365 Ca 12/09,Uncategorized,-114.45
2025-12-09,Panda Express,Dining & Drinks:Restaurants,-2.28
2025-12-10,Panda Express,Dining & Drinks:Restaurants,-2.28
2025-12-10,QFC Foods,Groceries,-40.28
2025-12-11,Panda Express,Dining & Drinks:Restaurants,-2.48
2025-12-11,Iron Heart,Shopping:Clothing,-499.0
2025-12-11,Starbucks,Dining & Drinks:Restaurants,-3.25
2025-12-12,Panda Express,Dining & Drinks:Restaurants,-2.48
2025-12-12,Google,Software ,-15.42
2025-12-12,Gieco,Auto & Transport:Car Insurance,-78.82
2025-12-15,Chipotle,Dining & Drinks:Restaurants,-21.82
2025-12-15,Ihop,Dining & Drinks:Restaurants,-20.38
2025-12-15,Starbucks,Dining & Drinks:Restaurants,-3.25
2025-12-15,Whole Foods,Groceries,-12.54
2025-12-15,QFC Foods,Groceries,-21.82
2025-12-15,Starbucks,Dining & Drinks:Restaurants,-3.25
2025-12-15,Iron Heart,Shopping:Clothing,-499.0
2025-12-15,Chipotle,Dining & Drinks:Restaurants,-31.9
2025-12-15,Shake Shack,Dining & Drinks:Restaurants,-39.1
2025-12-15,Panda Express,Dining & Drinks:Restaurants,-2.48
2025-12-16,Iron Heart,Shopping:Clothing,-499.0
2025-12-17,Comcast,Utilities,-103.52
2025-12-17,Amazon,Shopping:Electronics,-79.99
2025-12-17,Huel,Dining & Drinks:Restaurants,-120.96
2025-12-17,PSE,Utilities:Gas & Electric,-38.38
2025-12-18,Amazon,Shopping:Electronics,-14.49
2025-12-18,Laderach Us Inc Bellevue Wa 12/18,Dining & Drinks:Restaurants,-39.15
2025-12-18,Optum,Home,-2256.5
2025-12-19,Panda Express,Dining & Drinks:Restaurants,-2.48
2025-12-19,Banana Republic,Shopping:Clothing,-143.26
2025-12-19,Macy's,Shopping:Clothing,-99.17
2025-12-19,Pistol License,Fees & Charges,-48.0
2025-12-19,Mayuri,Dining & Drinks:Restaurants,-11.85
2025-12-22,Amazon Prime,Shopping,-16.52
2025-12-22,Maria,Cleaning,-158.0
2025-12-22,T Mobile,Utilities:Phone,-137.6
2025-12-22,Google,Software ,-22.03
2025-12-22,Panda Express,Dining & Drinks:Restaurants,-1.32
2025-12-22,Amazon Prime,Shopping,-3.29
2025-12-22,Mercury,Auto & Transport:Car Payment,-5.67
2025-12-22,Panda Express,Dining & Drinks:Restaurants,-2.48
2025-12-22,Huel,Dining & Drinks:Restaurants,-178.52
2025-12-22,QFC Foods,Groceries,-16.62
2025-12-22,Sp Duck Head Duckhead.com Ga 12/20,Uncategorized,-119.02
2025-12-23,Whole Foods,Groceries,-9.98
2025-12-23,UPS,Home,-2.75
2025-12-23,Sp Iron Heart Gosport 12/23,Uncategorized,-499.0
2025-12-24,Valentinas Tailoring,Shopping:Clothing,-66.0
2025-12-24,QFC Foods,Groceries,-23.01
2025-12-26,Safeway,Groceries,-30.16
2025-12-26,Orca,Home,-12.0
2025-12-29,Chipotle,Dining & Drinks:Restaurants,-27.49
2025-12-29,Shake Shack,Dining & Drinks:Restaurants,-44.05
2025-12-29,Five Guys,Dining & Drinks:Restaurants,-36.47
2025-12-29,Panda Express,Dining & Drinks:Restaurants,-33.53
2025-12-29,El Rinconsito,Dining & Drinks:Restaurants,-44.34
2025-12-29,Chipotle,Dining & Drinks:Restaurants,-36.81
2025-12-29,Squarespace,Home,-9.26
2025-12-29,Safeway,Groceries,-13.98
2025-12-29,Barber Shop,Personal Care:Hair,-45.0
2025-12-29,Towing & Roadside Bellevue Wa 12/26,Auto & Transport:Parking,-139.0
2025-12-30,Amazon,Shopping,-6.6
2025-12-30,Chipotle,Dining & Drinks:Restaurants,-25.13
2025-12-30,Ezells Famous Chicken,Dining & Drinks:Restaurants,-48.85
2025-12-31,QFC Foods,Groceries,-17.52
2025-12-31,Five Guys,Dining & Drinks:Restaurants,-36.47
2025-12-31,Gustin Denim,Shopping:Clothing,-152.08
2025-12-31,Panda Express,Dining & Drinks:Restaurants,-32.0
2026-01-02,Chipotle,Dining & Drinks:Restaurants,-31.52
2026-01-02,Chevron,Auto & Transport:Gas & Fuel,-37.76
2026-01-02,Chipotle,Dining & Drinks:Restaurants,-10.63
2026-01-02,Amazon,Shopping:Electronics,-37.49
2026-01-02,Safeway,Groceries,-12.9
2026-01-02,Mod Pizza,Dining & Drinks:Restaurants,-35.6
2026-01-02,Chase Mortgage,Home:Mortgage,-5712.04
2026-01-05,Applebees,Dining & Drinks:Restaurants,-49.01
2026-01-05,Whole Foods,Groceries,-40.57
2026-01-05,Lil John,Dining & Drinks:Restaurants,-34.15
2026-01-05,Ezells Famous Chicken,Dining & Drinks:Restaurants,-32.27
2026-01-05,El Rinconsito,Dining & Drinks:Restaurants,-44.35
2026-01-05,Starbucks,Dining & Drinks:Restaurants,-3.81
2026-01-05,Chipotle,Dining & Drinks:Restaurants,-35.65
2026-01-05,Five Guys,Dining & Drinks:Restaurants,-36.47
2026-01-06,AIG,Financial:Life Insurance,-102.03
2026-01-06,QFC Foods,Groceries,-27.9
2026-01-06,Gustin Denim,Shopping:Clothing,-100.29
2026-01-06,Starbucks,Dining & Drinks:Restaurants,-3.81
2026-01-07,QFC Foods,Groceries,-22.06
2026-01-08,Netflix,Entertainment,-27.55
2026-01-08,Chipotle,Dining & Drinks:Restaurants,-10.3
2026-01-09,Amazon,Shopping:Electronics,-17.6
2026-01-09,Alimony,Home,-1770.0
2026-01-09,UPS,Home,-19.24
2026-01-09,Amli Spring District,Home:Rent,-3473.15
2026-01-12,Gieco,Auto & Transport:Car Insurance,-78.84
2026-01-12,ATM,Cash & ATM,-100.0
2026-01-12,Panda Express,Dining & Drinks:Restaurants,-33.56
2026-01-12,Chipotle,Dining & Drinks:Restaurants,-31.93
2026-01-12,Valentinas Tailoring,Shopping:Clothing,-99.18
2026-01-12,Starbucks,Dining & Drinks:Restaurants,-3.81
2026-01-12,YouTube,Entertainment,-15.43
2026-01-12,Original Pancake House,Dining & Drinks:Restaurants,-104.52
2026-01-12,Blazing Bagels,Dining & Drinks:Restaurants,-18.55
2026-01-12,Five Guys,Dining & Drinks:Restaurants,-36.47
2026-01-13,Gustin Denim,Shopping:Clothing,-100.38
2026-01-13,Huel,Dining & Drinks:Restaurants,-120.96
2026-01-14,Amazon,Shopping:Electronics,-9.0
2026-01-14,Nova Gas,Auto & Transport:Gas & Fuel,-30.0
2026-01-14,QFC Foods,Groceries,-36.76
2026-01-15,Squarespace,Home,-12.0
2026-01-16,Non-chase Atm Fee-with,Fees & Charges:ATM Fee,-3.0
2026-01-16,PSE,Utilities:Gas & Electric,-36.71
2026-01-16,ATM,Cash & ATM,-43.0
2026-01-16,Olympia- OFM visit parking,Auto & Transport:Parking,-16.0
2026-01-20,Starbucks,Dining & Drinks:Restaurants,-3.81
2026-01-20,Mod Pizza,Dining & Drinks:Restaurants,-21.69
2026-01-20,Google,Software ,-22.05
2026-01-20,QFC Foods,Groceries,-55.45
2026-01-20,Sanika donation,Charity & Donations,-100.0
2026-01-20,Panda Express,Dining & Drinks:Restaurants,-2.76
2026-01-20,Comcast,Utilities,-105.52
2026-01-20,Rodd & Gunn,Home,-326.71
2026-01-20,Chipotle,Dining & Drinks:Restaurants,-31.93
2026-01-20,Lil John,Dining & Drinks:Restaurants,-42.4
2026-01-20,Shake Shack,Dining & Drinks:Restaurants,-27.04
2026-01-20,Panda Express,Dining & Drinks:Restaurants,-2.76
2026-01-20,Starbucks,Dining & Drinks:Restaurants,-3.81
2026-01-20,QFC Foods,Groceries,-25.34
2026-01-20,QFC Foods,Groceries,-22.46
2026-01-21,T Mobile,Utilities:Phone,-137.6
2026-01-21,Amazon Prime,Shopping,-16.53
2026-01-22,Panda Express,Dining & Drinks:Restaurants,-2.48
2026-01-22,Bellevue Brewery,Dining & Drinks:Restaurants,-105.53
2026-01-22,Amazon Prime,Shopping,-3.3
2026-01-22,Whole Foods,Groceries,-60.09
2026-01-23,Panda Express,Dining & Drinks:Restaurants,-2.76
2026-01-26,Relaxing Station,Personal Care:Spa,-19.0
2026-01-26,Five Guys,Dining & Drinks:Restaurants,-45.5
2026-01-26,Chevron,Auto & Transport:Gas & Fuel,-35.0
2026-01-26,Taco Bell,Dining & Drinks:Restaurants,-12.11
2026-01-26,QFC Foods,Groceries,-20.37
2026-01-26,Panda Express,Dining & Drinks:Restaurants,-2.76
2026-01-26,Break Room,Dining & Drinks,-4.39
2026-01-26,Mod Pizza,Dining & Drinks:Restaurants,-19.72
2026-01-26,Everett Fueling,Auto & Transport:Gas & Fuel,-61.86
2026-01-26,Shake Shack,Dining & Drinks:Restaurants,-27.04
2026-01-26,Seattle Parking,Auto & Transport:Parking,-0.25
2026-01-26,Good To Go,Travel,-30.0
2026-01-26,Chipotle,Dining & Drinks:Restaurants,-31.93
2026-01-26,Seattle Parking,Auto & Transport:Parking,-2.0
2026-01-26,Premier Periodontics,Health:Dentist,-110.0
2026-01-27,Panera Bread,Dining & Drinks:Restaurants,-12.78
2026-01-27,Seattle Parking,Auto & Transport:Parking,-4.75
2026-01-27,QFC Foods,Groceries,-33.66
2026-01-28,Panda Express,Dining & Drinks:Restaurants,-2.76
2026-01-29,Squarespace,Home,-9.27
2026-01-29,Tesla Services,Home,-185.52
2026-01-30,Panda Express,Dining & Drinks:Restaurants,-2.48
2026-01-30,Amazon,Shopping,-6.61
2026-02-02,Barber Shop,Personal Care:Hair,-50.0
2026-02-02,Chase Mortgage,Home:Mortgage,-5712.04
2026-02-02,QFC Foods,Groceries,-18.2
2026-02-02,Bellevue School District,Education:Tuition,-52.0
2026-02-02,Chipotle,Dining & Drinks:Restaurants,-25.53
2026-02-02,Five Guys,Dining & Drinks:Restaurants,-36.47
2026-02-02,Panda Express,Dining & Drinks:Restaurants,-2.76
2026-02-02,Ezells Famous Chicken,Dining & Drinks:Restaurants,-56.51
2026-02-02,Uptown Espresso,Dining & Drinks:Coffee Shops,-12.52
2026-02-02,Mod Pizza,Dining & Drinks:Restaurants,-21.69
2026-02-02,Amazon,Shopping:Electronics,-44.11
2026-02-02,Shake Shack,Dining & Drinks:Restaurants,-61.4
2026-02-02,Alimony,Home,-1770.0
2026-02-02,Eliott Brewing,Dining & Drinks:Restaurants,-51.41
2026-02-02,Safeway,Groceries,-21.58
2026-02-02,Starbucks,Dining & Drinks:Restaurants,-3.81
2026-02-02,Chick-Fil-A,Dining & Drinks:Restaurants,-13.05
2026-02-03,Amli Spring District,Home:Rent,-2886.03
2026-02-04,AIG,Financial:Life Insurance,-102.03
2026-02-04,Panda Express,Dining & Drinks:Restaurants,-2.48
2026-02-04,College Counseling,Education:Tuition,-1090.0
2026-02-05,Whole Foods,Groceries,-103.66
2026-02-05,Panda Express,Dining & Drinks:Restaurants,-2.48
2026-02-06,Premier Periodontics,Health:Dentist,-148.0
2026-02-06,QFC Foods,Groceries,-35.47
2026-02-06,Www.honestbellevue.co Xxx-xxxx3776 Wa 02/06,Uncategorized,-14.87
2026-02-09,Five Guys,Dining & Drinks:Restaurants,-36.58
2026-02-09,Panda Express,Dining & Drinks:Restaurants,-2.76
2026-02-09,ATM,Cash & ATM,-100.0
2026-02-09,El Rinconsito,Dining & Drinks:Restaurants,-45.47
2026-02-09,Netflix,Entertainment,-27.55
2026-02-09,Maria,Cleaning,-180.0
2026-02-09,Starbucks,Dining & Drinks:Restaurants,-3.81
2026-02-09,Earls,Dining & Drinks:Restaurants,-34.17
2026-02-09,Panda Express,Dining & Drinks:Restaurants,-32.0
2026-02-09,QFC Foods,Groceries,-20.73
2026-02-09,Nova Oil,Auto & Transport:Gas & Fuel,-48.6
2026-02-09,Earls,Dining & Drinks:Restaurants,-171.15
2026-02-10,PCC Market,Groceries,-10.99
2026-02-10,CVS,Health:Pharmacy,-113.57
2026-02-11,Dote Coffee Bar,Home,-11.75
2026-02-11,Bellevue Brewery,Dining & Drinks:Restaurants,-88.59
2026-02-11,Chick-Fil-A,Dining & Drinks:Restaurants,-17.03
2026-02-11,Valentinas Tailoring,Shopping:Clothing,-88.24
2026-02-11,Panda Express,Dining & Drinks:Restaurants,-2.28
2026-02-11,Chipotle,Dining & Drinks:Restaurants,-14.89
2026-02-12,Huel,Dining & Drinks:Restaurants,-120.96
2026-02-12,Gieco,Auto & Transport:Car Insurance,-108.74
2026-02-12,YouTube,Entertainment,-15.43
2026-02-12,Jimmy John's,Dining & Drinks:Restaurants,-3.3
2026-02-12,Jimmy John's,Dining & Drinks:Restaurants,-22.16
2026-02-12,Dote Coffee Bar,Home,-11.75
2026-02-12,Chick-Fil-A,Dining & Drinks:Restaurants,-18.68
2026-02-13,Soylent,Groceries,-200.0
2026-02-13,Chipotle,Dining & Drinks:Restaurants,-31.93
2026-02-13,Panda Express,Dining & Drinks:Restaurants,-2.48
2026-02-13,Simply Seattle,Shopping:Clothing,-99.27
2026-02-13,Desi Tadka,Dining & Drinks:Restaurants,-26.69
2026-02-13,Bellevue School District,Education:Tuition,-800.0
2026-02-17,Crossroads,Home:Furnishings,-19.81
2026-02-17,Panda Express,Dining & Drinks:Restaurants,-2.48
2026-02-17,PSE,Utilities:Gas & Electric,-38.75
2026-02-17,Panda Express,Dining & Drinks:Restaurants,-2.76
2026-02-17,Amazon,Shopping:Electronics,-18.95
2026-02-17,Starbucks,Dining & Drinks:Restaurants,-3.81
2026-02-17,Amazon,Shopping:Electronics,-38.59
2026-02-17,Starbucks,Dining & Drinks:Restaurants,-3.81
2026-02-17,Panda Express,Dining & Drinks:Restaurants,-2.48
2026-02-17,Shake Shack,Dining & Drinks:Restaurants,-22.07
2026-02-17,Optical Illusions,Health:Eyecare,-244.0
2026-02-17,Mod Pizza,Dining & Drinks:Restaurants,-21.69
2026-02-17,Amazon,Shopping:Electronics,-12.89
2026-02-17,Starbucks,Dining & Drinks:Restaurants,-3.81
2026-02-17,Comcast,Utilities,-105.52
2026-02-17,Starbucks,Dining & Drinks:Restaurants,-3.81
2026-02-18,Mayuri,Dining & Drinks:Restaurants,-45.99
2026-02-18,Alimony,Home,-1770.0
2026-02-19,Panda Express,Dining & Drinks:Restaurants,-2.48
2026-02-20,Campus Parking,Auto & Transport:Parking,-16.0
2026-02-20,Evergreens,Dining & Drinks:Restaurants,-2.15
2026-02-20,QFC Foods,Groceries,-24.83
2026-02-20,Coca Cola,Home,-1.5
2026-02-20,Google,Software ,-22.05
2026-02-20,Evergreens,Dining & Drinks:Restaurants,-2.4
2026-02-23,Five Guys,Dining & Drinks:Restaurants,-38.12
2026-02-23,T-mobile,Utilities:Phone,-231.0
2026-02-23,Enterprises,Home,-3.25
2026-02-23,Amazon,Shopping:Electronics,-126.79
2026-02-23,T Mobile,Utilities:Phone,-138.1
2026-02-23,Starbucks,Dining & Drinks:Restaurants,-3.81
2026-02-23,IRS,Taxes:Federal Tax,-14230.37
2026-02-23,Amazon Prime,Shopping,-16.53
2026-02-23,Chipotle,Dining & Drinks:Restaurants,-27.08
2026-02-23,Panda Express,Dining & Drinks:Restaurants,-2.48
2026-02-23,Amazon Prime,Shopping,-3.3
2026-02-23,ATM,Cash & ATM,-100.0
2026-02-23,Panda Express,Dining & Drinks:Restaurants,-2.76
2026-02-23,Enterprises,Home,-3.0
2026-02-23,QFC Foods,Groceries,-17.65
2026-02-23,Enterprises,Home,-2.75
2026-02-23,Enterprises,Home,-1.25
2026-02-25,El Rinconsito,Dining & Drinks:Restaurants,-49.45
2026-02-25,Panda Express,Dining & Drinks:Restaurants,-2.76
2026-02-25,QFC Foods,Groceries,-36.79
2026-02-25,Valentinas Tailoring,Shopping:Clothing,-63.97
2026-02-26,Chevron,Auto & Transport:Gas & Fuel,-53.79
2026-02-26,Panda Express,Dining & Drinks:Restaurants,-2.48
2026-02-27,QFC Foods,Groceries,-12.06
2026-02-27,IRS,Taxes:Federal Tax,-23440.0
2026-03-02,Panda Express,Dining & Drinks:Restaurants,-2.76
2026-03-02,Shake Shack,Dining & Drinks:Restaurants,-39.19
2026-03-02,Huel,Dining & Drinks:Restaurants,-178.69
2026-03-02,Amazon,Shopping,-6.61
2026-03-02,Chase Mortgage,Home:Mortgage,-5712.04
2026-03-02,Five Guys,Dining & Drinks:Restaurants,-36.5
2026-03-02,Panda Express,Dining & Drinks:Restaurants,-2.48
2026-03-02,Panda Express,Dining & Drinks:Restaurants,-45.93
2026-03-02,Squarespace,Home,-9.27
2026-03-02,Chipotle,Dining & Drinks:Restaurants,-21.29
2026-03-03,Amli Spring District,Home:Rent,-3190.59
2026-03-03,QFC Foods,Groceries,-33.03
2026-03-03,Panda Express,Dining & Drinks:Restaurants,-1.32
2026-03-03,Amazon,Shopping:Electronics,-16.53
2026-03-04,Bellevue Dental Care,Health:Dentist,-63.6
2026-03-04,Starbucks,Dining & Drinks:Restaurants,-3.81
2026-03-05,Panda Express,Dining & Drinks:Restaurants,-2.76
2026-03-05,Starbucks,Dining & Drinks:Restaurants,-3.81
2026-03-05,AIG,Financial:Life Insurance,-102.03
2026-03-06,Panda Express,Dining & Drinks:Restaurants,-2.76
2026-03-06,Job.com,Home,-71.4
2026-03-09,Five Guys,Dining & Drinks:Restaurants,-36.5
2026-03-09,Assurant Insurance,Financial,-104.0
2026-03-09,PCC Market,Groceries,-11.97
2026-03-09,Chipotle,Dining & Drinks:Restaurants,-21.29
2026-03-09,Mod Pizza,Dining & Drinks:Restaurants,-51.25
2026-03-09,Netflix,Entertainment,-27.55
2026-03-09,Panda Express,Dining & Drinks:Restaurants,-2.76
2026-03-09,Panda Express,Dining & Drinks:Restaurants,-2.48
2026-03-09,Shake Shack,Dining & Drinks:Restaurants,-27.04
2026-03-09,QFC Foods,Groceries,-38.92
2026-03-11,Panda Express,Dining & Drinks:Restaurants,-2.76
2026-03-12,YouTube,Entertainment,-15.43
2026-03-12,Gieco,Auto & Transport:Car Insurance,-108.79
2026-03-12,Panda Express,Dining & Drinks:Restaurants,-2.76
2026-03-13,Panda Express,Dining & Drinks:Restaurants,-2.76
2026-03-13,Mayuri,Dining & Drinks:Restaurants,-53.97
2026-03-16,Daves Hot Chicken,Dining & Drinks:Restaurants,-44.96
2026-03-16,Panda Express,Dining & Drinks:Restaurants,-2.76
2026-03-16,Comcast,Utilities,-105.52
2026-03-16,Starbucks,Dining & Drinks:Restaurants,-3.81
2026-03-16,Shake Shack,Dining & Drinks:Restaurants,-44.16
2026-03-16,Panda Express,Dining & Drinks:Restaurants,-2.48
2026-03-16,Barber Shop,Personal Care:Hair,-62.5
2026-03-16,ATM,Cash & ATM,-100.0
2026-03-16,Uniqlo,Shopping,-21.84
2026-03-16,Soylent,Groceries,-200.0
2026-03-16,Whole Foods,Groceries,-23.09
2026-03-16,El Rinconsito,Dining & Drinks:Restaurants,-45.24
2026-03-16,Chipotle,Dining & Drinks:Restaurants,-10.31
2026-03-17,QFC Foods,Groceries,-17.22
2026-03-17,PSE,Utilities:Gas & Electric,-45.9
2026-03-17,Amazon,Shopping:Electronics,-22.05
2026-03-18,Panda Express,Dining & Drinks:Restaurants,-2.76
2026-03-18,Linkedin,Home,-22.05
2026-03-19,Panda Express,Dining & Drinks:Restaurants,-2.76
2026-03-20,Google,Software ,-22.05
2026-03-20,QFC Foods,Groceries,-7.98
2026-03-20,T Mobile,Utilities:Phone,-66.1
2026-03-20,Maria,Cleaning,-180.0
2026-03-20,Panda Express,Dining & Drinks:Restaurants,-2.76
2026-03-23,Chipotle,Dining & Drinks:Restaurants,-21.29
2026-03-23,Amazon Prime,Shopping,-16.53
2026-03-23,Lan Foot Spa,Personal Care,-80.5
2026-03-23,Amazon Prime,Shopping,-3.3
2026-03-23,Mayuri,Dining & Drinks:Restaurants,-2.76
2026-03-23,QFC Foods,Groceries,-24.25
2026-03-23,Panda Express,Dining & Drinks:Restaurants,-2.76
2026-03-23,Mod Pizza,Dining & Drinks:Restaurants,-19.72
2026-03-23,Shake Shack,Dining & Drinks:Restaurants,-27.04
2026-03-23,Starbucks,Dining & Drinks:Restaurants,-3.81
2026-03-23,QFC Foods,Groceries,-21.35
2026-03-23,Panda Express,Dining & Drinks:Restaurants,-2.76
2026-03-24,Panda Express,Dining & Drinks:Restaurants,-2.76
2026-03-24,WA Dol Lic,Auto & Transport,-558.53
2026-03-25,Panda Express,Dining & Drinks:Restaurants,-2.76
2026-03-25,Amazon,Shopping:Electronics,-9.92
2026-03-25,Shell,Auto & Transport:Gas & Fuel,-63.54
2026-03-26,Panda Express,Dining & Drinks:Restaurants,-2.76
2026-03-27,Panda Express,Dining & Drinks:Restaurants,-2.48
2026-03-30,Starbucks,Dining & Drinks:Restaurants,-3.81
2026-03-30,Starbucks,Dining & Drinks:Restaurants,-3.81
2026-03-30,Amazon,Shopping,-6.61
2026-03-30,Mod Pizza,Dining & Drinks:Restaurants,-21.69
2026-03-30,Uwajimaya,Groceries,-4.42
2026-03-30,QFC Foods,Groceries,-50.51
2026-03-30,PCC Market,Groceries,-5.99
2026-03-30,Chipotle,Dining & Drinks:Restaurants,-21.29
2026-03-30,Five Guys,Dining & Drinks:Restaurants,-40.06
2026-03-30,Squarespace,Home,-9.27
2026-03-30,Mayuri,Dining & Drinks:Restaurants,-12.97
2026-03-31,Vending Machine,Dining & Drinks:Restaurants,-3.6
2026-03-31,Panda Express,Dining & Drinks:Restaurants,-1.32
2026-04-01,Chase Mortgage,Home:Mortgage,-5712.04
2026-04-01,Panda Express,Dining & Drinks:Restaurants,-2.76
2026-04-02,Alimony,Home,-1770.0
2026-04-02,Panda Express,Dining & Drinks:Restaurants,-1.32
2026-04-02,Chipotle,Dining & Drinks:Restaurants,-14.78
2026-04-03,Amli Spring District,Home:Rent,-3188.6
2026-04-03,Ezells Famous Chicken,Dining & Drinks:Restaurants,-23.48
2026-04-03,Panda Express,Dining & Drinks:Restaurants,-2.76
2026-04-03,Whole Foods,Groceries,-49.82
2026-04-03,QFC Foods,Groceries,-3.19
2026-04-03,AIG,Financial:Life Insurance,-102.03
2026-04-06,Panda Express,Dining & Drinks:Restaurants,-46.45
2026-04-06,Chipotle,Dining & Drinks:Restaurants,-21.95
2026-04-06,Panda Express,Dining & Drinks:Restaurants,-2.76
2026-04-06,Dick's Drive In,Dining & Drinks:Restaurants,-4.47
2026-04-06,El Rinconsito,Dining & Drinks:Restaurants,-49.84
2026-04-06,Jimmy John's,Dining & Drinks:Restaurants,-15.2
2026-04-06,Mayuri,Dining & Drinks:Restaurants,-25.95
2026-04-06,Shake Shack,Dining & Drinks:Restaurants,-30.09
2026-04-06,Amazon,Shopping:Electronics,-14.19
2026-04-06,Relaxing Station,Personal Care:Spa,-57.0
2026-04-06,Fob Poke Bar,Dining & Drinks:Bars,-7.94
2026-04-06,Dick's Drive In,Dining & Drinks:Restaurants,-10.42
2026-04-06,Target,Groceries,-9.92
2026-04-06,Voodoo Doughnut,Dining & Drinks:Restaurants,-4.75
2026-04-06,QFC Foods,Groceries,-11.29
2026-04-06,Garlic Crush,Dining & Drinks,-25.58
2026-04-06,Fob Poke Bar,Dining & Drinks:Bars,-18.67
2026-04-06,Uwajimaya,Groceries,-20.71
2026-04-07,Belle Pastry,Dining & Drinks:Restaurants,-4.9
2026-04-07,Panda Express,Dining & Drinks:Restaurants,-2.48
2026-04-07,Dote Coffee Bar,Home,-16.05
2026-04-07,Amazon,Shopping:Electronics,-30.94
2026-04-08,Dote Coffee Bar,Home,-14.28
2026-04-08,Panda Express,Dining & Drinks:Restaurants,-2.98
2026-04-08,Chipotle,Dining & Drinks:Restaurants,-21.51
2026-04-08,Wa Dol Lic,Auto & Transport,-84.25
2026-04-08,Chick-Fil-A,Dining & Drinks:Restaurants,-17.54
2026-04-08,Netflix,Entertainment,-27.55
2026-04-08,Safeway,Groceries,-2.49
2026-04-09,Baskin #xx1844 Bellevue Wa 04/08,Dining & Drinks:Restaurants,-5.49
2026-04-09,Wibbley's Burgers Bellevue Wa 04/08,Dining & Drinks:Restaurants,-19.28
2026-04-09,Wibbley's Burgers Bellevue Wa 04/08,Dining & Drinks:Restaurants,-0.43
2026-04-09,QFC Foods,Groceries,-37.84
2026-04-09,Chick-Fil-A,Dining & Drinks:Restaurants,-21.71
2026-04-09,Panda Express,Dining & Drinks:Restaurants,-2.98
2026-04-09,Tst*nanas Green Tea 202 Bellevue Wa 04/08,Dining & Drinks:Restaurants,-15.71
2026-04-10,Panda Express,Dining & Drinks:Restaurants,-2.98
2026-04-10,El Rinconsito,Dining & Drinks:Restaurants,-36.33
2026-04-10,Amazon,Shopping:Electronics,-74.96
2026-04-10,Daves Hot Chicken,Dining & Drinks:Restaurants,-24.25
2026-04-13,Chipotle,Dining & Drinks:Restaurants,-21.95
2026-04-13,Panda Express,Dining & Drinks:Restaurants,-2.98
2026-04-13,Shake Shack,Dining & Drinks:Restaurants,-27.04
2026-04-13,YouTube,Entertainment,-15.43
2026-04-13,Jimmy John's,Dining & Drinks:Restaurants,-15.2
2026-04-13,Panda Express,Dining & Drinks:Restaurants,-2.98
2026-04-13,Garlic Crush,Dining & Drinks,-25.58
2026-04-13,Enterprises,Home,-1.25
2026-04-13,Chick-Fil-A,Dining & Drinks:Restaurants,-19.24
2026-04-13,Panda Express,Dining & Drinks:Restaurants,-47.77
2026-04-13,Enterprises,Home,-3.75
2026-04-13,Amazon,Shopping:Electronics,-23.13
2026-04-13,Gieco,Auto & Transport:Car Insurance,-55.22
2026-04-13,Chipotle,Dining & Drinks:Restaurants,-34.91
2026-04-13,Chick-Fil-A,Dining & Drinks:Restaurants,-17.54
2026-04-13,Coffee House,Groceries,-12.41
2026-04-13,QFC Foods,Groceries,-30.83
2026-04-13,Bellevue School District,Education:Tuition,-125.0
2026-04-14,CVS,Health:Pharmacy,-5.52
2026-04-14,Jimmy John's,Dining & Drinks:Restaurants,-15.2
2026-04-14,Starbucks,Dining & Drinks:Restaurants,-3.81
2026-04-16,Broiler Bay,Dining & Drinks:Restaurants,-19.8
2026-04-16,Starbucks,Dining & Drinks:Restaurants,-3.81
2026-04-16,PSE,Utilities:Gas & Electric,-42.13
2026-04-16,Mod Pizza,Dining & Drinks:Restaurants,-19.72
2026-04-16,Comcast,Utilities,-105.52
2026-04-16,Amazon,Shopping:Electronics,-19.19
2026-04-16,CVS,Health:Pharmacy,-5.52
2026-04-17,Chipotle,Dining & Drinks:Restaurants,-9.27
2026-04-17,QFC Foods,Groceries,-33.21
2026-04-17,QFC Foods,Groceries,-5.52
2026-04-20,Federal Express,Home,-29.77
2026-04-20,Shake Shack,Dining & Drinks:Restaurants,-44.16
2026-04-20,Starbucks,Dining & Drinks:Restaurants,-3.81
2026-04-20,ATM,Cash & ATM,-100.0
2026-04-20,T Mobile,Utilities:Phone,-77.1
2026-04-20,Five Guys,Dining & Drinks:Restaurants,-36.5
2026-04-20,CVS,Health:Pharmacy,-5.52
2026-04-20,Panda Express,Dining & Drinks:Restaurants,-47.69
2026-04-20,Amazon,Shopping:Electronics,-26.99
2026-04-20,Linkedin,Home,-22.05
2026-04-20,Google,Software ,-22.05
2026-04-20,El Rinconsito,Dining & Drinks:Restaurants,-57.04
2026-04-20,Uber,Auto & Transport,-12.94
2026-04-20,Uber,Auto & Transport,-9.98
2026-04-20,Uber,Auto & Transport,-13.93
2026-04-20,CVS,Health:Pharmacy,-11.45
2026-04-21,Amazon Prime,Shopping,-16.53
2026-04-21,Starbucks,Dining & Drinks:Restaurants,-3.81
2026-04-22,Amazon Prime,Shopping,-5.5
2026-04-22,Mac Towing/ibsen To Gosq.com Wa 04/21,Auto & Transport:Parking,-282.03
2026-04-24,QFC Foods,Groceries,-38.19
2026-04-24,CVS,Health:Pharmacy,-5.52
2026-04-27,Chevron,Auto & Transport:Gas & Fuel,-63.48
2026-04-27,Panda Express,Dining & Drinks:Restaurants,-32.79
2026-04-27,Starbucks,Dining & Drinks:Restaurants,-3.25
2026-04-27,Mcdonald's,Dining & Drinks:Restaurants,-14.0
2026-04-27,Wal-mart,Shopping,-25.99
2026-04-27,Sf Over Georgia Food Austell Ga 04/26,Dining & Drinks,-12.18
2026-04-27,Sf Over Georgia Food Austell Ga 04/26,Dining & Drinks,-6.35
2026-04-27,Starbucks,Dining & Drinks:Restaurants,-3.25
2026-04-27,Uber,Auto & Transport,-9.95
2026-04-27,Marta,Auto & Transport:Public Transportation,-2.5
2026-04-27,Shake Shack,Dining & Drinks:Restaurants,-27.04
2026-04-27,Panda Express,Dining & Drinks:Restaurants,-2.98
2026-04-27,Maria,Cleaning,-190.0
2026-04-27,Mercedes-benz Stadium,Entertainment,-8.71
2026-04-27,Bellevue School District,Education:Tuition,-1655.0
2026-04-28,Baraka Shawarma,Dining & Drinks,-33.93
2026-04-28,Amazon,Shopping:Electronics,-9.87
2026-04-28,Uber,Auto & Transport,-2.0
2026-04-28,Baraka Shawarma,Dining & Drinks,-2.03
2026-04-28,Py *rocks Chicken & Fri Atlanta Ga 04/27,Dining & Drinks:Restaurants,-28.4
2026-04-28,Panda Express,Dining & Drinks:Restaurants,-2.98
2026-04-29,QFC Foods,Groceries,-40.77
2026-04-29,Squarespace,Home,-9.27
2026-04-29,Panda Express,Dining & Drinks:Restaurants,-2.98
2026-04-29,Py *rocks Chicken & Fri Atlanta Ga 04/28,Dining & Drinks:Restaurants,-6.85
2026-04-29,Uber,Auto & Transport,-10.96
2026-04-30,QFC Foods,Groceries,-13.8
2026-04-30,Amazon,Shopping:Electronics,-30.87
2026-04-30,Starbucks,Dining & Drinks:Restaurants,-14.37
2026-04-30,Vending,Dining & Drinks:Restaurants,-3.5
2026-04-30,Wifionboard Alaska Www.wifionboa Il 04/29,Travel:Airfare,-8.0
2026-04-30,Cash App Transfer,Investments ,-200.0
2026-04-30,Amazon,Shopping,-6.61
2026-04-30,Panda Express,Dining & Drinks:Restaurants,-2.98
2026-04-30,Cash app Transfer,Investments ,-200.0
2026-04-30,Mercedes-benz Stadium,Entertainment,-13.07
2026-04-30,Atl Airp Market C31 Atlanta Ga 04/29,Groceries,-5.38
2026-05-01,Vending Machine,Dining & Drinks:Restaurants,-3.6
2026-05-01,Alimony,Home,-1770.0
2026-05-01,Panda Express,Dining & Drinks:Restaurants,-2.98
2026-05-01,Chase Mortgage,Home:Mortgage,-5712.04
2026-05-01,Chipotle,Dining & Drinks:Restaurants,-10.97
2026-05-04,Amazon,Shopping:Electronics,-59.99
2026-05-04,Enterprises,Home,-1.5
2026-05-04,Claude,Education:Tuition,-22.06
2026-05-04,Enterprises,Home,-3.25
2026-05-04,Panda Express,Dining & Drinks:Restaurants,-2.68
2026-05-04,Vending Machine,Dining & Drinks:Restaurants,-3.6
2026-05-04,El Rinconsito,Dining & Drinks:Restaurants,-58.44
2026-05-04,Panda Express,Dining & Drinks:Restaurants,-2.68
2026-05-04,Mod Pizza,Dining & Drinks:Restaurants,-35.81
2026-05-04,Panda Express,Dining & Drinks:Restaurants,-44.79
2026-05-04,Ezells Famous Chicken,Dining & Drinks:Restaurants,-30.3
2026-05-04,QFC Foods,Groceries,-29.5
2026-05-04,Five Guys,Dining & Drinks:Restaurants,-40.06
2026-05-04,Enterprises,Home,-1.25
2026-05-04,Vending Machine,Dining & Drinks:Restaurants,-2.1
2026-05-05,Amli Spring District,Home:Rent,-3190.15
2026-05-05,Panda Express,Dining & Drinks:Restaurants,-1.32
2026-05-05,AIG,Financial:Life Insurance,-102.03
2026-05-06,Amazon,Shopping:Electronics,-22.03
2026-05-06,Panda Express,Dining & Drinks:Restaurants,-2.98
2026-05-07,Panda Express,Dining & Drinks:Restaurants,-2.98
2026-05-08,Panda Express,Dining & Drinks:Restaurants,-2.98
2026-05-08,Netflix,Entertainment,-30.86
2026-05-11,Bitcoin,Investments ,-200.0
2026-05-11,Chipotle,Dining & Drinks:Restaurants,-21.95
2026-05-11,Five Guys,Dining & Drinks:Restaurants,-38.15
2026-05-11,Starbucks,Dining & Drinks:Restaurants,-20.74
2026-05-11,QFC Foods,Groceries,-39.24
2026-05-11,El Rinconsito,Dining & Drinks:Restaurants,-56.83
2026-05-11,Amazon,Shopping:Electronics,-75.68
2026-05-11,Starbucks,Dining & Drinks:Restaurants,-3.81
2026-05-11,ATM,Cash & ATM,-100.0
2026-05-11,Starbucks,Dining & Drinks:Restaurants,-3.81
2026-05-11,Panda Express,Dining & Drinks:Restaurants,-2.98
2026-05-11,Panda Express,Dining & Drinks:Restaurants,-3.42
2026-05-12,Ford,Auto & Transport:Service & Parts,-103.25
2026-05-12,Shell,Auto & Transport:Gas & Fuel,-38.18
2026-05-12,Gieco,Auto & Transport:Car Insurance,-948.56
2026-05-12,YouTube,Entertainment,-15.43
2026-05-12,Panda Express,Dining & Drinks:Restaurants,-3.42
2026-05-13,Chipotle,Dining & Drinks:Restaurants,-28.73
2026-05-13,Chick-Fil-A,Dining & Drinks:Restaurants,-29.06
2026-05-13,Amazon,Shopping:Electronics,-8.99
2026-05-13,Panda Express,Dining & Drinks:Restaurants,-2.54
2026-05-14,Shake Shack,Dining & Drinks:Restaurants,-27.04
2026-05-14,Chipotle,Dining & Drinks:Restaurants,-21.95
2026-05-14,Panda Express,Dining & Drinks:Restaurants,-47.77
2026-05-14,Chevron,Auto & Transport:Gas & Fuel,-66.96
2026-05-14,Huel,Dining & Drinks:Restaurants,-120.96
2026-05-14,ATM,Cash & ATM,-200.0
2026-05-15,QFC Foods,Groceries,-23.58
2026-05-15,PSE,Utilities:Gas & Electric,-40.72
2026-05-15,Panda Express,Dining & Drinks:Restaurants,-2.68
2026-05-18,Linkedin,Home,-44.11
2026-05-18,Starbucks,Dining & Drinks:Restaurants,-3.81
2026-05-18,Shake Shack,Dining & Drinks:Restaurants,-39.19
2026-05-18,Comcast,Utilities,-105.52
2026-05-18,Five Guys,Dining & Drinks:Restaurants,-36.5
2026-05-18,Barber Shop,Personal Care:Hair,-62.5
2026-05-18,El Rinconsito,Dining & Drinks:Restaurants,-59.07
2026-05-18,Panda Express,Dining & Drinks:Restaurants,-2.68
2026-05-18,Chipotle,Dining & Drinks:Restaurants,-14.56
2026-05-20,Google,Software ,-22.05
2026-05-20,T Mobile,Utilities:Phone,-87.1
2026-05-20,Amli Vending,Home,-2.0
2026-05-21,College Board,Financial,-68.0
2026-05-21,B & R Automotive,Auto & Transport:Service & Parts,-529.84
2026-05-21,QFC Foods,Groceries,-54.38
2026-05-21,Relaxing Station,Personal Care:Spa,-57.0
2026-05-21,Enterprises,Home,-2.0
2026-05-21,Amazon Prime,Shopping,-16.53
2026-05-22,Amazon Prime,Shopping,-5.5
2026-05-22,Panda Express,Dining & Drinks:Restaurants,-1.32
2026-05-26,Panda Express,Dining & Drinks:Restaurants,-1.32
2026-05-26,ATM,Cash & ATM,-100.0
2026-05-26,Panda Express,Dining & Drinks:Restaurants,-1.32
2026-05-26,Starbucks,Dining & Drinks:Restaurants,-3.81
2026-05-26,Potbelly,Dining & Drinks:Restaurants,-40.04
2026-05-26,Panda Express,Dining & Drinks:Restaurants,-47.77
2026-05-26,Panda Express,Dining & Drinks:Restaurants,-2.98
2026-05-26,QFC Foods,Groceries,-30.84
2026-05-26,Starbucks,Dining & Drinks:Restaurants,-3.81
2026-05-26,Bellevue School District,Education:Tuition,-225.0
2026-05-26,QFC Foods,Groceries,-33.79
2026-05-26,Chipotle,Dining & Drinks:Restaurants,-21.95
2026-05-26,Shake Shack,Dining & Drinks:Restaurants,-44.16
2026-05-26,Starbucks,Dining & Drinks:Restaurants,-3.81
2026-05-27,Panda Express,Dining & Drinks:Restaurants,-2.68
2026-05-28,Panda Express,Dining & Drinks:Restaurants,-1.32
2026-05-29,Squarespace,Home,-9.27
2026-05-29,QFC Foods,Groceries,-25.24
2026-05-29,Starbucks,Dining & Drinks:Restaurants,-3.81
2026-06-01,Panda Express,Dining & Drinks:Restaurants,-2.68
2026-06-01,Amazon,Shopping,-6.61
2026-06-01,El Rinconsito,Dining & Drinks:Restaurants,-55.84
2026-06-01,Chipotle,Dining & Drinks:Restaurants,-34.91
2026-06-01,Shake Shack,Dining & Drinks:Restaurants,-4.96
2026-06-01,Panda Express,Dining & Drinks:Restaurants,-1.32
2026-06-01,Alimony,Home,-1070.0
2026-06-01,Chase Mortgage,Home:Mortgage,-5712.04
2026-06-01,Starbucks,Dining & Drinks:Restaurants,-3.81
2026-06-01,Shake Shack,Dining & Drinks:Restaurants,-42.4
2026-06-01,Hlth Code Xxx-xxx-8193 Tx 06/01,Uncategorized,-119.9
2026-06-02,Potbelly,Dining & Drinks:Restaurants,-17.92
2026-06-02,Amazon,Shopping:Electronics,-22.05
2026-06-02,Panda Express,Dining & Drinks:Restaurants,-2.98
2026-06-02,Starbucks,Dining & Drinks:Restaurants,-3.81
2026-06-03,Amli Spring District,Home:Rent,-3186.49
2026-06-03,Panda Express,Dining & Drinks:Restaurants,-2.98
2026-06-03,AIG,Financial:Life Insurance,-102.03
2026-06-03,Zia Lunch,Dining & Drinks,-252.95
2026-06-04,Claude,Groceries,-22.06
2026-06-04,QFC Foods,Groceries,-45.49
2026-06-04,Panda Express,Dining & Drinks:Restaurants,-2.98
2026-06-05,Panda Express,Dining & Drinks:Restaurants,-2.98
2026-06-06,Le Schwab Tires,Home,-394.34
2026-06-08,Panda Express,Dining & Drinks:Restaurants,-49.87
2026-06-08,Shake Shack,Dining & Drinks:Restaurants,-39.75
2026-06-08,QFC Foods,Groceries,-36.49
2026-06-08,AWS Learning,Home,-132.36
2026-06-08,Starbucks,Dining & Drinks:Restaurants,-3.81
2026-06-08,Panda Express,Dining & Drinks:Restaurants,-2.68
2026-06-08,Vehicle Licensing,Fees & Charges,-210.12
2026-06-08,Netflix,Entertainment,-30.86
2026-06-08,Ezells Famous Chicken,Dining & Drinks:Restaurants,-32.3
2026-06-08,Chipotle,Dining & Drinks:Restaurants,-21.95
2026-06-09,Huel,Dining & Drinks:Restaurants,-178.69
2026-06-09,Amazon,Shopping:Electronics,-47.99
2026-06-09,Panda Express,Dining & Drinks:Restaurants,-1.32
2026-06-10,Panda Express,Dining & Drinks:Restaurants,-2.98
2026-06-10,QFC Foods,Groceries,-28.24
2026-06-11,Panda Express,Dining & Drinks:Restaurants,-2.98
2026-06-11,Relaxing Station,Personal Care:Spa,-57.0
2026-06-12,Panda Express,Dining & Drinks:Restaurants,-2.98
2026-06-12,YouTube,Entertainment,-17.64
2026-06-12,Gieco,Auto & Transport:Car Insurance,-501.89
2026-06-12,Chevron,Auto & Transport:Gas & Fuel,-66.15
2026-06-15,Whole Foods,Groceries,-51.84
2026-06-15,Chipotle,Dining & Drinks:Restaurants,-10.97
2026-06-15,Maria,Cleaning,-190.0
2026-06-15,Shake Shack,Dining & Drinks:Restaurants,-27.6
2026-06-15,Panda Express,Dining & Drinks:Restaurants,-2.98
2026-06-15,Mod Pizza,Dining & Drinks:Restaurants,-21.38
2026-06-15,Panda Express,Dining & Drinks:Restaurants,-2.68
2026-06-15,Bellevue School District,Education:Tuition,-1600.0
2026-06-15,Dote Coffee Bar,Home,-5.73
2026-06-15,Panda Express,Dining & Drinks:Restaurants,-32.79
2026-06-16,Panda Express,Dining & Drinks:Restaurants,-2.98
2026-06-16,Comcast,Utilities,-105.52
2026-06-16,PSE,Utilities:Gas & Electric,-41.29
2026-06-17,Valentinas Tailoring,Shopping:Clothing,-77.21
2026-06-17,Panda Express,Dining & Drinks:Restaurants,-2.98
2026-06-18,Linkedin,Home,-44.11
2026-06-18,Panda Express,Dining & Drinks:Restaurants,-2.98
2026-06-18,Sp Jimmy Joy Food Amsterdam 06/17,Dining & Drinks:Fast Food,-131.52
2026-06-19,Claude,Software ,-220.6
2026-06-22,Panda Express,Dining & Drinks:Restaurants,-2.98
2026-06-22,T Mobile,Utilities:Phone,-77.1
2026-06-22,Google,Software ,-22.05
2026-06-22,Panda Express,Dining & Drinks:Restaurants,-2.68
2026-06-22,Amazon,Shopping:Electronics,-16.53
2026-06-22,Soylent,Groceries,-186.0
2026-06-22,Chipotle,Dining & Drinks:Restaurants,-10.97
2026-06-22,Amazon Prime,Shopping,-16.53
2026-06-22,Mod Pizza,Dining & Drinks:Restaurants,-21.38
2026-06-22,Panda Express,Dining & Drinks:Restaurants,-32.79
2026-06-22,Amazon Prime,Shopping,-5.5
2026-06-22,Shake Shack,Dining & Drinks:Restaurants,-27.6
2026-06-22,QFC Foods,Groceries,-44.6
2026-06-22,Starbucks,Dining & Drinks:Restaurants,-3.81
2026-06-24,Panda Express,Dining & Drinks:Restaurants,-2.98
2026-06-25,Panda Express,Dining & Drinks:Restaurants,-2.98
2026-06-25,Huel,Dining & Drinks:Restaurants,-120.96
2026-06-26,QFC Foods,Groceries,-27.91
2026-06-26,Panda Express,Dining & Drinks:Restaurants,-2.98
2026-06-29,Mod Pizza,Dining & Drinks:Restaurants,-56.54
2026-06-29,QFC Foods,Groceries,-18.18
2026-06-29,Panda Express,Dining & Drinks:Restaurants,-2.98
2026-06-29,Shake Shack,Dining & Drinks:Restaurants,-45.26
2026-06-29,Panda Express,Dining & Drinks:Restaurants,-2.28
2026-06-29,Chipotle,Dining & Drinks:Restaurants,-21.95
2026-06-29,Barber Shop,Personal Care:Hair,-50.0
2026-06-29,Squarespace,Home,-9.27
2026-06-29,Five Guys,Dining & Drinks:Restaurants,-37.82
2026-06-30,Amazon,Shopping:Electronics,-11.99
2026-06-30,Amazon,Shopping,-6.61
2026-06-30,Panda Express,Dining & Drinks:Restaurants,-2.98
2026-07-01,Chase Mortgage,Home:Mortgage,-5712.04
2026-07-01,Panda Express,Dining & Drinks:Restaurants,-2.98
2026-07-01,Alimony,Home,-1770.0
2026-07-01,College Counseling,Education:Tuition,-1090.0
2026-07-03,QFC Foods,Groceries,-54.47
2026-07-03,AIG,Financial:Life Insurance,-102.03
2026-07-03,Panda Express,Dining & Drinks:Restaurants,-2.98
2026-07-03,Amli Spring District,Home:Rent,-3176.05
2026-07-06,Chipotle,Dining & Drinks:Restaurants,-21.95
2026-07-06,Ihop,Dining & Drinks:Restaurants,-39.81
2026-07-06,QFC Foods,Groceries,-8.49
2026-07-06,Panda Express,Dining & Drinks:Restaurants,-32.79
2026-07-06,Panda Express,Dining & Drinks:Restaurants,-1.32
2026-07-06,Shake Shack,Dining & Drinks:Restaurants,-27.6
2026-07-06,Panda Express,Dining & Drinks:Restaurants,-2.98
2026-07-06,Amazon,Shopping:Electronics,-40.8
2026-07-06,Amazon,Shopping:Electronics,-24.99
2026-07-06,Claude,Groceries,-22.06
2026-07-07,Relaxing Station,Personal Care:Spa,-57.0
2026-07-08,Netflix,Entertainment,-30.86
2026-07-09,Panda Express,Dining & Drinks:Restaurants,-1.32
2026-07-09,QFC Foods,Groceries,-29.99
2026-07-10,Panda Express,Dining & Drinks:Restaurants,-2.98
2026-07-10,QFC Foods,Groceries,-9.44
2026-07-12,Gas Station,Groceries,-52.3
2026-07-13,YouTube,Entertainment,-17.64
2026-07-13,ATM,Cash & ATM,-100.0
2026-07-13,Panda Express,Dining & Drinks:Restaurants,-47.77
2026-07-13,Amazon,Shopping:Electronics,-27.54
2026-07-13,Ezells Famous Chicken,Dining & Drinks:Restaurants,-26.23
2026-07-13,QFC Foods,Groceries,-6.68
2026-07-13,Wyzant Xxx-xxx-6365 Ca 07/11,Uncategorized,-21.8
2026-07-13,Panda Express,Dining & Drinks:Restaurants,-2.98
2026-07-13,Jersey Mikes,Dining & Drinks:Restaurants,-43.14
2026-07-13,Five Guys,Dining & Drinks:Restaurants,-37.82
2026-07-13,Starbucks,Dining & Drinks:Restaurants,-3.81
2026-07-13,Gieco,Auto & Transport:Car Insurance,-501.88
2026-07-15,Wyzant Xxx-xxx-6365 Ca 07/15,Uncategorized,-21.8
2026-07-16,Panda Express,Dining & Drinks:Restaurants,-1.32
2026-07-16,Comcast,Utilities,-105.52
2026-07-17,Panda Express,Dining & Drinks:Restaurants,-2.98
2026-07-17,PSE,Utilities:Gas & Electric,-55.97
2026-07-20,Linkedin,Home,-44.11
2026-07-20,Amazon,Shopping:Electronics,-14.98
2026-07-20,QFC Foods,Groceries,-39.65
2026-07-20,Panda Express,Dining & Drinks:Restaurants,-32.79
2026-07-20,Starbucks,Dining & Drinks:Restaurants,-9.76
2026-07-20,Wyzant Xxx-xxx-6365 Ca 07/18,Uncategorized,-21.8
2026-07-20,Panda Express,Dining & Drinks:Restaurants,-1.32
2026-07-20,Panda Express,Dining & Drinks:Restaurants,-2.98
2026-07-20,Chipotle,Dining & Drinks:Restaurants,-10.97
2026-07-20,T Mobile,Utilities:Phone,-77.1
2026-07-20,Mcdonald's,Dining & Drinks:Fast Food,-7.93
2026-07-20,Shake Shack,Dining & Drinks:Restaurants,-27.6
2026-07-20,Google,Software ,-22.05
2026-07-21,Shell,Auto & Transport:Gas & Fuel,-149.23
2026-07-21,Card Replacement Fee 1049055,Fees & Charges,-15.0
2026-07-21,Amazon Prime,Shopping,-16.53
2026-07-21,Home Depot,Home:Home Improvement,-26.3
2026-07-21,Panda Express,Dining & Drinks:Restaurants,-2.98
2026-07-21,Target,Groceries,-18.12
2026-07-22,Amazon Prime,Shopping,-5.5
